list	entry	identifier or URL	list counts for the entry	description as the list gives it	eligible	reason
alternativeto:Typora	Joplin	https://alternativeto.net/software/typora/ (list page; entry link not captured)	rank=1; page=1; 947 likes; alternatives-listed-for-this-entry=241; license=Freemium Open Source (AGPL-3.0)	Open source app for managing notes and to-dos with Markdown support. Syncs seamlessly across devices using services like Dropbox and OneDrive. Offers end-to-end encrypted synchronicity, offline access, rich import/export options, and a Web Clipper for browsers.	in	R2: description names Markdown (application types: Note-taking / Todo List Manager)
alternativeto:Typora	Zettlr	https://alternativeto.net/software/typora/ (list page; entry link not captured)	rank=2; page=1; 270 likes; alternatives-listed-for-this-entry=260; license=Free Open Source (GPL-3.0)	Unified writing platform offering note-taking, easy citations with Zotero integration, LaTeX/Word templates, snippets, themes, dark modes, code highlighting, multi-language support, and knowledge management with Zettelkasten for seamless writing from notes to books.	undecidable	R3: a notes, text or terminal tool whose description does not mention Markdown (application types: Note-taking / Text Editor)
alternativeto:Typora	HelixNotes	https://alternativeto.net/software/typora/ (list page; entry link not captured)	rank=3; page=1; 30 likes; alternatives-listed-for-this-entry=168; license=Free Open Source (AGPL-3.0)	HelixNotes is a local markdown note-taking app built with Rust, Tauri 2.0, and SvelteKit. Your notes are standard .md files on your filesystem - sync with whatever you want or nothing at all.	in	R2: description names Markdown (application types: Note-taking / Todo List Manager)
alternativeto:Typora	Beaver Notes	https://alternativeto.net/software/typora/ (list page; entry link not captured)	rank=4; page=1; 79 likes; alternatives-listed-for-this-entry=118; license=Free Open Source (MIT)	Your personal note-taking haven for privacy and efficiency.	undecidable	R3: a notes, text or terminal tool whose description does not mention Markdown (application types: Note-taking / Todo List Manager)
alternativeto:Typora	SiYuan	https://alternativeto.net/software/typora/ (list page; entry link not captured)	rank=5; page=1; 85 likes; alternatives-listed-for-this-entry=not shown; license=Freemium Open Source (AGPL-3.0)	SiYuan is a desktop Markdown Block-Reference and Bidirectional-Link note-taking application.	in	R2: description names Markdown (application types: Note-taking / Todo List Manager)
alternativeto:Typora	ghostwriter	https://alternativeto.net/software/typora/ (list page; entry link not captured)	rank=6; page=1; 116 likes; alternatives-listed-for-this-entry=159; license=Free Open Source (GPL-3.0)	ghostwriter is a feature-rich text editor using Markdown syntax which makes it suitable for note-taking, document redaction, simple HTML website creation and much more.	in	R2: description names Markdown (application types: Text Editor / Note-taking)
alternativeto:Typora	MarkText	https://alternativeto.net/software/typora/ (list page; entry link not captured)	rank=7; page=1; 122 likes; alternatives-listed-for-this-entry=141; license=Free Open Source (MIT)	Open-source Markdown editor on Mac, Windows, and Linux offering real-time preview, clean interface, and various themes. Supports math expressions, exports HTML/PDF, allows image pasting, and more.	out	R1: description names Markdown but also a converter, linter, theme or snippet function
alternativeto:Typora	Trudido	https://alternativeto.net/software/typora/ (list page; entry link not captured)	rank=8; page=1; 20 likes; alternatives-listed-for-this-entry=61; license=Free Open Source (GPL-3.0)	Offline in-device task manager and note app featuring smart creation, advanced organization, calendar and list views, Markdown notes, secure SHA-256 encryption, Material You theming, multiple color themes, no tracking or ads, and import/export for total ownership.	out	R1: description names Markdown but also a converter, linter, theme or snippet function
alternativeto:Typora	Clearly Markdown	https://alternativeto.net/software/typora/ (list page; entry link not captured)	rank=9; page=1; 22 likes; alternatives-listed-for-this-entry=not shown; license=Free Open Source	Clean, native Markdown editor for macOS with syntax highlighting, real-time GitHub Flavored Markdown and Mermaid diagram preview, KaTeX math support, synchronized side-by-side editing, QuickLook integration, PDF export, format shortcuts, and no subscriptions.	in	R2: description names Markdown (application types: Text Editor)
alternativeto:Typora	Marknote	https://alternativeto.net/software/typora/ (list page; entry link not captured)	rank=10; page=1; 29 likes; alternatives-listed-for-this-entry=140; license=Free Open Source (GPL-2.0)	Marknote lets you create rich text notes and easily organise them into notebooks. You can personalise your notebooks by choosing an icon and accent color for each one, making it easy to distinguish between them and keep your notes at your fingertips.	undecidable	R3: a notes, text or terminal tool whose description does not mention Markdown (application types: Note-taking)
alternativeto:Typora	Reor	https://alternativeto.net/software/typora/ (list page; entry link not captured)	rank=11; page=1; 33 likes; alternatives-listed-for-this-entry=166; license=Free Open Source (AGPL-3.0); alerts=Discontinued	Reor is an AI-powered desktop note-taking app: it automatically links related ideas, answers questions on your notes and provides semantic search. Everything is stored locally and you can edit your notes with an Obsidian-like markdown editor.	in	R2: description names Markdown (application types: Note-taking)
alternativeto:Typora	Ferrite	https://alternativeto.net/software/typora/ (list page; entry link not captured)	rank=12; page=1; 14 likes; alternatives-listed-for-this-entry=63; license=Free Open Source (MIT)	Fast, native text editor supporting Markdown, JSON, YAML, and TOML with live preview, syntax highlighting, Mermaid diagrams, CSV/TSV viewing, collapsible trees, Git integration, regex find/replace, customizable themes, zen mode, and multi-language support.	out	R1: description names Markdown but also a converter, linter, theme or snippet function
alternativeto:Typora	iA Writer	https://alternativeto.net/software/typora/?p=2 (list page; entry link not captured)	rank=13; page=2; 99 likes; alternatives-listed-for-this-entry=153; license=Paid Proprietary	iA Writer is a pro tool for focused writing in Markdown, a simple formatting language. It offers features like Focus Mode, Style Check, Syntax Highlight, Wikilinks, and cross-platform compatibility.	in	R2: description names Markdown (application types: Note-taking / Text Editor)
alternativeto:Typora	StackEdit	https://alternativeto.net/software/typora/?p=2 (list page; entry link not captured)	rank=14; page=2; 91 likes; alternatives-listed-for-this-entry=94; license=Free Open Source (Apache-2.0); alerts=Discontinued	Full-featured, open-source Markdown editor based on PageDown, the Markdown library used by Stack Overflow and the other Stack Exchange sites.	in	R2: description names Markdown (application types: Text Editor / Note-taking)
alternativeto:Typora	Ulysses	https://alternativeto.net/software/typora/?p=2 (list page; entry link not captured)	rank=15; page=2; 74 likes; alternatives-listed-for-this-entry=188; license=Paid Proprietary	Ulysses is a text editor for creative writers. Used by bloggers, poets, students and published novelists all over the world, it offers an integrated environment to brainstorm, draft, revise and even submit text on a professional level.	undecidable	R3: a notes, text or terminal tool whose description does not mention Markdown (application types: Novel Authoring / Text Editor)
alternativeto:Typora	Constly	https://alternativeto.net/software/typora/?p=2 (list page; entry link not captured)	rank=16; page=2; 10 likes; alternatives-listed-for-this-entry=9; license=Freemium Proprietary	Constly is a WYSIWYG Markdown editor for macOS, Windows and Linux. It renders Markdown inline as you type - headings, bold, lists, tables, KaTeX math and Mermaid diagrams all appear in place, with the raw marks showing only where your cursor is.	in	R2: description names Markdown (application types: Text Editor)
alternativeto:Typora	Notefox	https://alternativeto.net/software/typora/?p=2 (list page; entry link not captured)	rank=17; page=2; 20 likes; alternatives-listed-for-this-entry=not shown; license=Free Open Source (MPL-2.0)	Take notes on any website, organize notes for whole domains or specific pages, access all in a management page, use export, import, tagging, search, sticky-notes, auto-saving, and customizable keyboard shortcuts, all in a locally stored browser extension.	undecidable	R3: a notes, text or terminal tool whose description does not mention Markdown (application types: Note-taking)
alternativeto:Typora	marka.md	https://alternativeto.net/software/typora/?p=2 (list page; entry link not captured)	rank=18; page=2; 12 likes; alternatives-listed-for-this-entry=56; license=Free Open Source (MIT)	A native macOS markdown editor specialized for AI context management. Live editor on the left (codemirror 6), rendered preview on the right (markdown-it + shiki + mermaid). Minimal Chrome, full catppuccin + matcha themes, macOS vibrancy, orange octopus mascot. ~10 MB bundle.	out	R1: description names Markdown but also a converter, linter, theme or snippet function
alternativeto:Typora	acreom	https://alternativeto.net/software/typora/?p=2 (list page; entry link not captured)	rank=19; page=2; 29 likes; alternatives-listed-for-this-entry=135; license=Freemium Open Source (GPL-3.0); alerts=Discontinued	acreom is an actionable personal knowledge base for developers. It helps developers ship faster by centralizing personal and team context in one place.	undecidable	R3: a notes, text or terminal tool whose description does not mention Markdown (application types: Note-taking / Todo List Manager)
alternativeto:Typora	Downright	https://alternativeto.net/software/typora/?p=2 (list page; entry link not captured)	rank=20; page=2; 7 likes; alternatives-listed-for-this-entry=not shown; license=Free Open Source (MIT)	Native macOS Markdown reader and editor with Document, Split, and Source views, customizable themes, Finder and Quick Look integration, real-time file monitoring, broad Markdown support, and the ability to review external file changes. Free and MIT licensed.	out	R1: description names Markdown but also a converter, linter, theme or snippet function
alternativeto:Typora	novelWriter	https://alternativeto.net/software/typora/?p=2 (list page; entry link not captured)	rank=21; page=2; 33 likes; alternatives-listed-for-this-entry=not shown; license=Free Open Source (GPL-3.0)	novelWriter is a Markdown-like text editor designed for writing novels and larger projects of many smaller plain text documents. It uses its own flavor of Markdown that supports a meta data syntax for comments, synopsis and cross-referencing between files.	in	R2: description names Markdown (application types: Novel Authoring / Note-taking)
alternativeto:Typora	VNote	https://alternativeto.net/software/typora/?p=2 (list page; entry link not captured)	rank=22; page=2; 39 likes; alternatives-listed-for-this-entry=93; license=Free Open Source (LGPL-3.0)	A Vim-inspired note-taking application that knows programmers and Markdown better.	in	R2: description names Markdown (application types: Note-taking)
alternativeto:Typora	Silverbullet	https://alternativeto.net/software/typora/?p=2 (list page; entry link not captured)	rank=23; page=2; 18 likes; alternatives-listed-for-this-entry=91; license=Free Open Source (MIT)	Silver Bullet is an extensible, open source, personal knowledge management system. Indeed, that’s fancy talk for “a note-taking app with links.” However, Silver Bullet goes a bit beyond just that.	undecidable	R3: a notes, text or terminal tool whose description does not mention Markdown (application types: Note-taking)
alternativeto:Typora	Notula	https://alternativeto.net/software/typora/?p=2 (list page; entry link not captured)	rank=24; page=2; 11 likes; alternatives-listed-for-this-entry=not shown; license=Free Proprietary	A WYSIWYG Markdown editor for docs as code, so the whole team can read, edit and comment on the .md files in your git repository, not only the people who use git.	in	R2: description names Markdown (application types: Team Collaboration / Text Editor)
alternativeto:Typora	Quoll Writer	https://alternativeto.net/software/typora/?p=3 (list page; entry link not captured)	rank=25; page=3; 44 likes; alternatives-listed-for-this-entry=not shown; license=Free Open Source (Apache-2.0)	Focus on your words not the interface.	undecidable	R3: a notes, text or terminal tool whose description does not mention Markdown (application types: Novel Authoring / Note-taking)
alternativeto:Typora	Memory	https://alternativeto.net/software/typora/?p=3 (list page; entry link not captured)	rank=26; page=3; 9 likes; alternatives-listed-for-this-entry=not shown; license=Free Open Source (MIT)	Self-hosted and open source note-taking app focused on minimalism and efficiency. Offers simple folder organization, keyboard shortcuts, instant URL formatting, and local media storage under /notes, reducing complexity in organizing thoughts.	undecidable	R3: a notes, text or terminal tool whose description does not mention Markdown (application types: Note-taking)
alternativeto:Typora	WriteMonkey	https://alternativeto.net/software/typora/?p=3 (list page; entry link not captured)	rank=27; page=3; 129 likes; alternatives-listed-for-this-entry=119; license=Freemium Proprietary	Writemonkey is a Windows zenware writing application with an extremely stripped down user interface, leaving you alone with your thoughts and your words.	undecidable	R3: a notes, text or terminal tool whose description does not mention Markdown (application types: Text Editor / Word Processor)
alternativeto:Typora	Lumen AI	https://alternativeto.net/software/typora/?p=3 (list page; entry link not captured)	rank=28; page=3; 10 likes; alternatives-listed-for-this-entry=87; license=Free Proprietary	Minimalist productivity platform offers centralized notes, task management, meeting capture with audio summaries, inbox processing, and Markdown editing, all enhanced by AI prioritization, custom prompts, backlinks, and flexible workflows, supporting multiple methodologies.	in	R2: description names Markdown (application types: Note-taking / Task Management)
alternativeto:Typora	Inkdrop	https://alternativeto.net/software/typora/?p=3 (list page; entry link not captured)	rank=29; page=3; 51 likes; alternatives-listed-for-this-entry=44; license=Paid Proprietary	Inkdrop is an AI-native Markdown note-taking app for developers, available on macOS, Windows, Linux, iOS, and Android, with end-to-end encrypted sync.	in	R2: description names Markdown (application types: Note-taking / Task Management)
alternativeto:Typora	Markpad - Markdown Editor	https://alternativeto.net/software/typora/?p=3 (list page; entry link not captured)	rank=30; page=3; 8 likes; alternatives-listed-for-this-entry=not shown; license=Free Open Source (BSD-3-Clause)	A simple, lightweight Markdown viewer and text editor for Windows, macOS, and Linux.	in	R2: description names Markdown (application types: Text Editor / Note-taking)
alternativeto:Typora	Roam Research	https://alternativeto.net/software/typora/?p=3 (list page; entry link not captured)	rank=31; page=3; 61 likes; alternatives-listed-for-this-entry=212; license=Paid Proprietary	As easy to use as a word document or bulleted list, and as powerful for finding, collecting, and connecting related ideas as a graph database. Collaborate with others in real time, or store all your data locally.	undecidable	R3: a notes, text or terminal tool whose description does not mention Markdown (application types: Note-taking / Todo List Manager)
alternativeto:Typora	Apostrophe	https://alternativeto.net/software/typora/?p=3 (list page; entry link not captured)	rank=32; page=3; 18 likes; alternatives-listed-for-this-entry=24; license=Free Open Source (GPL-3.0)	Apostrophe is a simple GNU/Linux Markdown editor built with the GTK+ framework.	in	R2: description names Markdown (application types: Text Editor / Note-taking)
alternativeto:Typora	Notable	https://alternativeto.net/software/typora/?p=3 (list page; entry link not captured)	rank=33; page=3; 34 likes; alternatives-listed-for-this-entry=79; license=Free Proprietary	Notable is a cross-platform note app. Notes are plain Markdown files, their metadata is stored as Markdown front matter. Attachments are also plain files, if you attach a picture.jpg to a note everything about it will be preserved, and it will remain accessible like any other...	in	R2: description names Markdown (application types: Note-taking / Todo List Manager)
alternativeto:Typora	NoteKit	https://alternativeto.net/software/typora/?p=3 (list page; entry link not captured)	rank=34; page=3; 22 likes; alternatives-listed-for-this-entry=not shown; license=Free Open Source (GPL-3.0)	This program is a structured notetaking application based on GTK+ 3. Write your notes in instantly-formatted Markdown, organise them in a tree of folders that can be instantly navigated from within the program, and add hand-drawn notes by mouse, touchscreen or digitiser.	in	R2: description names Markdown (application types: Note-taking / Todo List Manager)
alternativeto:Typora	mdSilo	https://alternativeto.net/software/typora/?p=3 (list page; entry link not captured)	rank=35; page=3; 14 likes; alternatives-listed-for-this-entry=not shown; license=Free Open Source (AGPL-3.0)	Lightweight knowledge silo and networked-writing tool equipped with WYSIWYG Markdown editor and reader. Use it to organize writing, network thoughts and build a Second Brain on top of local plain text Markdown files.	in	R2: description names Markdown (application types: Note-taking / Text Editor)
alternativeto:Typora	Caret Markdown Editor	https://alternativeto.net/software/typora/?p=3 (list page; entry link not captured)	rank=36; page=3; 18 likes; alternatives-listed-for-this-entry=not shown; license=Paid Proprietary; alerts=Discontinued	Caret is a Markdown editor for Mac, Windows and Linux.	in	R2: description names Markdown (application types: Text Editor)
alternativeto:Typora	ReText	https://alternativeto.net/software/typora/?p=4 (list page; entry link not captured)	rank=37; page=4; 48 likes; alternatives-listed-for-this-entry=89; license=Free Open Source	ReText is a simple text editor for Markdown and reStructuredText documents with syntax highlighting and optional live preview.	in	R2: description names Markdown (application types: Text Editor)
alternativeto:Typora	MarkFlowy	https://alternativeto.net/software/typora/?p=4 (list page; entry link not captured)	rank=38; page=4; 12 likes; alternatives-listed-for-this-entry=not shown; license=Free Open Source (AGPL-3.0)	Modern markdown editor application, Build fast and efficient workflows.	in	R2: description names Markdown (application types: Note-taking)
alternativeto:Typora	Tenno	https://alternativeto.net/software/typora/?p=4 (list page; entry link not captured)	rank=39; page=4; 6 likes; alternatives-listed-for-this-entry=55; license=Free Proprietary	A live editable Markdown editor that lets you add cells like Excel. You can think of Tenno as a mix of Word and Excel with a touch of Obsidian, Markdown and JavaScript.	in	R2: description names Markdown (application types: Text Editor)
alternativeto:Typora	Dillinger	https://alternativeto.net/software/typora/?p=4 (list page; entry link not captured)	rank=40; page=4; 11 likes; alternatives-listed-for-this-entry=98; license=Free Open Source Origin United States Platforms Online United States More about Dillinger Good alternative? Is Dillinger a good alternative to Typora ?	Dillinger is a cloud-enabled, mobile-ready, offline-storage, AngularJS powered HTML5 Markdown editor.	in	R2: description names Markdown (application types: not shown)
alternativeto:Typora	Marked	https://alternativeto.net/software/typora/?p=4 (list page; entry link not captured)	rank=41; page=4; 20 likes; alternatives-listed-for-this-entry=not shown; license=Paid Proprietary Origin United States Platforms Mac Google Chrome Safari Setapp Mozilla Firefox United States + 3 More about Marked Good alternative? Is Marked a good alternative to Typora ?	Native macOS tool for previewing Markdown and markup files, supporting local and iCloud documents, real-time updates, writing statistics, grammar and spelling checks, sentence complexity analysis, grade level, readability, export options, and easy workflow integration.	in	R2: description names Markdown (application types: not shown)
alternativeto:Typora	MarkEdit	https://alternativeto.net/software/typora/?p=4 (list page; entry link not captured)	rank=42; page=4; 5 likes; alternatives-listed-for-this-entry=not shown; license=Free Open Source (MIT)	Free open-source Markdown editor for macOS with syntax highlighting, privacy-focused operation, lightweight 4 MB installer, native look and feel, AppleScript and Shortcuts support, QuickLook preview, theme customization, script extensibility, and rapid large file handling.	out	R1: description names Markdown but also a converter, linter, theme or snippet function
alternativeto:Typora	Notepack	https://alternativeto.net/software/typora/?p=4 (list page; entry link not captured)	rank=43; page=4; 17 likes; alternatives-listed-for-this-entry=355; license=Free Open Source (MPL-2.0); alerts=Discontinued	Privacy oriented, without vendor lock in note organizer, todo list desktop application. Work offline with text, markdown and pdf files.	in	R2: description names Markdown (application types: Note-taking / Todo List Manager)
alternativeto:Typora	Daino Notes	https://alternativeto.net/software/typora/?p=4 (list page; entry link not captured)	rank=44; page=4; 10 likes; alternatives-listed-for-this-entry=108; license=Freemium Open Source	Offers fast, distraction-free note-taking via a high-performance editor with real-time Markdown, local-first storage, image support, Kanban task boards, intuitive drag-and-drop, keyboard shortcuts, configurable themes, fast search, and cross-platform access.	out	R1: description names Markdown but also a converter, linter, theme or snippet function
alternativeto:Typora	Q - Collect Your Thoughts	https://alternativeto.net/software/typora/?p=4 (list page; entry link not captured)	rank=45; page=4; 7 likes; alternatives-listed-for-this-entry=not shown; license=Free Proprietary	Q is a writing and memory tool that uses semantic search instead of folders. It allows markdown formatting on any device, provides math evaluations, and adds punctuation.	in	R2: description names Markdown (application types: Note-taking)
alternativeto:Typora	Prime Draft	https://alternativeto.net/software/typora/?p=4 (list page; entry link not captured)	rank=46; page=4; 4 likes; alternatives-listed-for-this-entry=not shown; license=Paid Proprietary; alerts=Discontinued	Prime Draft helps writers maintain focus by using a distraction-free fullscreen interface, automatic goal tracking, customizable writing environment, and limited text view, preventing edits once a sentence is finished. Supports backup creation and secured progress tracking.	undecidable	R3: a notes, text or terminal tool whose description does not mention Markdown (application types: Novel Authoring)
alternativeto:Typora	Haroopad	https://alternativeto.net/software/typora/?p=4 (list page; entry link not captured)	rank=47; page=4; 68 likes; alternatives-listed-for-this-entry=114; license=Free Open Source (GPL-3.0); alerts=Discontinued	Haroopad is a markdown enabled document processor for creating web-friendly documents. You can author various formats of documents such as blog article, slide, presentation, report, and e-mail as if experts did.	in	R2: description names Markdown (application types: Text Editor)
alternativeto:Typora	Hemingway Editor	https://alternativeto.net/software/typora/?p=4 (list page; entry link not captured)	rank=48; page=4; 58 likes; alternatives-listed-for-this-entry=178; license=Paid Proprietary	Hemingway App makes your writing bold and clear.	undecidable	R3: a notes, text or terminal tool whose description does not mention Markdown (application types: Text Editor)
alternativeto:Typora	MarkdownPad	https://alternativeto.net/software/typora/?p=5 (list page; entry link not captured)	rank=49; page=5; 63 likes; alternatives-listed-for-this-entry=not shown; license=Freemium Proprietary; alerts=Discontinued	MarkdownPad is a full-featured Markdown editor for Windows. Features:	in	R2: description names Markdown (application types: Text Editor)
alternativeto:Typora	Zenkit Hypernotes	https://alternativeto.net/software/typora/?p=5 (list page; entry link not captured)	rank=50; page=5; 9 likes; alternatives-listed-for-this-entry=not shown; license=Free Personal Proprietary	Knowledge-management tool enabling interconnection and note expansion, semantic network creation, collaboration with task features, and mobile readiness with offline support across devices.	undecidable	R3: a notes, text or terminal tool whose description does not mention Markdown (application types: Note-taking)
alternativeto:Typora	MacDown	https://alternativeto.net/software/typora/?p=5 (list page; entry link not captured)	rank=51; page=5; 23 likes; alternatives-listed-for-this-entry=75; license=Free Open Source; alerts=Discontinued	MacDown is an open source Markdown editor for macOS, released under the MIT License. It is heavily influenced by Chen Luo’s Mou.	in	R2: description names Markdown (application types: Text Editor)
alternativeto:Typora	Octarine	https://alternativeto.net/software/typora/?p=5 (list page; entry link not captured)	rank=52; page=5; 6 likes; alternatives-listed-for-this-entry=not shown; license=Freemium Proprietary	Octarine is a fast, lightweight tool for writing, planning, and organizing — in Markdown that stays yours.	in	R2: description names Markdown (application types: Note-taking)
alternativeto:Typora	Quiver	https://alternativeto.net/software/typora/?p=5 (list page; entry link not captured)	rank=53; page=5; 43 likes; alternatives-listed-for-this-entry=245; license=Paid Proprietary	Quiver is a notebook built for programmers. It lets you easily mix text, code and Markdown within one note, edit code with an awesome code editor, live preview Markdown and LaTeX cells, and find any note instantly via the full-text search.	in	R2: description names Markdown (application types: Note-taking)
alternativeto:Typora	Paper - Writing App	https://alternativeto.net/software/typora/?p=5 (list page; entry link not captured)	rank=54; page=5; 5 likes; alternatives-listed-for-this-entry=136; license=Freemium Proprietary	Super-clean writing space with a lot of configurability that stays out of sight when you don’t need it.	undecidable	R3: a notes, text or terminal tool whose description does not mention Markdown (application types: Note-taking / Text Editor)
alternativeto:Typora	Inspire Writer	https://alternativeto.net/software/typora/?p=5 (list page; entry link not captured)	rank=55; page=5; 16 likes; alternatives-listed-for-this-entry=not shown; license=Paid Proprietary	Inspire is a clone of	undecidable	R3: a notes, text or terminal tool whose description does not mention Markdown (application types: Text Editor)
alternativeto:Typora	Zotero Better Notes	https://alternativeto.net/software/typora/?p=5 (list page; entry link not captured)	rank=56; page=5; 11 likes; alternatives-listed-for-this-entry=not shown; license=Free Open Source (AGPL-3.0)	Everything about note management. All in Zotero.	undecidable	R3: a notes, text or terminal tool whose description does not mention Markdown (application types: Note-taking)
alternativeto:Typora	Pine Markdown Editor	https://alternativeto.net/software/typora/?p=5 (list page; entry link not captured)	rank=57; page=5; 5 likes; alternatives-listed-for-this-entry=not shown; license=Free Open Source Origin Australia Alerts Discontinued Platforms Mac Australia More about Pine Markdown Editor Good alternative? Is Pine Markdown Editor a good alternative to Typora ?; alerts=Discontinued	A modern macOS markdown editor - themeable, tabs, sidebar, GitHub flavored markdown, exporting, latex and more.	in	R2: description names Markdown (application types: not shown)
alternativeto:Typora	Tinta	https://alternativeto.net/software/typora/?p=5 (list page; entry link not captured)	rank=58; page=5; 3 likes; alternatives-listed-for-this-entry=not shown; license=Free Open Source (MIT) Origin Croatia EU Platforms Windows Croatia EU More about Tinta Good alternative? Is Tinta a good alternative to Typora ?	Tinta is a fast, lightweight markdown viewer and reader for Windows, built with Direct2D and DirectWrite for hardware-accelerated text rendering. It's a single portable executable under 1 MB that starts in about 200 ms — no Electron, no bundled browser, no installer.	in	R2: description names Markdown (application types: not shown)
alternativeto:Typora	Prism Notes	https://alternativeto.net/software/typora/?p=5 (list page; entry link not captured)	rank=59; page=5; 7 likes; alternatives-listed-for-this-entry=not shown; license=Free Proprietary	Prism is for quick thoughts and links. It feels like texting, rather than writing in a document. Capture easily, organize with tags, develop ideas across threads, review to keep only what matters. Free — unlimited notes, AI tags, and sync.	undecidable	R3: a notes, text or terminal tool whose description does not mention Markdown (application types: Note-taking)
alternativeto:Typora	Blank - A new writing-experience	https://alternativeto.net/software/typora/?p=5 (list page; entry link not captured)	rank=60; page=5; 4 likes; alternatives-listed-for-this-entry=not shown; license=Free Open Source (MIT)	Blank is a minimalistic, opinionated markdown editor made for writing. It works purely keyboard-based. Its minimalistic UI and WYSIWYG helps you stay focused on what really matters: content. Save to markdown or export your files to PDF.	in	R2: description names Markdown (application types: Note-taking / Text Editor)
alternativeto:Typora	PrivateNotes	https://alternativeto.net/software/typora/?p=6 (list page; entry link not captured)	rank=61; page=6; 10 likes; alternatives-listed-for-this-entry=not shown; license=Free Proprietary	PrivateNotes (formerly Exocortex) is an encrypted note-taking app designed for networked thought. It allows you to link ideas together, creating a web of interconnected notes that mimic how your mind works.	undecidable	R3: a notes, text or terminal tool whose description does not mention Markdown (application types: Note-taking)
alternativeto:Typora	Justmd	https://alternativeto.net/software/typora/?p=6 (list page; entry link not captured)	rank=62; page=6; 2 likes; alternatives-listed-for-this-entry=not shown; license=Free Open Source (MIT); alerts=Discontinued	A lightweight markdown viewer and editor. Multi-platform.	in	R2: description names Markdown (application types: Text Editor)
alternativeto:Typora	Document Node	https://alternativeto.net/software/typora/?p=6 (list page; entry link not captured)	rank=63; page=6; 1 like; alternatives-listed-for-this-entry=not shown; license=Freemium Proprietary Platforms Mac Windows Linux More about Document Node Good alternative? Is Document Node a good alternative to Typora ?	Built-in Mind Map for Markdown, working on your local folders of plain text Markdown files, distraction-free writing experience and multiple exporting options make Document Node your better choice of a writing tool.	in	R2: description names Markdown (application types: not shown)
alternativeto:Typora	Nota (Markdown)	https://alternativeto.net/software/typora/?p=6 (list page; entry link not captured)	rank=64; page=6; 4 likes; alternatives-listed-for-this-entry=not shown; license=Paid Proprietary Origin Slovenia EU Platforms Mac Slovenia EU More about Nota (Markdown) Good alternative? Is Nota (Markdown) a good alternative to Typora ?	Nota is a beautiful and easy to use writing app that's also powerful and efficient. Its simple design enables a wide range of uses: from notes and wikis, to static blogs and websites, to articles and books.	undecidable	R3: a notes, text or terminal tool whose description does not mention Markdown (application types: not shown)
alternativeto:Typora	MarkRight	https://alternativeto.net/software/typora/?p=6 (list page; entry link not captured)	rank=65; page=6; 7 likes; alternatives-listed-for-this-entry=not shown; license=Free Open Source (GPL-3.0); alerts=Discontinued	MarkRight is a simple but very efficient Markdown editor built using Electron and ClojureScript. It uses a dual pane interface that lets you focus on the task of writing, while providing a live preview so you can instantly see the results.	in	R2: description names Markdown (application types: Text Editor)
alternativeto:Typora	Deepdwn	https://alternativeto.net/software/typora/?p=6 (list page; entry link not captured)	rank=66; page=6; 3 likes; alternatives-listed-for-this-entry=102; license=Paid Proprietary	Deepdwn is a markdown editing suite, designed to organize and edit collections of markdown files.	in	R2: description names Markdown (application types: Note-taking / Text Editor)
alternativeto:Typora	Zen Editor	https://alternativeto.net/software/typora/?p=6 (list page; entry link not captured)	rank=67; page=6; 1 like; alternatives-listed-for-this-entry=85; license=Free Proprietary	Zen by Unit is a free, minimal, fast, private writing app. Just open and use.	undecidable	R3: a notes, text or terminal tool whose description does not mention Markdown (application types: Text Editor)
alternativeto:Typora	mdxport	https://alternativeto.net/software/typora/?p=6 (list page; entry link not captured)	rank=68; page=6; 1 like; alternatives-listed-for-this-entry=not shown; license=Free Open Source (MIT) Platforms Online Mac Windows Linux More about mdxport Good alternative? Is mdxport a good alternative to Typora ?	mdxport converts Markdown to beautifully typeset PDFs using Typst as the rendering engine. No LaTeX installation required.	out	R1: description names Markdown but also a converter, linter, theme or snippet function
alternativeto:Typora	ThiefMD	https://alternativeto.net/software/typora/?p=6 (list page; entry link not captured)	rank=69; page=6; 4 likes; alternatives-listed-for-this-entry=not shown; license=Free Open Source (GPL-3.0) Platforms Linux More about ThiefMD Good alternative? Is ThiefMD a good alternative to Typora ?	ThiefMD is a Markdown and Fountain editor and file manager inspired by Ulysses. ThiefMD is based on open source code from Quilter and other projects.	in	R2: description names Markdown (application types: not shown)
alternativeto:Typora	MWeb	https://alternativeto.net/software/typora/?p=6 (list page; entry link not captured)	rank=70; page=6; 10 likes; alternatives-listed-for-this-entry=not shown; license=Paid Proprietary Origin China Platforms Mac China More about MWeb Good alternative? Is MWeb a good alternative to Typora ?	MWeb can handle professional-level markdown with support for markdown extensions. It provides publishing to various social networks and blogging formats, as well as various preview themes.	out	R1: description names Markdown but also a converter, linter, theme or snippet function
alternativeto:Typora	Markdown Monster	https://alternativeto.net/software/typora/?p=6 (list page; entry link not captured)	rank=71; page=6; 2 likes; alternatives-listed-for-this-entry=not shown; license=Paid Proprietary Origin United States Platforms Windows United States More about Markdown Monster Good alternative? Is Markdown Monster a good alternative to Typora ?	Markdown Monster is a responsive Markdown editor that lets you edit Markdown with syntax highlighting and super fast text entry. A collapsable synced, live preview lets you preview your output as you type.	in	R2: description names Markdown (application types: not shown)
alternativeto:Typora	Elegant Markdown Editor	https://alternativeto.net/software/typora/?p=6 (list page; entry link not captured)	rank=72; page=6; 2 likes; alternatives-listed-for-this-entry=not shown; license=Free Open Source (MIT); alerts=Discontinued	Elegant Markdown Editor (EME) is an intuitive Markdown text editor with distraction-free mode, auto-sync for GitHub Gist, math typesetting support and more.	in	R2: description names Markdown (application types: Text Editor)
alternativeto:Typora	Markdown Pro	https://alternativeto.net/software/typora/?p=7 (list page; entry link not captured)	rank=73; page=7; 2 likes; alternatives-listed-for-this-entry=not shown; license=Paid Proprietary	A beautiful and easy to use editor for the popular Markdown markup language, combined with a themed live preview feature, you will never have to write boring documents again.	in	R2: description names Markdown (application types: Text Editor)
alternativeto:Typora	CrabPad	https://alternativeto.net/software/typora/?p=7 (list page; entry link not captured)	rank=74; page=7; 1 like; alternatives-listed-for-this-entry=not shown; license=Free Proprietary Origin Poland EU Platforms Windows Mac Linux Poland EU + 1 More about CrabPad Good alternative? Is CrabPad a good alternative to Typora ?	CrabPad is a fast, free Markdown editor built with Rust. Local-first, keyboard-driven, with Zen Mode, Command Palette, live preview, and support for KaTeX math, Mermaid diagrams, and GFM. Available for macOS, Windows, and Linux.	in	R2: description names Markdown (application types: not shown)
alternativeto:Typora	Notedrafts	https://alternativeto.net/software/typora/?p=7 (list page; entry link not captured)	rank=75; page=7; 6 likes; alternatives-listed-for-this-entry=not shown; license=Freemium Proprietary	Notedrafts is a powerful note-taking app that lets you write, draw, and organize your thoughts across different types of documents. Whether you're marking up a PDF, writing on a large canvas, or taking notes in a long vertical layout, Notedrafts adapts to your workflow.	undecidable	R3: a notes, text or terminal tool whose description does not mention Markdown (application types: Note-taking / Digital Painting)
alternativeto:Typora	MonsterWriter	https://alternativeto.net/software/typora/?p=7 (list page; entry link not captured)	rank=76; page=7; 2 likes; alternatives-listed-for-this-entry=not shown; license=Freemium Proprietary	A simple solution to write scientific papers, pillar content or just your personal notes. It aims to combine the benefits of traditional Microsoft Word, LaTeX and Markdown.	in	R2: description names Markdown (application types: LaTeX Editor)
alternativeto:Typora	Quilter	https://alternativeto.net/software/typora/?p=7 (list page; entry link not captured)	rank=77; page=7; 1 like; alternatives-listed-for-this-entry=not shown; license=Free Open Source (GPL-3.0); alerts=Discontinued	Quilter is a minimalist, focused writing app for	undecidable	R3: a notes, text or terminal tool whose description does not mention Markdown (application types: Text Editor)
alternativeto:Typora	Epsilon Notes	https://alternativeto.net/software/typora/?p=7 (list page; entry link not captured)	rank=78; page=7; 3 likes; alternatives-listed-for-this-entry=not shown; license=Freemium Proprietary Platforms Windows Android Good alternative? Is Epsilon Notes a good alternative to Typora ?	Epsilon Notes is a text editor for writing texts with Markdown-compatible CommonMark tags. Epsilon Notes can generate pdf and HTML code from your documents. CommonMark is an easy text formatting tool taking only a few minutes to learn, Runs on Android and Windows.	in	R2: description names Markdown (application types: not shown)
alternativeto:Typora	ExcellentWriter	https://alternativeto.net/software/typora/?p=7 (list page; entry link not captured)	rank=79; page=7; 6 likes; alternatives-listed-for-this-entry=77; license=Free Proprietary	ExcellentWriter is supposed to be a tool which lets you organize, write and format your novel inside Excel and in the end lets you use the power of Word to do the finishing touches.	out	R4: neither Markdown nor a notes, text, writing or terminal tool in the description or application types (types: Novel Authoring)
alternativeto:Typora	Effie: Write, Mindmap & Note	https://alternativeto.net/software/typora/?p=7 (list page; entry link not captured)	rank=80; page=7; 9 likes; alternatives-listed-for-this-entry=not shown; license=Freemium Proprietary	Effie is a light, clean, yet powerful markup-based writing and mind-mapping software that works across devices/platforms to capture your thoughts and help you write immersively and productively anywhere, anytime.	undecidable	R3: a notes, text or terminal tool whose description does not mention Markdown (application types: Novel Authoring / Note-taking)
alternativeto:Typora	scrutch	https://alternativeto.net/software/typora/?p=7 (list page; entry link not captured)	rank=81; page=7; 7 likes; alternatives-listed-for-this-entry=297; license=Free Proprietary	End-to-encrypted, laser-focussed yet elegant editor. No registration, no login, no ads, no tracking, no hassle. Just write. In private or together with others.	undecidable	R3: a notes, text or terminal tool whose description does not mention Markdown (application types: Note-taking / Text Editor)
alternativeto:Typora	Remarkable	https://alternativeto.net/software/typora/?p=7 (list page; entry link not captured)	rank=82; page=7; 15 likes; alternatives-listed-for-this-entry=65; license=Free Open Source (MIT) Alerts Discontinued Platforms Linux + 1 More about Remarkable Good alternative? Is Remarkable a good alternative to Typora ?; alerts=Discontinued	A fully featured markdown editor for Linux. Features include Live Preview, PDF/HTML export, MathJax support, Syntax highlighting, customizable, keyboard shortcuts, GFM, images, tables and much more.	in	R2: description names Markdown (application types: not shown)
alternativeto:Typora	Versatil Markdown	https://alternativeto.net/software/typora/?p=7 (list page; entry link not captured)	rank=83; page=7; 1 like; alternatives-listed-for-this-entry=not shown; license=Paid Proprietary	Versatil Markdown is a hypernotebook built around Markdown/CommonMark, with 1Password integration, HTML/CSS support, syntax highlighting, frictionless keyboard flow, smart drag-n-drop insertion, multiple themes, document aliasing, and more.	out	R1: description names Markdown but also a converter, linter, theme or snippet function
alternativeto:Typora	MarkUpDown	https://alternativeto.net/software/typora/?p=7 (list page; entry link not captured)	rank=84; page=7; Like; alternatives-listed-for-this-entry=not shown; license=Paid Proprietary Platforms Windows + 3 More about MarkUpDown Good alternative? Is MarkUpDown a good alternative to Typora ?	MarkUpDown is an editor specialized to make creating Markdown code easy for beginners and experts. With helpful toolbars for beginners, GitHub Flavored/Multimarkdown table support, and keystroke shortcuts & Easy Actions for the expert, MarkUpDown is ready to help anyone...	in	R2: description names Markdown (application types: not shown)
alternativeto:Typora	Typewrite	https://alternativeto.net/software/typora/?p=8 (list page; entry link not captured)	rank=85; page=8; 8 likes; alternatives-listed-for-this-entry=not shown; license=Freemium Proprietary Platforms Online Good alternative? Is Typewrite a good alternative to Typora ?	Typewrite is a real-time collaborative writing environment with Markdown support, versioning and Dropbox syncing.	in	R2: description names Markdown (application types: not shown)
alternativeto:Typora	Norka	https://alternativeto.net/software/typora/?p=8 (list page; entry link not captured)	rank=86; page=8; 4 likes; alternatives-listed-for-this-entry=not shown; license=Free Open Source (MIT)	Imagine a hassle-free text-writing experience. Don't worry about saving files, complex markup, or accidentally deleted notes.	undecidable	R3: a notes, text or terminal tool whose description does not mention Markdown (application types: Text Editor)
alternativeto:Typora	LightPaper	https://alternativeto.net/software/typora/?p=8 (list page; entry link not captured)	rank=87; page=8; 12 likes; alternatives-listed-for-this-entry=not shown; license=Paid Proprietary	LightPaper lets you write your documents/articles/blogs using powerful features such as markdown, folder navigator, real and live preview, shadow notes, multi-tabs, custom styles, distraction free mode, syntax highlighting, math rendering, full GFM support including GitHub...	in	R2: description names Markdown (application types: Word Processor)
alternativeto:Typora	Rebel Notes	https://alternativeto.net/software/typora/?p=8 (list page; entry link not captured)	rank=88; page=8; 8 likes; alternatives-listed-for-this-entry=not shown; license=Free Open Source (MIT); alerts=Discontinued	Rebel aims to provide you a distraction-free note taking experience. Focus more on writing and less on formatting and saving. As you write your note, Rebel will format it based on your markdown syntax.	in	R2: description names Markdown (application types: Note-taking)
alternativeto:Typora	MdCharm	https://alternativeto.net/software/typora/?p=8 (list page; entry link not captured)	rank=89; page=8; 7 likes; alternatives-listed-for-this-entry=not shown; license=Free Open Source (BSD-3-Clause) Alerts Discontinued Platforms Windows Linux More about MdCharm Good alternative? Is MdCharm a good alternative to Typora ?; alerts=Discontinued	MdCharm is a wiki editor written in Qt which supports markdown.	in	R2: description names Markdown (application types: not shown)
alternativeto:Typora	Unfriction	https://alternativeto.net/software/typora/?p=8 (list page; entry link not captured)	rank=90; page=8; 4 likes; alternatives-listed-for-this-entry=not shown; license=Freemium Proprietary	Opens in less than 400ms via global shortcut, offers overlay notes on top of all windows, extracts text from screenshots using OCR, stores data offline by default, auto-pauses on lock and resumes, all in a minimal, clutter-free and distraction-free writing surface.	undecidable	R3: a notes, text or terminal tool whose description does not mention Markdown (application types: Note-taking)
alternativeto:Typora	ToolStack Folio	https://alternativeto.net/software/typora/?p=8 (list page; entry link not captured)	rank=91; page=8; 4 likes; alternatives-listed-for-this-entry=not shown; license=Free Open Source (GPL-3.0)	A beautiful markdown note-taking app for GNOME (forked from Paper).	in	R2: description names Markdown (application types: Note-taking)
alternativeto:Typora	Markdown Edit	https://alternativeto.net/software/typora/?p=8 (list page; entry link not captured)	rank=92; page=8; 21 likes; alternatives-listed-for-this-entry=76; license=Free Open Source (MIT); alerts=Discontinued	Markdown Edit is a Windows desktop Markdown editor with an emphasis on content and keyboard shortcuts. There is minimal window chrome and most functions are accessed through keyboard shortcuts.	in	R2: description names Markdown (application types: Text Editor)
alternativeto:Typora	Markdown Shell Extensions and Editor	https://alternativeto.net/software/typora/?p=8 (list page; entry link not captured)	rank=93; page=8; 1 like; alternatives-listed-for-this-entry=not shown; license=Free Open Source (Apache-2.0) Origin Italy EU Platforms Windows Italy EU + 1 More about Markdown Shell Extensions and Editor Good alternative? Is this a good alternative to Typora ?	A Markdown Text Editor to manually edit a markdown file, with instant preview of the output in a HTML Viewer.	in	R2: description names Markdown (application types: not shown)
alternativeto:Typora	Writed	https://alternativeto.net/software/typora/?p=8 (list page; entry link not captured)	rank=94; page=8; 1 like; alternatives-listed-for-this-entry=56; license=Freemium Proprietary Platforms Mac More about Writed Good alternative? Is Writed a good alternative to Typora ?	Writed is a distraction free text editor that will help you type more in less time. Writed uses markdown* syntax to format your document in real time, keep both your hand on the keyboard and just type.	in	R2: description names Markdown (application types: not shown)
alternativeto:Typora	Typewriter for Markdown	https://alternativeto.net/software/typora/?p=8 (list page; entry link not captured)	rank=95; page=8; 2 likes; alternatives-listed-for-this-entry=111; license=Free Proprietary Platforms Mac More about Typewriter for Markdown Good alternative? Is this a good alternative to Typora ?	A Markdown editor with syntax highlighting and live preview.	in	R2: description names Markdown (application types: not shown)
alternativeto:Typora	KleverNotes	https://alternativeto.net/software/typora/?p=8 (list page; entry link not captured)	rank=96; page=8; 2 likes; alternatives-listed-for-this-entry=not shown; license=Free Open Source (GPL-3.0)	KleverNotes is a note-taking and management application for your mobile and desktop devices. It uses Markdown and allows you to preview your content.	in	R2: description names Markdown (application types: Note-taking)
alternativeto:Typora	WordMark	https://alternativeto.net/software/typora/?p=9 (list page; entry link not captured)	rank=97; page=9; 5 likes; alternatives-listed-for-this-entry=not shown; license=Free Proprietary Origin China Alerts Discontinued Platforms Mac China + 2 More about WordMark Good alternative? Is WordMark a good alternative to Typora ?; alerts=Discontinued	WordMark is a lightweight editor for markdown writers. You can easily publish posts to your blogs via WordMark including Wordpress, Ghost, Medium, Blogger, Github (Jekyll), Evernote, and so on.	in	R2: description names Markdown (application types: not shown)
alternativeto:Typora	Notabase	https://alternativeto.net/software/typora/?p=9 (list page; entry link not captured)	rank=98; page=9; 7 likes; alternatives-listed-for-this-entry=not shown; license=Freemium Open Source (AGPL-3.0)	Notabase is a powerful and easy-to-use note-taking app for networked thinking. Connect your ideas together and write more effortlessly.	undecidable	R3: a notes, text or terminal tool whose description does not mention Markdown (application types: Note-taking)
alternativeto:Typora	Marker	https://alternativeto.net/software/typora/?p=9 (list page; entry link not captured)	rank=99; page=9; 2 likes; alternatives-listed-for-this-entry=not shown; license=Free Open Source (GPL-3.0)	A simple GTK+ Markdown text editor with dual-pane live preview, spellcheck, style and theme support, and export to HTML and PDF.	out	R1: description names Markdown but also a converter, linter, theme or snippet function
alternativeto:Typora	Yu Writer Pro	https://alternativeto.net/software/typora/?p=9 (list page; entry link not captured)	rank=100; page=9; 2 likes; alternatives-listed-for-this-entry=not shown; license=Freemium Proprietary Platforms Mac Windows More about Yu Writer Pro Good alternative? Is Yu Writer Pro a good alternative to Typora ?	Efficient cross-platform Markdown text editor.	in	R2: description names Markdown (application types: not shown)
alternativeto:Typora	Monod	https://alternativeto.net/software/typora/?p=9 (list page; entry link not captured)	rank=101; page=9; 3 likes; alternatives-listed-for-this-entry=not shown; license=Free Open Source (MIT); alerts=Discontinued	Monod was a secure and offline-first, React-based Markdown editor. Development has STOPPED and the app has been taken down.	in	R2: description names Markdown (application types: Text Editor)
alternativeto:Typora	Minimal - Writing & Notes	https://alternativeto.net/software/typora/?p=9 (list page; entry link not captured)	rank=102; page=9; 1 like; alternatives-listed-for-this-entry=not shown; license=Freemium Proprietary	Minimal - Writing & Notes is a writing app inspired by meditation. It includes features such as note lifetime, collaborative writing, note-to-website publishing, Todo integration, and cross-device syncing, with a focus on spacious and modern design.	undecidable	R3: a notes, text or terminal tool whose description does not mention Markdown (application types: Note-taking)
alternativeto:Typora	Inkwell Markdown Editor	https://alternativeto.net/software/typora/?p=9 (list page; entry link not captured)	rank=103; page=9; 1 like; alternatives-listed-for-this-entry=not shown; license=Paid Proprietary	Markdown editor that gets out of your way. Split-pane editing with live preview, 4 themes (Editorial, Midnight, Mono, Sepia), focus mode, tabbed editing, auto-save, version history, image paste support, and 10 built-in templates.	out	R1: description names Markdown but also a converter, linter, theme or snippet function
alternativeto:Typora	Calmly Writer	https://alternativeto.net/software/typora/?p=9 (list page; entry link not captured)	rank=104; page=9; 14 likes; alternatives-listed-for-this-entry=52; license=Paid Proprietary	Calmly Writer is a professional text editor designed to focus on what you want to tell, with a simple, unobtrusive and distraction-free user interface.	undecidable	R3: a notes, text or terminal tool whose description does not mention Markdown (application types: Word Processor)
alternativeto:Typora	Focused	https://alternativeto.net/software/typora/?p=9 (list page; entry link not captured)	rank=105; page=9; 3 likes; alternatives-listed-for-this-entry=not shown; license=Paid Proprietary	Focused offers a distraction-free writing experience with Markdown support and keyboard-focused design to help you relax, stay focused and get work down in the most efficient way possible.	in	R2: description names Markdown (application types: Text Editor)
alternativeto:Typora	Marxico	https://alternativeto.net/software/typora/?p=9 (list page; entry link not captured)	rank=106; page=9; 8 likes; alternatives-listed-for-this-entry=not shown; license=Freemium Proprietary Platforms Mac Windows Google Chrome Evernote More about Marxico Good alternative? Is Marxico a good alternative to Typora ?	Marxico is a neat Markdown editor that features :	in	R2: description names Markdown (application types: not shown)
alternativeto:Typora	SXMac	https://alternativeto.net/software/typora/?p=9 (list page; entry link not captured)	rank=107; page=9; 1 like; alternatives-listed-for-this-entry=not shown; license=Free Open Source	SXMac is a light, notes like app that can be used as a rich text editor, markdown editor and preview, code editor with more than 100 supported languages. If you need specific files or anything else in one place.	in	R2: description names Markdown (application types: Text Editor / Note-taking)
alternativeto:Typora	ZenWriter	https://alternativeto.net/software/typora/?p=9 (list page; entry link not captured)	rank=108; page=9; 30 likes; alternatives-listed-for-this-entry=69; license=Paid Proprietary	ZenWriter is a full-screen text editor that minimizes distractions with its tranquil, zen-like interface for Windows, offering limited formatting options designed to support uninterrupted writing flow and creativity while providing a calm atmosphere for authors and poets.	undecidable	R3: a notes, text or terminal tool whose description does not mention Markdown (application types: Text Editor / Word Processor)
alternativeto:Typora	Notepad App	https://alternativeto.net/software/typora/?p=10 (list page; entry link not captured)	rank=109; page=10; 2 likes; alternatives-listed-for-this-entry=not shown; license=Free Proprietary	A markdown-based notes app for macOS, with simplicity and moderation.	in	R2: description names Markdown (application types: Note-taking / Text Editor)
alternativeto:Typora	Kavya Studio	https://alternativeto.net/software/typora/?p=10 (list page; entry link not captured)	rank=110; page=10; 1 like; alternatives-listed-for-this-entry=not shown; license=Paid Proprietary	A local-first writing app for people who think in Markdown. Your vault is a folder. Every note is a .md file.	in	R2: description names Markdown (application types: Todo List Manager)
alternativeto:Typora	zerdo	https://alternativeto.net/software/typora/?p=10 (list page; entry link not captured)	rank=111; page=10; Like; alternatives-listed-for-this-entry=not shown; license=Freemium Proprietary Origin India Platforms Windows Good alternative? Is zerdo a good alternative to Typora ?	A PDF-first Markdown compiler for authors who care about final output.	in	R2: description names Markdown (application types: not shown)
alternativeto:Typora	MacMD Viewer	https://alternativeto.net/software/typora/?p=10 (list page; entry link not captured)	rank=112; page=10; Like; alternatives-listed-for-this-entry=not shown; license=Paid Proprietary	A native macOS reader for the Markdown your AI tools generate. Renders any .md, GitHub-flavored, Mermaid diagrams, syntax-highlighted code, right in Finder via Quick Look. Read-only, pairs with any editor. $19.99 one-time.	in	R2: description names Markdown (application types: Text Editor)
alternativeto:Typora	Tiddly Research	https://alternativeto.net/software/typora/?p=10 (list page; entry link not captured)	rank=113; page=10; 8 likes; alternatives-listed-for-this-entry=not shown; license=Free Open Source; alerts=Discontinued	Local and Anki-compatible note-taking tool based on TiddlyWiki.	undecidable	R3: a notes, text or terminal tool whose description does not mention Markdown (application types: Note-taking)
alternativeto:Typora	Typedown	https://alternativeto.net/software/typora/?p=10 (list page; entry link not captured)	rank=114; page=10; 5 likes; alternatives-listed-for-this-entry=not shown; license=Free Open Source (MIT)	Typedown is a lightweight Markdown editor designed specifically for the Windows platform. With the WinUI framework, it provides users with a seamless interface and efficient editing experience that perfectly matches the operating system.	in	R2: description names Markdown (application types: Text Editor / Note-taking)
alternativeto:Typora	Texts.io	https://alternativeto.net/software/typora/?p=10 (list page; entry link not captured)	rank=115; page=10; 9 likes; alternatives-listed-for-this-entry=71; license=Free Proprietary; alerts=Discontinued	Advanced text editor tailored for creating structured documents. Leverages Markdown to differentiate content and formatting, ensuring streamlined editing and publishing to a multitude of formats.	in	R2: description names Markdown (application types: Text Editor)
alternativeto:Typora	MiniMark	https://alternativeto.net/software/typora/?p=10 (list page; entry link not captured)	rank=116; page=10; 2 likes; alternatives-listed-for-this-entry=not shown; license=Free Open Source (GPL-3.0)	CLI Markdown Editor / Viewer.	in	R2: description names Markdown (application types: Note-taking / Text Editor)
alternativeto:Typora	Inkdown	https://alternativeto.net/software/typora/?p=10 (list page; entry link not captured)	rank=117; page=10; 3 likes; alternatives-listed-for-this-entry=not shown; license=Freemium Open Source (AGPL-3.0)	A WYSIWYG Markdown editor, improve reading and editing experience. and generate your Markdown files into online documents in the easiest and fastest way.	in	R2: description names Markdown (application types: Note-taking)
alternativeto:Typora	PeekMark	https://alternativeto.net/software/typora/?p=10 (list page; entry link not captured)	rank=118; page=10; 1 like; alternatives-listed-for-this-entry=not shown; license=Freemium Open Source (AGPL-3.0) Origin United States Platforms Mac United States + 2 More about PeekMark Good alternative? Is PeekMark a good alternative to Typora ?	A native, local-first Markdown viewer and workspace for macOS with Finder Quick Look, Mermaid and Math rendering, plus optional workspaces, full-text search, backlinks, knowledge graph and export.	in	R2: description names Markdown (application types: not shown)
alternativeto:Typora	uFocus	https://alternativeto.net/software/typora/?p=10 (list page; entry link not captured)	rank=119; page=10; 5 likes; alternatives-listed-for-this-entry=not shown; license=Free Proprietary	uFocus is a distraction-free writing application that allows you to open plain text files and manage them inside libraries. Looking for an alternative to those heavy word processors? Seeking for freshness? You are on the right place to start.	undecidable	R3: a notes, text or terminal tool whose description does not mention Markdown (application types: Text Editor)
alternativeto:Typora	Markie	https://alternativeto.net/software/typora/?p=10 (list page; entry link not captured)	rank=120; page=10; 1 like; alternatives-listed-for-this-entry=not shown; license=Free Open Source Alerts Discontinued Platforms Mac Windows Linux More about Markie Good alternative? Is Markie a good alternative to Typora ?; alerts=Discontinued	Markie is a wysiwyg editor for the markdown syntax written entirely in python with html preview of your own css.	in	R2: description names Markdown (application types: not shown)
alternativeto:Typora	CuteMarkEd	https://alternativeto.net/software/typora/?p=11 (list page; entry link not captured)	rank=121; page=11; 7 likes; alternatives-listed-for-this-entry=not shown; license=Free Open Source; alerts=Discontinued	A Qt-based, free and open source markdown editor with live HTML preview, math expressions, code and markdown syntax highlighting.	in	R2: description names Markdown (application types: Text Editor)
alternativeto:Typora	Ivirius Text Editor	https://alternativeto.net/software/typora/?p=11 (list page; entry link not captured)	rank=122; page=11; 4 likes; alternatives-listed-for-this-entry=not shown; license=Freemium Proprietary	Rich text editor for Windows 10 and 11 offering tabbed windows, autosave, minimal UI, support for multiple files, basic and advanced RTF editing, AI-powered features, extension support including ChatGPT, and a smooth workspace for daily and professional use.	undecidable	R3: a notes, text or terminal tool whose description does not mention Markdown (application types: Word Processor / Text Editor)
alternativeto:Typora	Beegit	https://alternativeto.net/software/typora/?p=11 (list page; entry link not captured)	rank=123; page=11; 4 likes; alternatives-listed-for-this-entry=not shown; license=Free Personal Proprietary; alerts=Discontinued	Beegit is the online writing platform that removes barriers across your organization to create, edit and approve web content. Try it free.	undecidable	R3: a notes, text or terminal tool whose description does not mention Markdown (application types: Text Editor)
alternativeto:Typora	MarkDrop	https://alternativeto.net/software/typora/?p=11 (list page; entry link not captured)	rank=124; page=11; Like; alternatives-listed-for-this-entry=not shown; license=Paid Proprietary Platforms Mac More about MarkDrop Good alternative? Is MarkDrop a good alternative to Typora ?	Markdown is a simple syntax built for writers who want to compose in an easy-to-write, easy-to-read format that can be converted to HTML. But the missing component up until now has been quickly uploading that HTML to a URL that can be easily shared with others.	in	R2: description names Markdown (application types: not shown)
alternativeto:Typora	FoxyNotes	https://alternativeto.net/software/typora/?p=11 (list page; entry link not captured)	rank=125; page=11; 2 likes; alternatives-listed-for-this-entry=not shown; license=Freemium Proprietary	Simple and easy-to-use notepad app designed to make your life easier. Whether you're jotting down quick notes, creating to do lists, drawing, or organizing your ideas, FoxyNotes has you covered. Plus, with seamless Google Drive sync and backup, your notes are always safe and...	undecidable	R3: a notes, text or terminal tool whose description does not mention Markdown (application types: Note-taking / Todo List Manager)
alternativeto:Typora	Buho	https://alternativeto.net/software/typora/?p=11 (list page; entry link not captured)	rank=126; page=11; 4 likes; alternatives-listed-for-this-entry=not shown; license=Free Open Source	Buho is a note-taking app. Buho will let you take quick notes, save links, create books and pages for taking classes notes.	undecidable	R3: a notes, text or terminal tool whose description does not mention Markdown (application types: Note-taking)
alternativeto:Typora	Many Notes	https://alternativeto.net/software/typora/?p=11 (list page; entry link not captured)	rank=127; page=11; 2 likes; alternatives-listed-for-this-entry=62; license=Free Open Source (MIT)	Many Notes is a markdown note-taking app designed for simplicity! Easily create or import your vaults and organize your thoughts right away.	in	R2: description names Markdown (application types: Note-taking)
alternativeto:Typora	NoteSR	https://alternativeto.net/software/typora/?p=11 (list page; entry link not captured)	rank=128; page=11; 2 likes; alternatives-listed-for-this-entry=not shown; license=Free Open Source (MIT) Origin Ukraine Platforms Android F-Droid Ukraine More about NoteSR Good alternative? Is NoteSR a good alternative to Typora ?	NoteSR is a secure and offline-first note-taking Android app that creates an encrypted storage space on your device. You can write text notes, attach any type of file to them, and open files directly inside the app — all fully encrypted using AES-256.	undecidable	R3: a notes, text or terminal tool whose description does not mention Markdown (application types: not shown)
alternativeto:Typora	Cold Turkey Writer	https://alternativeto.net/software/typora/?p=11 (list page; entry link not captured)	rank=129; page=11; 5 likes; alternatives-listed-for-this-entry=122; license=Freemium Proprietary	Cold Turkey Writer won't let you quit until you finish your work. Like, literally will not quit.	undecidable	R3: a notes, text or terminal tool whose description does not mention Markdown (application types: Text Editor)
alternativeto:Typora	Markd.ly	https://alternativeto.net/software/typora/?p=11 (list page; entry link not captured)	rank=130; page=11; 3 likes; alternatives-listed-for-this-entry=not shown; license=Freemium Proprietary	Markd.ly is a native Markdown editor for macOS, Windows, Linux, iOS, and Android, built for writers whose Markdown becomes polished deliverables. It features live preview of Mermaid diagrams and LaTeX math, code syntax highlighting, a folder-based workflow with a cloud library...	in	R2: description names Markdown (application types: Text Editor)
alternativeto:Typora	Marcdown	https://alternativeto.net/software/typora/?p=11 (list page; entry link not captured)	rank=131; page=11; 1 like; alternatives-listed-for-this-entry=not shown; license=Free Open Source (MIT)	Lightweight real time markdown viewer and editor.	in	R2: description names Markdown (application types: Text Editor)
alternativeto:Typora	Classeur	https://alternativeto.net/software/typora/?p=11 (list page; entry link not captured)	rank=132; page=11; 6 likes; alternatives-listed-for-this-entry=not shown; license=Freemium Proprietary Alerts Discontinued Platforms Online Good alternative? Is Classeur a good alternative to Typora ?; alerts=Discontinued	Start writing notes, docs, and blogs quickly using Markdown.	in	R2: description names Markdown (application types: not shown)
alternativeto:Typora	Enso - Write now,  edit later.	https://alternativeto.net/software/typora/?p=12 (list page; entry link not captured)	rank=133; page=12; 6 likes; alternatives-listed-for-this-entry=not shown; license=Free Personal Proprietary	Enso is a writing tool that helps you enter a state of flow.	undecidable	R3: a notes, text or terminal tool whose description does not mention Markdown (application types: Note-taking / Text Editor)
alternativeto:Typora	Nottodbox	https://alternativeto.net/software/typora/?p=12 (list page; entry link not captured)	rank=134; page=12; 2 likes; alternatives-listed-for-this-entry=not shown; license=Free Open Source (GPL-3.0)	Nottodbox allows you to create and organize notes, to-dos, and diaries with rich text support in popular formats.	undecidable	R3: a notes, text or terminal tool whose description does not mention Markdown (application types: Note-taking / Todo List Manager)
alternativeto:Typora	The Archive	https://alternativeto.net/software/typora/?p=12 (list page; entry link not captured)	rank=135; page=12; 11 likes; alternatives-listed-for-this-entry=not shown; license=Paid Proprietary	Fast & clean-looking note-taking app for macOS that helps writers write and think more.	undecidable	R3: a notes, text or terminal tool whose description does not mention Markdown (application types: Note-taking)
alternativeto:Typora	ZenWriter Online	https://alternativeto.net/software/typora/?p=12 (list page; entry link not captured)	rank=136; page=12; 2 likes; alternatives-listed-for-this-entry=not shown; license=Paid Proprietary	ZenWriter, an online text editor that cuts out all the distraction and lets you focus on letting your thoughts flow.	undecidable	R3: a notes, text or terminal tool whose description does not mention Markdown (application types: Novel Authoring)
alternativeto:Typora	MiniNote	https://alternativeto.net/software/typora/?p=12 (list page; entry link not captured)	rank=137; page=12; Like; alternatives-listed-for-this-entry=77; license=Free Open Source (MIT)	A simple Markdown note-taking editor.	in	R2: description names Markdown (application types: Text Editor)
alternativeto:Typora	Write for Mac	https://alternativeto.net/software/typora/?p=12 (list page; entry link not captured)	rank=138; page=12; 4 likes; alternatives-listed-for-this-entry=not shown; license=Paid Proprietary Platforms Mac More about Write for Mac Good alternative? Is Write for Mac a good alternative to Typora ?	A clean & intuitive design focused on things that matter most - your notes! Write offers a well designed writing experience with beautiful inline markdown rendering and some gorgeous fonts. Add Folders from Anywhere.	in	R2: description names Markdown (application types: not shown)
alternativeto:Typora	Glow	https://alternativeto.net/software/typora/?p=12 (list page; entry link not captured)	rank=139; page=12; 3 likes; alternatives-listed-for-this-entry=52; license=Free Open Source (MIT) Platforms Mac Windows Linux BSD More about Glow Good alternative? Is Glow a good alternative to Typora ?	Glow is a terminal based markdown reader designed from the ground up to bring out the beauty—and power—of the CLI.	in	R2: description names Markdown (application types: not shown)
alternativeto:Typora	Rucola	https://alternativeto.net/software/typora/?p=12 (list page; entry link not captured)	rank=140; page=12; 2 likes; alternatives-listed-for-this-entry=not shown; license=Free Open Source (GPL-3.0)	Terminal-based markdown note manager to view statistics, explore connections and launch editing and viewing applications.	in	R2: description names Markdown (application types: Note-taking)
alternativeto:Typora	OmmWriter	https://alternativeto.net/software/typora/?p=12 (list page; entry link not captured)	rank=141; page=12; 47 likes; alternatives-listed-for-this-entry=56; license=Paid Proprietary	Ommwriter is a simple text processor that firmly believes in making writing a pleasure once again, reinvindicating the close relationship between writer and paper. The more intimate the relation, the smoother the flow of inspiration.	undecidable	R3: a notes, text or terminal tool whose description does not mention Markdown (application types: Text Editor)
alternativeto:Typora	Notes (PFA)	https://alternativeto.net/software/typora/?p=12 (list page; entry link not captured)	rank=142; page=12; 3 likes; alternatives-listed-for-this-entry=not shown; license=Free Open Source (GPL-3.0)	Privacy Friendly Notes allows you to take and manage notes on Android devices. It belongs to the Privacy Friendly Apps group developed by the research group SECUSO at Karlsruhe Institute of Technology. More information can be found an secuso.org/pfa	undecidable	R3: a notes, text or terminal tool whose description does not mention Markdown (application types: Note-taking / Todo List Manager)
alternativeto:Typora	Dark Note	https://alternativeto.net/software/typora/?p=12 (list page; entry link not captured)	rank=143; page=12; 2 likes; alternatives-listed-for-this-entry=not shown; license=Free Open Source	Dark Note offers a wide range of features for taking notes, creating checklists, and keeping track of your budget. Its simple and elegant user interface makes it easy to use and navigate, allowing you to quickly and easily create and manage your notes + checklists.	undecidable	R3: a notes, text or terminal tool whose description does not mention Markdown (application types: Note-taking)
alternativeto:Typora	TypeFire	https://alternativeto.net/software/typora/?p=12 (list page; entry link not captured)	rank=144; page=12; Like; alternatives-listed-for-this-entry=not shown; license=Freemium Proprietary	TypeFire is three tools in one native macOS app: a text expander, a clipboard manager, and a Markdown notes editor. Each one opens over whatever application you are already in, on its own global hotkey, and what you pick lands in the document you were typing in.	in	R2: description names Markdown (application types: Note-taking / Text Expander)
alternativeto:Typora	Quillpane	https://alternativeto.net/software/typora/?p=13 (list page; entry link not captured)	rank=145; page=13; 1 like; alternatives-listed-for-this-entry=not shown; license=Free Open Source (MIT)	Quillpane, formerly Markpad, is a native desktop Markdown notepad for individual local files. Write in the editor, read the rendered preview, or use Split view to keep both visible. Notes remain ordinary files on your device, with recovery drafts, session restore, and...	in	R2: description names Markdown (application types: Note-taking / Todo List Manager)
alternativeto:Typora	Writage	https://alternativeto.net/software/typora/?p=13 (list page; entry link not captured)	rank=146; page=13; 2 likes; alternatives-listed-for-this-entry=not shown; license=Paid Proprietary Platforms Windows Microsoft Office Word W Good alternative? Is Writage a good alternative to Typora ?	Writage is a new add-in for Word, which enables to edit Markdown documents. Zero knowledge of Markdown is required in order to write structured documents. No need to remember markup for hyperlink or footnote, or how to format a table.	in	R2: description names Markdown (application types: not shown)
alternativeto:Typora	TypeBreeze	https://alternativeto.net/software/typora/?p=13 (list page; entry link not captured)	rank=147; page=13; 1 like; alternatives-listed-for-this-entry=not shown; license=Free Proprietary	TypeBreeze is a clean, distraction-free Markdown editor with live formatting, a polished writing experience, and support for focused editing without unnecessary clutter.	in	R2: description names Markdown (application types: Text Editor)
alternativeto:Typora	(Un)colored	https://alternativeto.net/software/typora/?p=13 (list page; entry link not captured)	rank=148; page=13; 20 likes; alternatives-listed-for-this-entry=not shown; license=Free Open Source (Apache-2.0) Origin International Alerts Discontinued Platforms Mac Windows Linux Global + 2 More about (Un)colored Good alternative? Is (Un)colored a good alternative to Typora ?; alerts=Discontinued	Next generation desktop rich content editor that saves documents with themes. HTML & Markdown compatible. For Windows, OS X & Linux.	out	R1: description names Markdown but also a converter, linter, theme or snippet function
alternativeto:Typora	Evermark	https://alternativeto.net/software/typora/?p=13 (list page; entry link not captured)	rank=149; page=13; Like; alternatives-listed-for-this-entry=not shown; license=Free Proprietary Platforms iPhone iPad More about Evermark Good alternative? Is Evermark a good alternative to Typora ?	Evermark is a full-featured markdown editor for iOS.	in	R2: description names Markdown (application types: not shown)
alternativeto:Typora	Formiko	https://alternativeto.net/software/typora/?p=13 (list page; entry link not captured)	rank=150; page=13; 1 like; alternatives-listed-for-this-entry=not shown; license=Free Open Source Origin Czechia EU Alerts Discontinued Platforms Linux Good alternative? Is Formiko a good alternative to Typora ?; alerts=Discontinued	Formiko is reStructuredText and MarkDown editor and live previewer. It is written in Python with Gtk3, GtkSourceView and Webkit2.	in	R2: description names Markdown (application types: not shown)
alternativeto:Typora	Theorylog	https://alternativeto.net/software/typora/?p=13 (list page; entry link not captured)	rank=151; page=13; 3 likes; alternatives-listed-for-this-entry=not shown; license=Free Proprietary Platforms Online Software as a Service (SaaS) More about Theorylog Good alternative? Is Theorylog a good alternative to Typora ?	Write markdown documents with quickly accessible code snippets, mathematical equations and images and store them in the cloud to be accessed anywhere.	out	R1: description names Markdown but also a converter, linter, theme or snippet function
alternativeto:Typora	TypoZen	https://alternativeto.net/software/typora/?p=13 (list page; entry link not captured)	rank=152; page=13; 2 likes; alternatives-listed-for-this-entry=not shown; license=Free Open Source (MIT)	TypoZen is a Markdown editor and an ePub reader in one quiet window: somewhere to write in the morning and somewhere to read in the evening, without switching apps or going near the internet.	in	R2: description names Markdown (application types: Ebook Reader / Text Editor)
alternativeto:Typora	Idaesbasic	https://alternativeto.net/software/typora/?p=13 (list page; entry link not captured)	rank=153; page=13; 3 likes; alternatives-listed-for-this-entry=not shown; license=Free Open Source (Apache-2.0)	Idaesbasic - An all in one project manager that stores everything in files directly into your project!	undecidable	R3: a notes, text or terminal tool whose description does not mention Markdown (application types: Note-taking)
alternativeto:Typora	Markdown Buddy	https://alternativeto.net/software/typora/?p=13 (list page; entry link not captured)	rank=154; page=13; 1 like; alternatives-listed-for-this-entry=not shown; license=Paid Proprietary Origin France EU Platforms Mac France EU + 2 More about Markdown Buddy M Good alternative? Is Markdown Buddy a good alternative to Typora ?	Native macOS Markdown editor that also renders Markdown files in the Finder and inside Xcode.	in	R2: description names Markdown (application types: not shown)
alternativeto:Typora	ScribeDog	https://alternativeto.net/software/typora/?p=13 (list page; entry link not captured)	rank=155; page=13; 2 likes; alternatives-listed-for-this-entry=not shown; license=Free Open Source (MIT) Origin Germany EU Platforms Windows Linux Germany EU + 9 More about ScribeDog Good alternative? Is ScribeDog a good alternative to Typora ?	ScribeDog is a native desktop Markdown editor that renders your writing as a polished, WYSIWYG document — no raw # or * syntax in sight — while keeping every file a plain, portable .md file on disk.	in	R2: description names Markdown (application types: not shown)
alternativeto:Typora	PileMD	https://alternativeto.net/software/typora/?p=13 (list page; entry link not captured)	rank=156; page=13; 5 likes; alternatives-listed-for-this-entry=not shown; license=Free Proprietary; alerts=Discontinued	PileMd has a really beautiful Markdown Editor, looks like Preview. It's like a RichText Editor but it's actually Markdown, and it works like a word processor, complete with Undo/Redo histories, list completion and clickable urls.	in	R2: description names Markdown (application types: Note-taking)
alternativeto:Typora	WeNote	https://alternativeto.net/software/typora/?p=14 (list page; entry link not captured)	rank=157; page=14; 5 likes; alternatives-listed-for-this-entry=not shown; license=Freemium Proprietary	WeNote is simple and easy to use. You can create color notes, to-do lists, reminders and calendar quickly.	undecidable	R3: a notes, text or terminal tool whose description does not mention Markdown (application types: Note-taking / Todo List Manager)
alternativeto:Typora	Editorially	https://alternativeto.net/software/typora/?p=14 (list page; entry link not captured)	rank=158; page=14; 5 likes; alternatives-listed-for-this-entry=not shown; license=Free Proprietary; alerts=Discontinued	Write. Rewrite. Share and discuss. Everything you need to make good writing great.	undecidable	R3: a notes, text or terminal tool whose description does not mention Markdown (application types: Text Editor)
alternativeto:Typora	TowPad	https://alternativeto.net/software/typora/?p=14 (list page; entry link not captured)	rank=159; page=14; 1 like; alternatives-listed-for-this-entry=not shown; license=Free Open Source (MIT)	Modern wordpad app for Windows with a focus on simplicity and ease of use.	undecidable	R3: a notes, text or terminal tool whose description does not mention Markdown (application types: Word Processor / Text Editor)
alternativeto:Typora	WriteDown	https://alternativeto.net/software/typora/?p=14 (list page; entry link not captured)	rank=160; page=14; 1 like; alternatives-listed-for-this-entry=44; license=Free Proprietary Platforms iPhone More about WriteDown Good alternative? Is WriteDown a good alternative to Typora ?	Try WriteDown, an app that made text editing simpler. You can write your note whether you are at home, at work, or on the go. Your notes are synchronized to the cloud, so you can easily read it wherever you want.	undecidable	R3: a notes, text or terminal tool whose description does not mention Markdown (application types: not shown)
alternativeto:Typora	SpringNotes	https://alternativeto.net/software/typora/?p=14 (list page; entry link not captured)	rank=161; page=14; 4 likes; alternatives-listed-for-this-entry=182; license=Paid Proprietary	Write styled Markdown notes, sync across Mac, iPhone and iPad add to-dos and tags, export to a variety of formats and choose your favourite style from a variety of colourful themes.	out	R1: description names Markdown but also a converter, linter, theme or snippet function
alternativeto:Typora	SSuite NoteBook Editor	https://alternativeto.net/software/typora/?p=14 (list page; entry link not captured)	rank=162; page=14; 6 likes; alternatives-listed-for-this-entry=161; license=Free Proprietary	SSuite NoteBook Editor is a free portable text editor that has all the functionality to start you on writing that important novel, short-story or article, with enough bells and whistles to help out. It also includes all the necessary editing short-cut keys for power users and...	undecidable	R3: a notes, text or terminal tool whose description does not mention Markdown (application types: Word Processor / Text Editor)
alternativeto:Typora	Markdown Here	https://alternativeto.net/software/typora/?p=14 (list page; entry link not captured)	rank=163; page=14; 12 likes; alternatives-listed-for-this-entry=not shown; license=Free Open Source (MIT); alerts=Discontinued	Google Chrome, Firefox, and Thunderbird extension that lets you write email in Markdown and render it before sending.	in	R2: description names Markdown (application types: Text Editor)
alternativeto:Typora	Citronote	https://alternativeto.net/software/typora/?p=14 (list page; entry link not captured)	rank=164; page=14; 2 likes; alternatives-listed-for-this-entry=not shown; license=Free Open Source (Apache-2.0)	Citronote is a note-taking application for Windows that allows you to create Markdown, Scrap, ToDo, and Plaintext notes.	in	R2: description names Markdown (application types: Note-taking)
alternativeto:Typora	Easy Markdown	https://alternativeto.net/software/typora/?p=14 (list page; entry link not captured)	rank=165; page=14; Like; alternatives-listed-for-this-entry=not shown; license=Paid Proprietary Origin Italy EU Platforms Mac Italy EU More about Easy Markdown Good alternative? Is Easy Markdown a good alternative to Typora ?	Easy Markdown lets the user create web pages writing simple text using the Markdown rules to create readable well formatted text. A text written in Markdown is a simply text which looks correctly to humans as text and automatically translates in a correct web page.	in	R2: description names Markdown (application types: not shown)
alternativeto:Typora	TableFlip	https://alternativeto.net/software/typora/?p=14 (list page; entry link not captured)	rank=166; page=14; Like; alternatives-listed-for-this-entry=not shown; license=Paid Proprietary Origin Germany EU Platforms Mac Germany EU More about TableFlip Good alternative? Is TableFlip a good alternative to Typora ?	TableFlip helps you get your table finished in no time: thanks to auto-growing tables, you don't even need to adjust the table size when you tab around the table! TableFlip is fast to boot and use. You don’t even have to speak Markdown to make use of its text-based tables!	in	R2: description names Markdown (application types: not shown)
alternativeto:Typora	Curiota	https://alternativeto.net/software/typora/?p=14 (list page; entry link not captured)	rank=167; page=14; 1 like; alternatives-listed-for-this-entry=not shown; license=Free Proprietary	Curiota is a free, fast, always available, easy to use macOS app for taking quick notes and collecting files. Instead of a proprietary database, Curiota uses standard file formats, a completely open file hierarchy, and Spotlight.	undecidable	R3: a notes, text or terminal tool whose description does not mention Markdown (application types: Note-taking)
alternativeto:Typora	Organizedly	https://alternativeto.net/software/typora/?p=14 (list page; entry link not captured)	rank=168; page=14; 1 like; alternatives-listed-for-this-entry=not shown; license=Paid Proprietary	Organizedly is where smart note-taking meets getting things done.	undecidable	R3: a notes, text or terminal tool whose description does not mention Markdown (application types: Note-taking / Todo List Manager)
alternativeto:Typora	Govel	https://alternativeto.net/software/typora/?p=15 (list page; entry link not captured)	rank=169; page=15; 3 likes; alternatives-listed-for-this-entry=not shown; license=Free Proprietary	Govel is a lightweight novel writing and organizing software designed with the intention to leave your hands where they belong: on the keyboard.	undecidable	R3: a notes, text or terminal tool whose description does not mention Markdown (application types: Novel Authoring / Note-taking)
alternativeto:Typora	Solo Notes	https://alternativeto.net/software/typora/?p=15 (list page; entry link not captured)	rank=170; page=15; 1 like; alternatives-listed-for-this-entry=not shown; license=Free Open Source (MIT)	Solo is a modern, privacy-focused note-taking application with an emphasis on typography and user experience. It's designed for users who value both aesthetics and security in their writing environment.	undecidable	R3: a notes, text or terminal tool whose description does not mention Markdown (application types: Note-taking)
alternativeto:Typora	Notah AI	https://alternativeto.net/software/typora/?p=15 (list page; entry link not captured)	rank=171; page=15; 2 likes; alternatives-listed-for-this-entry=306; license=Free Proprietary	AI executive assistant that records Google Meet, Zoom, Teams, Webex; transcribes and makes instant summaries: decisions, action items, minutes, smart titles. Search/tag, jump to quotes, export/share.	undecidable	R3: a notes, text or terminal tool whose description does not mention Markdown (application types: Note-taking / Team Collaboration)
alternativeto:Typora	Writeopia	https://alternativeto.net/software/typora/?p=15 (list page; entry link not captured)	rank=172; page=15; 3 likes; alternatives-listed-for-this-entry=not shown; license=Free Open Source (AGPL-3.0)	Writeopia is a modern text editor that integrates AI while prioritizing offline functionality and user privacy. Unlike cloud-based AI assistants, Writeopia allows you to choose your own AI model and interact with it locally, ensuring that your data stays on your device.	undecidable	R3: a notes, text or terminal tool whose description does not mention Markdown (application types: Text Editor)
alternativeto:Typora	Modern Markdown Editor	https://alternativeto.net/software/typora/?p=15 (list page; entry link not captured)	rank=173; page=15; 1 like; alternatives-listed-for-this-entry=not shown; license=Free Proprietary	Modern Markdown Editor is a sleek, minimal note-taking and writing platform that lets you create, edit, and organize your notes effortlessly using Markdown.	in	R2: description names Markdown (application types: Note-taking)
alternativeto:Typora	Qilin Editor	https://alternativeto.net/software/typora/?p=15 (list page; entry link not captured)	rank=174; page=15; 1 like; alternatives-listed-for-this-entry=not shown; license=Free Open Source (MIT) Alerts Discontinued Platforms Mac Windows Linux More about Qilin Editor Good alternative? Is Qilin Editor a good alternative to Typora ?; alerts=Discontinued	Qilin is a free, open-source and fully hackable text editor developed for exact sciences in mind. It fully supports KaTeX and AsciiMath. Qilin works on each desktop platform - it is based on Chromium and Node.js, licensed under the MIT license.	undecidable	R3: a notes, text or terminal tool whose description does not mention Markdown (application types: not shown)
alternativeto:Typora	Desk	https://alternativeto.net/software/typora/?p=15 (list page; entry link not captured)	rank=175; page=15; 4 likes; alternatives-listed-for-this-entry=not shown; license=Paid Proprietary; alerts=Discontinued	An award-winning & beloved desktop publishing client, exclusively for OS X.	undecidable	R3: a notes, text or terminal tool whose description does not mention Markdown (application types: Note-taking / Blog Publishing)
alternativeto:Typora	Rhyolite	https://alternativeto.net/software/typora/?p=15 (list page; entry link not captured)	rank=176; page=15; 1 like; alternatives-listed-for-this-entry=not shown; license=Free Open Source (GPL-3.0)	Rhyolite is a simple markdown editor build using tauri framework that allows user to edit and work on markdown files.	in	R2: description names Markdown (application types: Note-taking)
alternativeto:Typora	Blank Slate	https://alternativeto.net/software/typora/?p=15 (list page; entry link not captured)	rank=177; page=15; 1 like; alternatives-listed-for-this-entry=51; license=Free Proprietary Platforms Online More about Blank Slate Good alternative? Is Blank Slate a good alternative to Typora ?	Get thoughts down quick, do things with them later. Just start typing.	out	R4: neither Markdown nor a notes, text, writing or terminal tool in the description or application types (types: not shown)
alternativeto:Typora	FuzPad	https://alternativeto.net/software/typora/?p=15 (list page; entry link not captured)	rank=178; page=15; 1 like; alternatives-listed-for-this-entry=not shown; license=Free Open Source (GPL-3.0)	A minimalistic note management solution. Powered by fzf.	undecidable	R3: a notes, text or terminal tool whose description does not mention Markdown (application types: Note-taking)
alternativeto:Typora	Windi	https://alternativeto.net/software/typora/?p=15 (list page; entry link not captured)	rank=179; page=15; 2 likes; alternatives-listed-for-this-entry=not shown; license=Freemium Proprietary	Windi is a knowledge management app that helps you take short notes, make sense of them, and share with your communities.	undecidable	R3: a notes, text or terminal tool whose description does not mention Markdown (application types: Note-taking)
alternativeto:Typora	AsciidocFX	https://alternativeto.net/software/typora/?p=15 (list page; entry link not captured)	rank=180; page=15; 2 likes; alternatives-listed-for-this-entry=not shown; license=Free Open Source (Apache-2.0)	Asciidoc FX is a book / document editor to build PDF, Epub, Mobi and HTML books, documents and slides. AsciidocFX is also a winner of Duke’s Choice Award 2015.	undecidable	R3: a notes, text or terminal tool whose description does not mention Markdown (application types: Text Editor)
alternativeto:Typora	Markdown Life	https://alternativeto.net/software/typora/?p=16 (list page; entry link not captured)	rank=181; page=16; 2 likes; alternatives-listed-for-this-entry=54; license=Paid Proprietary	An elegant and easy to use editor with simplicity for the Markdown markup language. Markdown Life is able to use full power of your new Mac and brings you unprecedented performance.	in	R2: description names Markdown (application types: Note-taking)
alternativeto:Typora	Skrifa	https://alternativeto.net/software/typora/?p=16 (list page; entry link not captured)	rank=182; page=16; 6 likes; alternatives-listed-for-this-entry=not shown; license=Free Open Source; alerts=Discontinued	A simple note taking application for your computer focused on privacy, using PGP keys to encrypt all your notes by default.	undecidable	R3: a notes, text or terminal tool whose description does not mention Markdown (application types: Note-taking)
alternativeto:Typora	Erato	https://alternativeto.net/software/typora/?p=16 (list page; entry link not captured)	rank=183; page=16; 1 like; alternatives-listed-for-this-entry=not shown; license=Paid Proprietary Origin Sweden EU Platforms Mac Sweden EU More about Erato Good alternative? Is Erato a good alternative to Typora ?	Erato is a beautiful and simple Markdown editor for your Mac. It is fast, extremely easy to use and gets out of your way.	in	R2: description names Markdown (application types: not shown)
alternativeto:Typora	Medium Article Writer	https://alternativeto.net/software/typora/?p=16 (list page; entry link not captured)	rank=184; page=16; Like; alternatives-listed-for-this-entry=not shown; license=Free Proprietary Platforms Online Chrome OS Google Drive Google Drive - Docs More about Medium Article Writer Good alternative? Is this a good alternative to Typora ?	The Medium Article Writer Add-on for Google Docs helps authors to create content and publish to Medium directly from Google Docs.	out	R4: neither Markdown nor a notes, text, writing or terminal tool in the description or application types (types: not shown)
alternativeto:Typora	Booker	https://alternativeto.net/software/typora/?p=16 (list page; entry link not captured)	rank=185; page=16; Like; alternatives-listed-for-this-entry=not shown; license=Paid Proprietary Platforms Mac + 1 More about Booker Good alternative? Is Booker a good alternative to Typora ?	Meet Booker, an editor with the power of Markdown, made specially for writers and bloggers. You don’t have to blur your mind with any concerns instead of writing down your ideas. Just pull up a chair, enter fullscreen distraction-free mode, and start making a new book, post, or...	in	R2: description names Markdown (application types: not shown)
alternativeto:Typora	Deft	https://alternativeto.net/software/typora/?p=16 (list page; entry link not captured)	rank=186; page=16; 2 likes; alternatives-listed-for-this-entry=not shown; license=Free Proprietary	Deft is a desktop editor for Markdown notes and LaTeX documents. It comes bundled with a LaTeX engine, so you can write articles as easily as notes.	in	R2: description names Markdown (application types: Note-taking / Text Editor)
alternativeto:Typora	ERA	https://alternativeto.net/software/typora/?p=16 (list page; entry link not captured)	rank=187; page=16; 1 like; alternatives-listed-for-this-entry=not shown; license=Paid Proprietary	ERA is your go-to solution for streamlined note-taking and knowledge management. ERA makes it easier for you to write notes and documentation for your great projects. It was created to simplify your daily work.	undecidable	R3: a notes, text or terminal tool whose description does not mention Markdown (application types: Note-taking)
alternativeto:Typora	Zizeg	https://alternativeto.net/software/typora/?p=16 (list page; entry link not captured)	rank=188; page=16; 1 like; alternatives-listed-for-this-entry=not shown; license=Paid Proprietary	Zizeg is a native Mac Markdown editor for people who want to work visually while keeping direct control of their source. Edit text, lists, and tables in the rendered Preview, work in raw Source, or keep both editors open side by side. Changes stay in sync in the same plain .	in	R2: description names Markdown (application types: Text Editor)
alternativeto:Typora	Ballistic	https://alternativeto.net/software/typora/?p=16 (list page; entry link not captured)	rank=189; page=16; Like; alternatives-listed-for-this-entry=not shown; license=Free Proprietary	Designed for software developers, Ballistic helps you organize your thoughts, information, notes and code snippets, so you never have to step outside of your dev workflow.	undecidable	R3: a notes, text or terminal tool whose description does not mention Markdown (application types: Note-taking)
alternativeto:Typora	NovelShort	https://alternativeto.net/software/typora/?p=16 (list page; entry link not captured)	rank=190; page=16; 1 like; alternatives-listed-for-this-entry=not shown; license=Freemium Proprietary Origin United States Platforms iPhone United States More about NovelShort Good alternative? Is NovelShort a good alternative to Typora ?	NovelShort – Read Unlimited is your all-in-one novel reading app designed for book lovers who enjoy short stories, novels, and serialized fiction anytime, anywhere.	out	R4: neither Markdown nor a notes, text, writing or terminal tool in the description or application types (types: not shown)
alternativeto:Typora	Folding Mirror	https://alternativeto.net/software/typora/?p=16 (list page; entry link not captured)	rank=191; page=16; 1 like; alternatives-listed-for-this-entry=not shown; license=Paid Proprietary	Folding Mirror is a Markdown editor for macOS, featuring live preview which renders what you type in place. When the caret is moved onto a line, it folds back into its Markdown source, allowing you to edit the original content instead of a representation.	in	R2: description names Markdown (application types: Note-taking / Text Editor)
alternativeto:Typora	Soma AI Notes	https://alternativeto.net/software/typora/?p=16 (list page; entry link not captured)	rank=192; page=16; 1 like; alternatives-listed-for-this-entry=not shown; license=Freemium Proprietary	An AI note app where you write in seconds, and rediscover notes by meaning—not location.	undecidable	R3: a notes, text or terminal tool whose description does not mention Markdown (application types: Note-taking)
alternativeto:Typora	Tolstoy Compose	https://alternativeto.net/software/typora/?p=17 (list page; entry link not captured)	rank=193; page=17; 1 like; alternatives-listed-for-this-entry=not shown; license=Paid Proprietary	Tolstoy Compose is a local-first professional writing app you can use in your browser or install as a Progressive Web App. Keep your notes, research, citations, feedback and earlier versions together in one place.	undecidable	R3: a notes, text or terminal tool whose description does not mention Markdown (application types: Word Processor / Note-taking)
alternativeto:Typora	Pen and Quiet	https://alternativeto.net/software/typora/?p=17 (list page; entry link not captured)	rank=194; page=17; 1 like; alternatives-listed-for-this-entry=not shown; license=Free Proprietary Platforms Online + 2 More about Pen and Quiet Good alternative? Is Pen and Quiet a good alternative to Typora ?	A calm, private Markdown editor in your browser. It's free, needs no account, keeps your words on your device, and will never use AI.	in	R2: description names Markdown (application types: not shown)
alternativeto:Typora	Strokes	https://alternativeto.net/software/typora/?p=17 (list page; entry link not captured)	rank=195; page=17; 1 like; alternatives-listed-for-this-entry=13; license=Freemium Proprietary	Desktop text editor for macOS and Windows with GPT, Claude, Gemini and Grok built in: AI edits appear as diffs you accept or reject, and documents stay as files on your disk.	undecidable	R3: a notes, text or terminal tool whose description does not mention Markdown (application types: Text Editor)
alternativeto:Typora	mMDd	https://alternativeto.net/software/typora/?p=17 (list page; entry link not captured)	rank=196; page=17; 1 like; alternatives-listed-for-this-entry=not shown; license=Freemium Proprietary	Free, light, and surprisingly capable: a Markdown viewer and editor for macOS and Windows with tabs, live preview, and an outline sidebar.	in	R2: description names Markdown (application types: Text Editor)
alternativeto:Typora	nTilia	https://alternativeto.net/software/typora/?p=17 (list page; entry link not captured)	rank=197; page=17; Like; alternatives-listed-for-this-entry=not shown; license=Freemium Proprietary	nTilia is a Markdown notes app built for field work. You capture notes, photos and audio on the device, even without a network. When you are back online, you can edit, translate and publish. Nothing is sent to the cloud unless you choose to.	in	R2: description names Markdown (application types: Note-taking / Text Editor)
alternativeto:Typora	Markdown Preview Editor	https://alternativeto.net/software/typora/?p=17 (list page; entry link not captured)	rank=198; page=17; Like; alternatives-listed-for-this-entry=not shown; license=Free Open Source (MIT) Origin Sweden EU Platforms Online Self-Hosted Sweden EU More about Markdown Preview Editor Good alternative? Is this a good alternative to Typora ?	Markdown Preview Editor is a free browser-based Markdown editor with live preview and synchronized scrolling.	in	R2: description names Markdown (application types: not shown)
alternativeto:Typora	MacDown 3000	https://alternativeto.net/software/typora/?p=17 (list page; entry link not captured)	rank=199; page=17; Like; alternatives-listed-for-this-entry=not shown; license=Free Open Source (MIT)	MacDown 3000 is a free Markdown editor for macOS, available under the MIT License. It continues the legacy started by Chen Luo's	in	R2: description names Markdown (application types: Text Editor)
alternativeto:Typora	Inkiostro	https://alternativeto.net/software/typora/?p=17 (list page; entry link not captured)	rank=200; page=17; Like; alternatives-listed-for-this-entry=not shown; license=Freemium Proprietary Origin Italy EU Platforms Mac Android iPhone Android Tablet iPad Italy EU More about Inkiostro Good alternative? Is Inkiostro a good alternative to Typora ?	Markdown editor for iPhone, iPad and Mac with a live preview, KaTeX equations, Mermaid flowcharts and Gantt charts, smart tables, tags and iCloud Drive sync. Export selectable-text PDFs; add HTML or EPUB export, custom fonts and version comparisons with paid upgrade.	in	R2: description names Markdown (application types: not shown)
alternativeto:Typora	SoloMD	https://alternativeto.net/software/typora/?p=17 (list page; entry link not captured)	rank=201; page=17; Like; alternatives-listed-for-this-entry=14; license=Free Open Source (MIT)	Free, open-source (MIT) Markdown editor with Typora-style live preview, math, diagrams, wiki links and PDF/Word/HTML export, for macOS, Windows, Linux, iOS and Android.	in	R2: description names Markdown (application types: Note-taking / Text Editor)
alternativeto:Typora	NeoText	https://alternativeto.net/software/typora/?p=17 (list page; entry link not captured)	rank=202; page=17; Like; alternatives-listed-for-this-entry=not shown; license=Free Open Source (GPL-3.0) Origin Germany EU Platforms Windows Germany EU + 3 More about NeoText Good alternative? Is NeoText a good alternative to Typora ?	NeoText is an ultra-lightweight, clutter-free text and document viewer for Windows, designed for focused reading and distraction-free editing.	out	R4: neither Markdown nor a notes, text, writing or terminal tool in the description or application types (types: not shown)
alternativeto:Typora	Ritemark	https://alternativeto.net/software/typora/?p=17 (list page; entry link not captured)	rank=203; page=17; Like; alternatives-listed-for-this-entry=not shown; license=Free Open Source (MIT) Origin Estonia EU Platforms Mac Windows Estonia EU More about Ritemark Good alternative? Is Ritemark a good alternative to Typora ?	Free, open-source markdown writing app where the AI you already use (Claude, Codex or OpenCode) works directly in your files.	in	R2: description names Markdown (application types: not shown)
alternativeto:Typora	IWL: Smarter Writing	https://alternativeto.net/software/typora/?p=17 (list page; entry link not captured)	rank=204; page=17; Like; alternatives-listed-for-this-entry=not shown; license=Paid Proprietary	IWL is a beautiful Markdown text editor designed to help you write with focus, powered by a suite of intelligent tools that elevate your writing to a professional level.	in	R2: description names Markdown (application types: Text Editor)
alternativeto:Typora	Nodes App	https://alternativeto.net/software/typora/?p=18 (list page; entry link not captured)	rank=205; page=18; Like; alternatives-listed-for-this-entry=not shown; license=Free Proprietary	Nodes is your local, intelligent note system – minimal, powerful, and built for deep thinking.	undecidable	R3: a notes, text or terminal tool whose description does not mention Markdown (application types: Note-taking)
alternativeto:Typora	Chat Notes	https://alternativeto.net/software/typora/?p=18 (list page; entry link not captured)	rank=206; page=18; Like; alternatives-listed-for-this-entry=not shown; license=Free Proprietary	A native macOS app that reimagines note-taking. Capture ideas in a familiar chat interface, organize with stacks, and dive deeper with threads.	undecidable	R3: a notes, text or terminal tool whose description does not mention Markdown (application types: Note-taking)
alternativeto:Typora	Edmund	https://alternativeto.net/software/typora/?p=18 (list page; entry link not captured)	rank=207; page=18; Like; alternatives-listed-for-this-entry=not shown; license=Free Open Source (Apache-2.0) Platforms Mac + 1 More about Edmund Good alternative? Is Edmund a good alternative to Typora ?	Our goal is to be the CotEditor of Markdown editors, i.e. elegant, powerful, configurable, and native inside out.	in	R2: description names Markdown (application types: not shown)
alternativeto:Typora	AR Drawing Simply - ARtist	https://alternativeto.net/software/typora/?p=18 (list page; entry link not captured)	rank=208; page=18; Like; alternatives-listed-for-this-entry=not shown; license=Freemium Proprietary Platforms iPhone iPad More about AR Drawing Simply - ARtist Good alternative? Is this a good alternative to Typora ?	An augmented reality drawing app that allows you to create stunning 3D artworks in real-world environments using your iPhone or iPad.	out	R4: neither Markdown nor a notes, text, writing or terminal tool in the description or application types (types: not shown)
alternativeto:Typora	Markdown Writer	https://alternativeto.net/software/typora/?p=18 (list page; entry link not captured)	rank=209; page=18; Like; alternatives-listed-for-this-entry=not shown; license=Free Proprietary Platforms UNIX Web Browser More about Markdown Writer Good alternative? Is Markdown Writer a good alternative to Typora ?	Markdown Writer is a free online Markdown editor for writing and previewing documents in the browser. It supports live preview, GitHub Flavored Markdown (GFM), KaTeX math, Mermaid diagrams, and PDF export.	in	R2: description names Markdown (application types: not shown)
alternativeto:Typora	MarkView	https://alternativeto.net/software/typora/?p=18 (list page; entry link not captured)	rank=210; page=18; Like; alternatives-listed-for-this-entry=not shown; license=Free Proprietary Origin United States Platforms Mac Windows Linux United States More about MarkView Good alternative? Is MarkView a good alternative to Typora ?	Free desktop app for reading Markdown files with native support for macOS, Windows, and Linux. Offers double-click opening, tables, syntax-highlighted code, diagrams, light and dark themes, adjustable zoom, and assures local privacy with no accounts or uploads.	out	R1: description names Markdown but also a converter, linter, theme or snippet function
alternativeto:Typora	NoteDiscovery	https://alternativeto.net/software/typora/?p=18 (list page; entry link not captured)	rank=211; page=18; Like; alternatives-listed-for-this-entry=51; license=Free Open Source (MIT)	NoteDiscovery is a lightweight, self-hosted note-taking application that puts you in complete control of your knowledge base. Write, organize, and discover your notes with a beautiful, modern interface—all running on your own server.	undecidable	R3: a notes, text or terminal tool whose description does not mention Markdown (application types: Note-taking)
alternativeto:Typora	Meva	https://alternativeto.net/software/typora/?p=18 (list page; entry link not captured)	rank=212; page=18; Like; alternatives-listed-for-this-entry=not shown; license=Freemium Proprietary Origin United States Platforms Mac Windows Linux United States + 3 More about Meva Good alternative? Is Meva a good alternative to Typora ?	A fast, native markdown viewer built for the AI era. Browse folders, render LaTeX and Mermaid diagrams, and read AI-generated docs beautifully — all offline, under 15MB.	in	R2: description names Markdown (application types: not shown)
alternativeto:Typora	Markdific	https://alternativeto.net/software/typora/?p=18 (list page; entry link not captured)	rank=213; page=18; Like; alternatives-listed-for-this-entry=not shown; license=Freemium Proprietary Origin Singapore Platforms Online Singapore + 1 More about Markdific Good alternative? Is Markdific a good alternative to Typora ?	Lightweight markdown viewer and editor for Mac and Windows that opens any .md file and renders it cleanly, with editing, autosave, and export. iOS and Android coming soon.	in	R2: description names Markdown (application types: not shown)
alternativeto:Typora	Protowords	https://alternativeto.net/software/typora/?p=18 (list page; entry link not captured)	rank=214; page=18; Like; alternatives-listed-for-this-entry=not shown; license=Paid Proprietary	Its primary goal is to make writing the first draft of your novel as easy as possible by improving the writing experience. It pulls you into your story with audio-visual themes, makes you feel comfortable in your writing space with its minimalist approach, and helps you hit...	undecidable	R3: a notes, text or terminal tool whose description does not mention Markdown (application types: Novel Authoring)
alternativeto:Typora	Coluracetam	https://alternativeto.net/software/typora/?p=18 (list page; entry link not captured)	rank=215; page=18; Like; alternatives-listed-for-this-entry=not shown; license=Free Open Source (MIT) Platforms Mac + 3 More about Coluracetam Good alternative? Is Coluracetam a good alternative to Typora ?	Native macOS tool delivering live-rendered, GitHub-style Markdown previews in Finder and app, including Quick Look, thumbnails, split source/preview editor, code highlighting, zoom, find, and export. Requires macOS 26, open source, also on Mac App Store.	in	R2: description names Markdown (application types: not shown)
alternativeto:Typora	MDash	https://alternativeto.net/software/typora/?p=18 (list page; entry link not captured)	rank=216; page=18; Like; alternatives-listed-for-this-entry=not shown; license=Paid Proprietary Platforms Mac + 4 More about MDash Good alternative? Is MDash a good alternative to Typora ?	Write or paste Markdown — a ChatGPT answer, your notes, a whole thesis — and export a clean, print-ready PDF with smart page breaks and working links.	in	R2: description names Markdown (application types: not shown)
alternativeto:Typora	Viewdown	https://alternativeto.net/software/typora/?p=19 (list page; entry link not captured)	rank=217; page=19; Like; alternatives-listed-for-this-entry=not shown; license=Paid Proprietary Origin Netherlands EU Platforms Mac Netherlands EU More about Viewdown Good alternative? Is Viewdown a good alternative to Typora ?	Viewdown is a Markdown viewer for Mac, designed for the best and fastest reading experience. It live-reloads on every save and jumps straight to what changed, whichever editor you prefer writing in.	in	R2: description names Markdown (application types: not shown)
alternativeto:Typora	Scratchmark	https://alternativeto.net/software/typora/?p=19 (list page; entry link not captured)	rank=218; page=19; Like; alternatives-listed-for-this-entry=not shown; license=Free Open Source (GPL-3.0) Platforms Linux Flathub Flatpak More about Scratchmark Good alternative? Is Scratchmark a good alternative to Typora ?	Scratchmark is a pleasant Markdown editor for writing. It tries to give you everything you need and otherwise stay out of your way so you can just focus on the text. The app can be used for writing essays and making quick notes alike.	in	R2: description names Markdown (application types: not shown)
alternativeto:Typora	Medita	https://alternativeto.net/software/typora/?p=19 (list page; entry link not captured)	rank=219; page=19; Like; alternatives-listed-for-this-entry=not shown; license=Paid Proprietary Platforms Mac More about Medita Good alternative? Is Medita a good alternative to Typora ? Ad Daino Notes Offers fast, distraction-free note-taking via a high-performance editor with real-time Markdown, local-first storage, image support, Kanban task boards, intuitive drag-and-drop, keyboard shortcuts, configurable themes, fast searc... https://www.get-notes.com Learn More	A Quiet Markdown Editor for macOS with a local AI companion.	in	R2: description names Markdown (application types: not shown)
alternativeto:Typora	freewrite	https://alternativeto.net/software/typora/?p=19 (list page; entry link not captured)	rank=220; page=19; Like; alternatives-listed-for-this-entry=not shown; license=Free Open Source (MIT)	One simple, clean place to write continuously for a set time without distraction — think through a new idea, write your next script, reflect on an event, whatever.	undecidable	R3: a notes, text or terminal tool whose description does not mention Markdown (application types: Note-taking)
alternativeto:Typora	Anotalos	https://alternativeto.net/software/typora/?p=19 (list page; entry link not captured)	rank=221; page=19; Like; alternatives-listed-for-this-entry=not shown; license=Free Proprietary	Advanced and fully featured notes app for iPhone, iPad & Mac. Built with the latest technologies to handle almost anything.	undecidable	R3: a notes, text or terminal tool whose description does not mention Markdown (application types: Note-taking)
alternativeto:Obsidian	Zettlr	https://alternativeto.net/software/obsidian/ (list page; entry link not captured)	rank=1; page=1; 270 likes; alternatives-listed-for-this-entry=260; license=Free Open Source (GPL-3.0)	Unified writing platform offering note-taking, easy citations with Zotero integration, LaTeX/Word templates, snippets, themes, dark modes, code highlighting, multi-language support, and knowledge management with Zettelkasten for seamless writing from notes to books.	undecidable	R3: a notes, text or terminal tool whose description does not mention Markdown (application types: Note-taking / Text Editor)
alternativeto:Obsidian	sNotes – Students Notes	https://alternativeto.net/software/obsidian/ (list page; entry link not captured)	rank=2; page=1; 124 likes; alternatives-listed-for-this-entry=not shown; license=Free Proprietary	Students Notes is a note-taking app designed for online learners to overcome information overload,	undecidable	R3: a notes, text or terminal tool whose description does not mention Markdown (application types: Note-taking)
alternativeto:Obsidian	Anytype	https://alternativeto.net/software/obsidian/ (list page; entry link not captured)	rank=3; page=1; 313 likes; alternatives-listed-for-this-entry=250; license=Freemium Source Available	Manage notes, tasks, and projects offline with Markdown support. Enjoy encrypted storage, P2P syncing, and powerful dynamic collections across all devices, while allowing redistribution and modification for non-commercial uses.	in	R2: description names Markdown (application types: Note-taking / Todo List Manager)
alternativeto:Obsidian	Joplin	https://alternativeto.net/software/obsidian/ (list page; entry link not captured)	rank=4; page=1; 947 likes; alternatives-listed-for-this-entry=241; license=Freemium Open Source (AGPL-3.0)	Open source app for managing notes and to-dos with Markdown support. Syncs seamlessly across devices using services like Dropbox and OneDrive. Offers end-to-end encrypted synchronicity, offline access, rich import/export options, and a Web Clipper for browsers.	in	R2: description names Markdown (application types: Note-taking / Todo List Manager)
alternativeto:Obsidian	Logseq	https://alternativeto.net/software/obsidian/ (list page; entry link not captured)	rank=5; page=1; 358 likes; alternatives-listed-for-this-entry=271; license=Free Open Source (AGPL-3.0)	Local-first, privacy-focused notebook supporting Markdown and Emacs Org mode. Offers offline use, encrypted backups, plugin extensibility, LaTeX support, real-time collaboration, and hierarchical organization for personal knowledge management.	in	R2: description names Markdown (application types: Note-taking / Task Management)
alternativeto:Obsidian	Notion	https://alternativeto.net/software/obsidian/ (list page; entry link not captured)	rank=6; page=1; 692 likes; alternatives-listed-for-this-entry=442; license=Freemium Proprietary	Enhance team collaboration and content organization with Notion. Experience real-time access, intuitive drag-and-drop functionalities, and visually simple interfaces designed for productivity in managing tasks, notes, and databases effectively. Ideal for teams of every size.	undecidable	R3: a notes, text or terminal tool whose description does not mention Markdown (application types: Note-taking / Todo List Manager)
alternativeto:Obsidian	Notesnook	https://alternativeto.net/software/obsidian/ (list page; entry link not captured)	rank=7; page=1; 224 likes; alternatives-listed-for-this-entry=405; license=Freemium Open Source (GPL-3.0)	Offers open-source, end-to-end encrypted notes with device-based privacy, cross-platform support, private vault, secure sync, offline access, markdown editor, exports to multiple formats, automatic backups, organizational tools, and strong encryption.	in	R2: description names Markdown (application types: Note-taking / Task Management)
alternativeto:Obsidian	Standard Notes	https://alternativeto.net/software/obsidian/ (list page; entry link not captured)	rank=8; page=1; 709 likes; alternatives-listed-for-this-entry=227; license=Freemium Open Source (AGPL-3.0)	Secure note-taking app with end-to-end encryption, unlimited syncing across all platforms, offline access, detailed organization through tags, strong passcode and biometric protections, and premium features like encrypted files, themes, web clipper, super note types, and hardware key support.	undecidable	R3: a notes, text or terminal tool whose description does not mention Markdown (application types: Note-taking / Todo List Manager)
alternativeto:Obsidian	Microsoft OneNote	https://alternativeto.net/software/obsidian/ (list page; entry link not captured)	rank=9; page=1; 1150 likes; alternatives-listed-for-this-entry=249; license=Freemium Proprietary	Comprehensive digital notebook offering organizers, shared notes, multi-device syncing, and optical character recognition, plus cloud-based data management for efficient information handling and accessibility.	undecidable	R3: a notes, text or terminal tool whose description does not mention Markdown (application types: Note-taking / Todo List Manager)
alternativeto:Obsidian	AppFlowy	https://alternativeto.net/software/obsidian/ (list page; entry link not captured)	rank=10; page=1; 214 likes; alternatives-listed-for-this-entry=162; license=Freemium Open Source (AGPL-3.0)	Open-source workspace offering complete data control, deep customization via themes, plugins, and templates, native multi-platform support using Flutter and Rust, offline access, privacy features, collaborative tools, and easy extensibility for all users.	undecidable	R3: a notes, text or terminal tool whose description does not mention Markdown (application types: Note-taking / Todo List Manager)
alternativeto:Obsidian	Google Docs	https://alternativeto.net/software/obsidian/ (list page; entry link not captured)	rank=11; page=1; 967 likes; alternatives-listed-for-this-entry=155; license=Free Proprietary	Powerful online word processor with real-time collaboration, document conversion from Word, extensive formatting options, revision history, and multilingual capabilities, all integrated within the Google Drive ecosystem, accessible through any internet-connected device.	out	R4: neither Markdown nor a notes, text, writing or terminal tool in the description or application types (types: Word Processor / Team Collaboration)
alternativeto:Obsidian	Google Keep	https://alternativeto.net/software/obsidian/ (list page; entry link not captured)	rank=12; page=1; 853 likes; alternatives-listed-for-this-entry=185; license=Free Proprietary	Google Keep is a multifunctional tool that merges note-taking with browsing, allowing capture of thoughts, checklists, or voice notes, with cross-device synchronization. Features include color-coded notes, voice transcription, geo-fencing, collaboration, cloud storage, and seamless Google integration.	undecidable	R3: a notes, text or terminal tool whose description does not mention Markdown (application types: Note-taking / Todo List Manager)
alternativeto:Obsidian	Simplenote	https://alternativeto.net/software/obsidian/?p=2 (list page; entry link not captured)	rank=13; page=2; 612 likes; alternatives-listed-for-this-entry=199; license=Free Open Source (GPL-2.0); alerts=Discontinued	Cloud-based, open-source note-taking app supporting plain text notes, lists, and ideas with real-time sync, multi-device support, version history, markdown, tagging, collaborative editing, no ads, and free registration required for all cloud features.	in	R2: description names Markdown (application types: Note-taking / Todo List Manager)
alternativeto:Obsidian	Zim	https://alternativeto.net/software/obsidian/?p=2 (list page; entry link not captured)	rank=14; page=2; 521 likes; alternatives-listed-for-this-entry=364; license=Free Open Source (GPL-2.0)	Zim brings the concept of a wiki to your desktop. Store information, link pages and edit with WYSISYG markup or directly typing some lightweight markup syntax and see it previewed as-you-type. Creating a new page is easy by either clicking on the "Create new note"...	undecidable	R3: a notes, text or terminal tool whose description does not mention Markdown (application types: Note-taking / Task Management)
alternativeto:Obsidian	CryptPad	https://alternativeto.net/software/obsidian/?p=2 (list page; entry link not captured)	rank=15; page=2; 198 likes; alternatives-listed-for-this-entry=127; license=Freemium Open Source (AGPL-3.0)	CryptPad is a private-by-design alternative to popular office tools and cloud services. All the content stored on CryptPad is encrypted before being sent, which means nobody can access your data unless you give them the keys.	out	R4: neither Markdown nor a notes, text, writing or terminal tool in the description or application types (types: Spreadsheet / Word Processor)
alternativeto:Obsidian	AFFiNE	https://alternativeto.net/software/obsidian/?p=2 (list page; entry link not captured)	rank=16; page=2; 127 likes; alternatives-listed-for-this-entry=224; license=Freemium Proprietary	Open-source, privacy-focused workspace combining note-taking, project and task management, Kanban board, interactive whiteboard, Pomodoro timer, Markdown support, offline access, real-time team collaboration with @mentions, goal tracking, subtasks, and customizable features.	in	R2: description names Markdown (application types: Note-taking / Todo List Manager)
alternativeto:Obsidian	Trilium Notes	https://alternativeto.net/software/obsidian/?p=2 (list page; entry link not captured)	rank=17; page=2; 129 likes; alternatives-listed-for-this-entry=not shown; license=Free Open Source (AGPL-3.0)	The original trilium is transfered to this repo by its owner and the app continues to develop here as stated here:	undecidable	R3: a notes, text or terminal tool whose description does not mention Markdown (application types: Note-taking / Todo List Manager)
alternativeto:Obsidian	CherryTree	https://alternativeto.net/software/obsidian/?p=2 (list page; entry link not captured)	rank=18; page=2; 335 likes; alternatives-listed-for-this-entry=158; license=Free Open Source	Hierarchical note-taking software that is free, open-source, cross-platform. Features include rich text, syntax highlighting, multi-level lists, embedded files, customizable interface, code execution, PDF export, spell check, images & tables, and comprehensive project management support.	undecidable	R3: a notes, text or terminal tool whose description does not mention Markdown (application types: Note-taking / Todo List Manager)
alternativeto:Obsidian	SiYuan	https://alternativeto.net/software/obsidian/?p=2 (list page; entry link not captured)	rank=19; page=2; 85 likes; alternatives-listed-for-this-entry=not shown; license=Freemium Open Source (AGPL-3.0)	SiYuan is a desktop Markdown Block-Reference and Bidirectional-Link note-taking application.	in	R2: description names Markdown (application types: Note-taking / Todo List Manager)
alternativeto:Obsidian	GNU Emacs	https://alternativeto.net/software/obsidian/?p=2 (list page; entry link not captured)	rank=20; page=2; 392 likes; alternatives-listed-for-this-entry=210; license=Free Open Source (GPL-3.0)	GNU Emacs is an extensible, customizable text editor—and more. At its core is an interpreter for Emacs Lisp, a dialect of the Lisp programming language with extensions to support text editing. The features of GNU Emacs include:	undecidable	R3: a notes, text or terminal tool whose description does not mention Markdown (application types: Text Editor / Code Editor)
alternativeto:Obsidian	Tolaria	https://alternativeto.net/software/obsidian/?p=2 (list page; entry link not captured)	rank=21; page=2; 36 likes; alternatives-listed-for-this-entry=52; license=Free Open Source (AGPL-3.0)	Desktop note app stores plain markdown files with YAML, supports offline-first use, integrated Git repositories for full history, native Claude AI and Codex CLI integration, open source, portable data, keyboard-driven interface, no proprietary lock-in.	in	R2: description names Markdown (application types: Note-taking)
alternativeto:Obsidian	HelixNotes	https://alternativeto.net/software/obsidian/?p=2 (list page; entry link not captured)	rank=22; page=2; 30 likes; alternatives-listed-for-this-entry=168; license=Free Open Source (AGPL-3.0)	HelixNotes is a local markdown note-taking app built with Rust, Tauri 2.0, and SvelteKit. Your notes are standard .md files on your filesystem - sync with whatever you want or nothing at all.	in	R2: description names Markdown (application types: Note-taking / Todo List Manager)
alternativeto:Obsidian	QOwnNotes	https://alternativeto.net/software/obsidian/?p=2 (list page; entry link not captured)	rank=23; page=2; 104 likes; alternatives-listed-for-this-entry=333; license=Free Open Source (GPL-2.0)	Plain text notepad with markdown support and todo list manager for Linux, Mac OS X and Windows, that works together with the notes application of ownCloud.	in	R2: description names Markdown (application types: Note-taking / Todo List Manager)
alternativeto:Obsidian	Beaver Notes	https://alternativeto.net/software/obsidian/?p=2 (list page; entry link not captured)	rank=24; page=2; 79 likes; alternatives-listed-for-this-entry=118; license=Free Open Source (MIT)	Your personal note-taking haven for privacy and efficiency.	undecidable	R3: a notes, text or terminal tool whose description does not mention Markdown (application types: Note-taking / Todo List Manager)
alternativeto:Obsidian	PrivacyNotes	https://alternativeto.net/software/obsidian/?p=3 (list page; entry link not captured)	rank=25; page=3; 32 likes; alternatives-listed-for-this-entry=61; license=Freemium Open Source (AGPL-3.0)	Workspace with end-to-end encryption, zero-knowledge security, rich notes, private journal, encrypted file storage, password management, cross-platform browser access, open-source cryptography, optional Pro features, and no recurring subscription fees.	undecidable	R3: a notes, text or terminal tool whose description does not mention Markdown (application types: Note-taking / Todo List Manager)
alternativeto:Obsidian	Docmost	https://alternativeto.net/software/obsidian/?p=3 (list page; entry link not captured)	rank=26; page=3; 52 likes; alternatives-listed-for-this-entry=156; license=Freemium Open Source (AGPL-3.0)	Open-source wiki and documentation solution offering real-time collaborative editing, robust permissions, group management, spaces for organizing content, inline commenting, full-page history, advanced full-text search, nested pages, attachments, and flexible storage.	undecidable	R3: a notes, text or terminal tool whose description does not mention Markdown (application types: Note-taking / Todo List Manager)
alternativeto:Obsidian	FUTO Notes	https://alternativeto.net/software/obsidian/?p=3 (list page; entry link not captured)	rank=27; page=3; 21 likes; alternatives-listed-for-this-entry=not shown; license=Free Source Available	Markdown notes stored as plain files, no database required, ensuring no lock-in. Works fully offline, has first-class self-hosted end-to-end encrypted sync, no ads, no analytics, no tracking, and maintains user privacy and transparency at all times.	in	R2: description names Markdown (application types: Note-taking)
alternativeto:Obsidian	Deta Surf	https://alternativeto.net/software/obsidian/?p=3 (list page; entry link not captured)	rank=28; page=3; 38 likes; alternatives-listed-for-this-entry=110; license=Free Open Source (Apache-2.0)	Workspace fusing browsing, file management, and AI with local-first data; offers note-taking, applet creation, offline media storage, YouTube and PDF interaction, customizable AI-powered notes, citation tools, split views, sidebar navigation, and privacy features.	undecidable	R3: a notes, text or terminal tool whose description does not mention Markdown (application types: Note-taking)
alternativeto:Obsidian	RemNote	https://alternativeto.net/software/obsidian/?p=3 (list page; entry link not captured)	rank=29; page=3; 87 likes; alternatives-listed-for-this-entry=353; license=Freemium Proprietary	A note-taking tool that gives you memory superpowers. It automatically generates flashcards from your notes and figures out the optimal time to practice each flashcard.	undecidable	R3: a notes, text or terminal tool whose description does not mention Markdown (application types: Note-taking / Todo List Manager)
alternativeto:Obsidian	Clearly Markdown	https://alternativeto.net/software/obsidian/?p=3 (list page; entry link not captured)	rank=30; page=3; 22 likes; alternatives-listed-for-this-entry=not shown; license=Free Open Source	Clean, native Markdown editor for macOS with syntax highlighting, real-time GitHub Flavored Markdown and Mermaid diagram preview, KaTeX math support, synchronized side-by-side editing, QuickLook integration, PDF export, format shortcuts, and no subscriptions.	in	R2: description names Markdown (application types: Text Editor)
alternativeto:Obsidian	jotty·page	https://alternativeto.net/software/obsidian/?p=3 (list page; entry link not captured)	rank=31; page=3; 17 likes; alternatives-listed-for-this-entry=161; license=Free Open Source (AGPL-3.0)	Lightweight, self-hosted app for managing personal checklists and notes with drag and drop, progress bars, Kanban boards, Markdown WYSIWYG editor, file-based data, user management, sharing options, themes, open source, and API access.	out	R1: description names Markdown but also a converter, linter, theme or snippet function
alternativeto:Obsidian	Trudido	https://alternativeto.net/software/obsidian/?p=3 (list page; entry link not captured)	rank=32; page=3; 20 likes; alternatives-listed-for-this-entry=61; license=Free Open Source (GPL-3.0)	Offline in-device task manager and note app featuring smart creation, advanced organization, calendar and list views, Markdown notes, secure SHA-256 encryption, Material You theming, multiple color themes, no tracking or ads, and import/export for total ownership.	out	R1: description names Markdown but also a converter, linter, theme or snippet function
alternativeto:Obsidian	Lockbook	https://alternativeto.net/software/obsidian/?p=3 (list page; entry link not captured)	rank=33; page=3; 25 likes; alternatives-listed-for-this-entry=108; license=Freemium Open Source (Unlicense)	Provides end-to-end encrypted note-taking, file storage, and sketching with syncing across platforms, zero data collection, no personal info or passwords required, open-source code for transparency, and optional premium storage, all via native and CLI tools.	undecidable	R3: a notes, text or terminal tool whose description does not mention Markdown (application types: Note-taking)
alternativeto:Obsidian	La Suite Docs	https://alternativeto.net/software/obsidian/?p=3 (list page; entry link not captured)	rank=34; page=3; 26 likes; alternatives-listed-for-this-entry=not shown; license=Free Open Source (MIT)	Collaborative platform for real-time note-taking, documentation, and wikis, featuring offline editing, granular permissions, AI-assisted writing, multiple export formats, user-friendly formatting, scalable team support, customizable templates, and open-source licensing.	undecidable	R3: a notes, text or terminal tool whose description does not mention Markdown (application types: Note-taking / Team Collaboration)
alternativeto:Obsidian	Foam	https://alternativeto.net/software/obsidian/?p=3 (list page; entry link not captured)	rank=35; page=3; 55 likes; alternatives-listed-for-this-entry=270; license=Free Open Source	Foam is a personal knowledge management and sharing system inspired by Roam Research, built on Visual Studio Code and GitHub.	undecidable	R3: a notes, text or terminal tool whose description does not mention Markdown (application types: Note-taking)
alternativeto:Obsidian	DeepNotes	https://alternativeto.net/software/obsidian/?p=3 (list page; entry link not captured)	rank=36; page=3; 56 likes; alternatives-listed-for-this-entry=143; license=Freemium Open Source (AGPL-3.0)	DeepNotes is an open source, end-to-end encrypted visual note-taking app with deep page navigation and live collaboration. Create mind maps, diagrams, kanban boards, among others. Infinite nesting of infinite canvases.	undecidable	R3: a notes, text or terminal tool whose description does not mention Markdown (application types: Note-taking / Mind Mapping)
alternativeto:Obsidian	NeverWrite	https://alternativeto.net/software/obsidian/?p=4 (list page; entry link not captured)	rank=37; page=4; 20 likes; alternatives-listed-for-this-entry=81; license=Free Open Source (Apache-2.0)	NeverWrite is a local-first knowledge workspace for people who need to handle workflows with multiple parallel agents and subagents. Built like a code editor, but for markdown. It has inline review changes, like Cursor and others.	in	R2: description names Markdown (application types: Note-taking)
alternativeto:Obsidian	Anchor	https://alternativeto.net/software/obsidian/?p=4 (list page; entry link not captured)	rank=38; page=4; 18 likes; alternatives-listed-for-this-entry=not shown; license=Free Open Source (AGPL-3.0)	Offline-first, self-hostable note app supporting rich text formatting, tag-based organization, customizable backgrounds, pinning, search, archiving, admin management, trash recovery, mobile and web access, sync, privacy safeguards, and dark or light themes.	undecidable	R3: a notes, text or terminal tool whose description does not mention Markdown (application types: Note-taking)
alternativeto:Obsidian	Marknote	https://alternativeto.net/software/obsidian/?p=4 (list page; entry link not captured)	rank=39; page=4; 29 likes; alternatives-listed-for-this-entry=not shown; license=Free Open Source (GPL-2.0)	Marknote lets you create rich text notes and easily organise them into notebooks. You can personalise your notebooks by choosing an icon and accent color for each one, making it easy to distinguish between them and keep your notes at your fingertips.	undecidable	R3: a notes, text or terminal tool whose description does not mention Markdown (application types: Note-taking)
alternativeto:Obsidian	Dendron	https://alternativeto.net/software/obsidian/?p=4 (list page; entry link not captured)	rank=40; page=4; 72 likes; alternatives-listed-for-this-entry=248; license=Free Open Source (Apache-2.0); alerts=Discontinued	Dendron is an open-source, local-first, markdown-based, note-taking tool built on top of VSCode. It supports all the usual features you would expect like tagging, backlinks, a graph view, split panes, and so forth.	in	R2: description names Markdown (application types: Note-taking)
alternativeto:Obsidian	Capacities	https://alternativeto.net/software/obsidian/?p=4 (list page; entry link not captured)	rank=41; page=4; 47 likes; alternatives-listed-for-this-entry=144; license=Freemium Proprietary	Capacities offers a revolutionary note-taking experience by utilizing a network-based structure for knowledge capture and organization. Users create unique entities like ideas and questions in a graph view, fostering personalized and interconnected know-how beyond traditional folders.	undecidable	R3: a notes, text or terminal tool whose description does not mention Markdown (application types: Note-taking / Todo List Manager)
alternativeto:Obsidian	Bear	https://alternativeto.net/software/obsidian/?p=4 (list page; entry link not captured)	rank=42; page=4; 102 likes; alternatives-listed-for-this-entry=321; license=Freemium Proprietary	Flexible note-taking and writing tool featuring advanced markdown with in-line images, cross-note links, live preview, hashtags, Focus Mode, plain text storage, iCloud sync, one-tap formatting, smart data recognition, and multiple export formats for portability.	in	R2: description names Markdown (application types: Note-taking / Todo List Manager)
alternativeto:Obsidian	Nuclino	https://alternativeto.net/software/obsidian/?p=4 (list page; entry link not captured)	rank=43; page=4; 139 likes; alternatives-listed-for-this-entry=381; license=Freemium Proprietary	Nuclino is a unified workspace where teams can bring all their knowledge, docs, and projects together in one place. It’s a modern, simple, and blazingly fast way to collaborate, without the chaos of files and folders, context switching, or silos.	undecidable	R3: a notes, text or terminal tool whose description does not mention Markdown (application types: Note-taking / Team Collaboration)
alternativeto:Obsidian	Craft	https://alternativeto.net/software/obsidian/?p=4 (list page; entry link not captured)	rank=44; page=4; 49 likes; alternatives-listed-for-this-entry=168; license=Freemium Proprietary	Craft offers document creation with stunning visuals, seamless navigation, and effortless sharing. Nest notes, use AI for summaries, and export in multiple formats.	undecidable	R3: a notes, text or terminal tool whose description does not mention Markdown (application types: Note-taking / Project Management)
alternativeto:Obsidian	Tangent Notes	https://alternativeto.net/software/obsidian/?p=4 (list page; entry link not captured)	rank=45; page=4; 19 likes; alternatives-listed-for-this-entry=not shown; license=Free Open Source (Apache-2.0)	Tangent is designed to let you write the way you think. Your thoughts are connected; Tangent lets you link to existing notes and make new ones with ease.	undecidable	R3: a notes, text or terminal tool whose description does not mention Markdown (application types: Note-taking / Todo List Manager)
alternativeto:Obsidian	Reor	https://alternativeto.net/software/obsidian/?p=4 (list page; entry link not captured)	rank=46; page=4; 33 likes; alternatives-listed-for-this-entry=166; license=Free Open Source (AGPL-3.0); alerts=Discontinued	Reor is an AI-powered desktop note-taking app: it automatically links related ideas, answers questions on your notes and provides semantic search. Everything is stored locally and you can edit your notes with an Obsidian-like markdown editor.	in	R2: description names Markdown (application types: Note-taking)
alternativeto:Obsidian	Roam Research	https://alternativeto.net/software/obsidian/?p=4 (list page; entry link not captured)	rank=47; page=4; 61 likes; alternatives-listed-for-this-entry=212; license=Paid Proprietary	As easy to use as a word document or bulleted list, and as powerful for finding, collecting, and connecting related ideas as a graph database. Collaborate with others in real time, or store all your data locally.	undecidable	R3: a notes, text or terminal tool whose description does not mention Markdown (application types: Note-taking / Todo List Manager)
alternativeto:Obsidian	EasyNotes	https://alternativeto.net/software/obsidian/?p=4 (list page; entry link not captured)	rank=48; page=4; 27 likes; alternatives-listed-for-this-entry=not shown; license=Free Open Source (GPL-3.0)	EasyNotes: Jetpack Compose MVVM for seamless note-taking. Effortless creation, editing, and organization.	undecidable	R3: a notes, text or terminal tool whose description does not mention Markdown (application types: Note-taking)
alternativeto:Obsidian	OpenKnowledge	https://alternativeto.net/software/obsidian/?p=5 (list page; entry link not captured)	rank=49; page=5; 11 likes; alternatives-listed-for-this-entry=not shown; license=Free Open Source (GPL-3.0)	Markdown editor with WYSIWYG interface, AI-powered wiki tools, LLM integrations, and collaboration features. Supports team sharing, GitHub sync, graph link navigation, TUI access, and embeddable components for specs or reports, all in a private environment.	in	R2: description names Markdown (application types: Note-taking / Team Collaboration)
alternativeto:Obsidian	Constly	https://alternativeto.net/software/obsidian/?p=5 (list page; entry link not captured)	rank=50; page=5; 10 likes; alternatives-listed-for-this-entry=9; license=Freemium Proprietary	Constly is a WYSIWYG Markdown editor for macOS, Windows and Linux. It renders Markdown inline as you type - headings, bold, lists, tables, KaTeX math and Mermaid diagrams all appear in place, with the raw marks showing only where your cursor is.	in	R2: description names Markdown (application types: Text Editor)
alternativeto:Obsidian	Notefox	https://alternativeto.net/software/obsidian/?p=5 (list page; entry link not captured)	rank=51; page=5; 20 likes; alternatives-listed-for-this-entry=221; license=Free Open Source (MPL-2.0)	Take notes on any website, organize notes for whole domains or specific pages, access all in a management page, use export, import, tagging, search, sticky-notes, auto-saving, and customizable keyboard shortcuts, all in a locally stored browser extension.	undecidable	R3: a notes, text or terminal tool whose description does not mention Markdown (application types: Note-taking)
alternativeto:Obsidian	XWiki	https://alternativeto.net/software/obsidian/?p=5 (list page; entry link not captured)	rank=52; page=5; 103 likes; alternatives-listed-for-this-entry=151; license=Free Open Source (LGPL-2.1)	XWiki is the ultimate open-source structured wiki designed to enhance business collaboration and efficiency. Tailored for tech-savvy professionals, XWiki’s extensibility, customization, and flexibility make it indispensable for managing large projects and datasets, while...	undecidable	R3: a notes, text or terminal tool whose description does not mention Markdown (application types: Team Collaboration / Note-taking)
alternativeto:Obsidian	DEVONthink	https://alternativeto.net/software/obsidian/?p=5 (list page; entry link not captured)	rank=53; page=5; 130 likes; alternatives-listed-for-this-entry=193; license=Paid Proprietary Origin Germany EU Platforms Mac iPhone iPad Germany EU + 9 More about DEVONthink Good alternative? Is DEVONthink a good alternative to Obsidian ?	Organizes documents, notes, emails, PDFs, and media using AI-powered search, tagging, and OCR. Supports offline use, syncing across macOS and iOS, encryption, web clipping, automation, and customizable grouping for efficient information management.	undecidable	R3: a notes, text or terminal tool whose description does not mention Markdown (application types: not shown)
alternativeto:Obsidian	UpNote	https://alternativeto.net/software/obsidian/?p=5 (list page; entry link not captured)	rank=54; page=5; 42 likes; alternatives-listed-for-this-entry=344; license=Freemium Proprietary	UpNote is an elegant and powerful note app that works seamlessly across platforms: iOS, Android, Mac and Windows.	undecidable	R3: a notes, text or terminal tool whose description does not mention Markdown (application types: Note-taking / Todo List Manager)
alternativeto:Obsidian	WriteOn	https://alternativeto.net/software/obsidian/?p=5 (list page; entry link not captured)	rank=55; page=5; 11 likes; alternatives-listed-for-this-entry=111; license=Free Open Source (Apache-2.0)	Simple Notes Jetpack Compose - Clean, intuitive note-taking open source app.	undecidable	R3: a notes, text or terminal tool whose description does not mention Markdown (application types: Note-taking)
alternativeto:Obsidian	acreom	https://alternativeto.net/software/obsidian/?p=5 (list page; entry link not captured)	rank=56; page=5; 29 likes; alternatives-listed-for-this-entry=135; license=Freemium Open Source (GPL-3.0); alerts=Discontinued	acreom is an actionable personal knowledge base for developers. It helps developers ship faster by centralizing personal and team context in one place.	undecidable	R3: a notes, text or terminal tool whose description does not mention Markdown (application types: Note-taking / Todo List Manager)
alternativeto:Obsidian	Mimiri Notes	https://alternativeto.net/software/obsidian/?p=5 (list page; entry link not captured)	rank=57; page=5; 22 likes; alternatives-listed-for-this-entry=111; license=Freemium Open Source (GPL-2.0)	Secure device-synced notepad using AES-GCM-256 encryption to protect confidential data. Features include a tree-structure for note organization, historical changes tracking, and collaboration options. Supports all major platforms with cloud sync and offline access.	undecidable	R3: a notes, text or terminal tool whose description does not mention Markdown (application types: Note-taking / Todo List Manager)
alternativeto:Obsidian	Microsoft Loop	https://alternativeto.net/software/obsidian/?p=5 (list page; entry link not captured)	rank=58; page=5; 20 likes; alternatives-listed-for-this-entry=not shown; license=Free Proprietary	Microsoft Loop is an app designed for co-creation that brings your team and ideas together in one place. With Loop components that sync across apps in real-time, you can stay in sync without switching apps and get more done right where you are.	undecidable	R3: a notes, text or terminal tool whose description does not mention Markdown (application types: Note-taking / Team Collaboration)
alternativeto:Obsidian	mymind	https://alternativeto.net/software/obsidian/?p=5 (list page; entry link not captured)	rank=59; page=5; 24 likes; alternatives-listed-for-this-entry=58; license=Freemium Proprietary	All your ·notes· ·bookmarks·, ·inspiration· ·articles· and ·images· in one single, private place, enhanced with artificial intelligence.	undecidable	R3: a notes, text or terminal tool whose description does not mention Markdown (application types: Bookmark Manager)
alternativeto:Obsidian	VNote	https://alternativeto.net/software/obsidian/?p=5 (list page; entry link not captured)	rank=60; page=5; 39 likes; alternatives-listed-for-this-entry=93; license=Free Open Source (LGPL-3.0)	A Vim-inspired note-taking application that knows programmers and Markdown better.	in	R2: description names Markdown (application types: Note-taking)
alternativeto:Obsidian	Notula	https://alternativeto.net/software/obsidian/?p=6 (list page; entry link not captured)	rank=61; page=6; 11 likes; alternatives-listed-for-this-entry=not shown; license=Free Proprietary	A WYSIWYG Markdown editor for docs as code, so the whole team can read, edit and comment on the .md files in your git repository, not only the people who use git.	in	R2: description names Markdown (application types: Team Collaboration / Text Editor)
alternativeto:Obsidian	Zen Notes	https://alternativeto.net/software/obsidian/?p=6 (list page; entry link not captured)	rank=62; page=6; 6 likes; alternatives-listed-for-this-entry=24; license=Free Open Source (MIT) Platforms Mac Windows Linux More about Zen Notes Good alternative? Is Zen Notes a good alternative to Obsidian ?	ZenNotes is a keyboard-first Markdown notes app with a shared product core and multiple runtimes:	in	R2: description names Markdown (application types: not shown)
alternativeto:Obsidian	Silverbullet	https://alternativeto.net/software/obsidian/?p=6 (list page; entry link not captured)	rank=63; page=6; 18 likes; alternatives-listed-for-this-entry=91; license=Free Open Source (MIT)	Silver Bullet is an extensible, open source, personal knowledge management system. Indeed, that’s fancy talk for “a note-taking app with links.” However, Silver Bullet goes a bit beyond just that.	undecidable	R3: a notes, text or terminal tool whose description does not mention Markdown (application types: Note-taking)
alternativeto:Obsidian	Lumen AI	https://alternativeto.net/software/obsidian/?p=6 (list page; entry link not captured)	rank=64; page=6; 10 likes; alternatives-listed-for-this-entry=not shown; license=Free Proprietary	Minimalist productivity platform offers centralized notes, task management, meeting capture with audio summaries, inbox processing, and Markdown editing, all enhanced by AI prioritization, custom prompts, backlinks, and flexible workflows, supporting multiple methodologies.	in	R2: description names Markdown (application types: Note-taking / Task Management)
alternativeto:Obsidian	Markpad - Markdown Editor	https://alternativeto.net/software/obsidian/?p=6 (list page; entry link not captured)	rank=65; page=6; 8 likes; alternatives-listed-for-this-entry=not shown; license=Free Open Source (BSD-3-Clause)	A simple, lightweight Markdown viewer and text editor for Windows, macOS, and Linux.	in	R2: description names Markdown (application types: Text Editor / Note-taking)
alternativeto:Obsidian	Jottify	https://alternativeto.net/software/obsidian/?p=6 (list page; entry link not captured)	rank=66; page=6; 5 likes; alternatives-listed-for-this-entry=not shown; license=Freemium Proprietary	Your notes app is a pile you stopped opening. Talk or type into Jottify instead. It cleans the dump, links it up, and pulls out the tasks to a to-do list.	undecidable	R3: a notes, text or terminal tool whose description does not mention Markdown (application types: Note-taking)
alternativeto:Obsidian	Heptabase	https://alternativeto.net/software/obsidian/?p=6 (list page; entry link not captured)	rank=67; page=6; 14 likes; alternatives-listed-for-this-entry=121; license=Paid Proprietary	Heptabase is a visual note-taking tool that helps you make sense of your learning, research, and projects. It helps you get into the flow of thinking and brings together everything you need to do better research.	undecidable	R3: a notes, text or terminal tool whose description does not mention Markdown (application types: Note-taking / Task Management)
alternativeto:Obsidian	Octarine	https://alternativeto.net/software/obsidian/?p=6 (list page; entry link not captured)	rank=68; page=6; 6 likes; alternatives-listed-for-this-entry=not shown; license=Freemium Proprietary	Octarine is a fast, lightweight tool for writing, planning, and organizing — in Markdown that stays yours.	in	R2: description names Markdown (application types: Note-taking)
alternativeto:Obsidian	Cogent	https://alternativeto.net/software/obsidian/?p=6 (list page; entry link not captured)	rank=69; page=6; 4 likes; alternatives-listed-for-this-entry=not shown; license=Freemium Proprietary	Cogent is a personal tutor with AI-driven tools for studying. From speedy flashcard generation to chatting with your own files, Cogent makes learning collaborative and organized. We transform how you learn, one subject at a time.	out	R4: neither Markdown nor a notes, text, writing or terminal tool in the description or application types (types: Flashcard Learning)
alternativeto:Obsidian	Outline	https://alternativeto.net/software/obsidian/?p=6 (list page; entry link not captured)	rank=70; page=6; 24 likes; alternatives-listed-for-this-entry=not shown; license=Freemium Proprietary (BUSL-1.1)	Your team’s knowledge base	undecidable	R3: a notes, text or terminal tool whose description does not mention Markdown (application types: Note-taking / Todo List Manager)
alternativeto:Obsidian	Focal - Notes & Tasks	https://alternativeto.net/software/obsidian/?p=6 (list page; entry link not captured)	rank=71; page=6; 7 likes; alternatives-listed-for-this-entry=94; license=Freemium Proprietary	Effortlessly organize notes and tasks using Focal's intuitive tree structure. Create diverse note types, use powerful search, efficient tagging, and customizable settings to enhance productivity and maintain focus.	undecidable	R3: a notes, text or terminal tool whose description does not mention Markdown (application types: Note-taking / Todo List Manager)
alternativeto:Obsidian	Org-roam	https://alternativeto.net/software/obsidian/?p=6 (list page; entry link not captured)	rank=72; page=6; 20 likes; alternatives-listed-for-this-entry=not shown; license=Free Open Source (GPL-3.0)	Org-roam is a Roam replica built around the all-powerful Org-mode.	undecidable	R3: a notes, text or terminal tool whose description does not mention Markdown (application types: Note-taking / Todo List Manager)
alternativeto:Obsidian	Inkdrop	https://alternativeto.net/software/obsidian/?p=7 (list page; entry link not captured)	rank=73; page=7; 51 likes; alternatives-listed-for-this-entry=not shown; license=Paid Proprietary	Inkdrop is an AI-native Markdown note-taking app for developers, available on macOS, Windows, Linux, iOS, and Android, with end-to-end encrypted sync.	in	R2: description names Markdown (application types: Application types / Note-taking / Task Management)
alternativeto:Obsidian	nb	https://alternativeto.net/software/obsidian/?p=7 (list page; entry link not captured)	rank=74; page=7; 8 likes; alternatives-listed-for-this-entry=not shown; license=Free Open Source (AGPL-3.0)	CLI and local web plain text note-taking, bookmarking, and archiving with linking, tagging, filtering, search, Git versioning & syncing, Pandoc conversion, + more, in a single portable script.	undecidable	R3: a notes, text or terminal tool whose description does not mention Markdown (application types: Application types / Note-taking / Todo List Manager)
alternativeto:Obsidian	#Pad	https://alternativeto.net/software/obsidian/?p=7 (list page; entry link not captured)	rank=75; page=7; 5 likes; alternatives-listed-for-this-entry=not shown; license=Paid Proprietary	Desktop notepad for Windows and macOS with #tag-based note organization, built-in TODOs, reminders, regex search, professional editor, clipboard and operation history, plugin support, file versioning, large file handling, and a free 14-day trial.	undecidable	R3: a notes, text or terminal tool whose description does not mention Markdown (application types: Note-taking)
alternativeto:Obsidian	Quillpad	https://alternativeto.net/software/obsidian/?p=7 (list page; entry link not captured)	rank=76; page=7; 17 likes; alternatives-listed-for-this-entry=not shown; license=Free Open Source (GPL-3.0)	Quillpad is a fork of an original app called Quillnote. The development stopped on the original app and PR backlogs were not cleared up. The community showed much interest in the app for continued development and so this fork was created.	undecidable	R3: a notes, text or terminal tool whose description does not mention Markdown (application types: Application types / Note-taking / Todo List Manager)
alternativeto:Obsidian	Darkwrite	https://alternativeto.net/software/obsidian/?p=7 (list page; entry link not captured)	rank=77; page=7; 5 likes; alternatives-listed-for-this-entry=not shown; license=Free Open Source (AGPL-3.0)	The eye-candy note taking and to-do application for all desktops.	undecidable	R3: a notes, text or terminal tool whose description does not mention Markdown (application types: Note-taking)
alternativeto:Obsidian	OpenNotas	https://alternativeto.net/software/obsidian/?p=7 (list page; entry link not captured)	rank=78; page=7; 6 likes; alternatives-listed-for-this-entry=not shown; license=Free Open Source Platforms Online +4 More about OpenNotas Good alternative? Is OpenNotas a good alternative to Obsidian ?	OpenNotas is an open-source note-taking application, cross-platform based on PWA, focusing on security and device synchronization.	undecidable	R3: a notes, text or terminal tool whose description does not mention Markdown (application types: not shown)
alternativeto:Obsidian	Zotero Better Notes	https://alternativeto.net/software/obsidian/?p=7 (list page; entry link not captured)	rank=79; page=7; 11 likes; alternatives-listed-for-this-entry=not shown; license=Free Open Source (AGPL-3.0)	Everything about note management. All in Zotero.	undecidable	R3: a notes, text or terminal tool whose description does not mention Markdown (application types: Note-taking)
alternativeto:Obsidian	NoteLoom	https://alternativeto.net/software/obsidian/?p=7 (list page; entry link not captured)	rank=80; page=7; 3 likes; alternatives-listed-for-this-entry=not shown; license=Free Proprietary	A local-first Markdown workspace that opens real folders in your browser and saves changes directly to .md files on disk.	in	R2: description names Markdown (application types: Note-taking)
alternativeto:Obsidian	Strflow	https://alternativeto.net/software/obsidian/?p=7 (list page; entry link not captured)	rank=81; page=7; 5 likes; alternatives-listed-for-this-entry=not shown; license=Freemium Proprietary	Strflow is built for writing things down the moment a thought occurs — like texting yourself, without worrying about structure.	undecidable	R3: a notes, text or terminal tool whose description does not mention Markdown (application types: Application types / Journaling / Note-taking)
alternativeto:Obsidian	Supernotes	https://alternativeto.net/software/obsidian/?p=7 (list page; entry link not captured)	rank=82; page=7; 9 likes; alternatives-listed-for-this-entry=not shown; license=Freemium Proprietary	Supernotes, is a new way to create notes and collaborate with your friends. Quickly create note-cards with diverse content from task lists to maths equations, with full markdown and LaTeX support. You can tag your cards, find relevant keywords, and sort your cards in an instant.	in	R2: description names Markdown (application types: Application types / Note-taking / Todo List Manager)
alternativeto:Obsidian	GoodNotes	https://alternativeto.net/software/obsidian/?p=7 (list page; entry link not captured)	rank=83; page=7; 77 likes; alternatives-listed-for-this-entry=not shown; license=Freemium Proprietary	Experience "digital paper" with seamless note-taking on iOS devices. Annotate PDFs, PowerPoint, and Word, plus organize notes in unlimited folders. Enjoy searchable handwritten notes that sync across devices with iCloud, intuitive QuickNote feature, and customizable templates.	undecidable	R3: a notes, text or terminal tool whose description does not mention Markdown (application types: Application types / Note-taking / Todo List Manager)
alternativeto:Obsidian	Eidos	https://alternativeto.net/software/obsidian/?p=7 (list page; entry link not captured)	rank=84; page=7; 5 likes; alternatives-listed-for-this-entry=not shown; license=Free Open Source (AGPL-3.0) Origin China Platforms Online Windows Mac Linux China More about Eidos Good alternative? Is Eidos a good alternative to Obsidian ?	An extensible framework for Personal Data Management.	out	R4: neither Markdown nor a notes, text, writing or terminal tool in the description or application types (types: not shown)
alternativeto:Obsidian	Prism Notes	https://alternativeto.net/software/obsidian/?p=8 (list page; entry link not captured)	rank=85; page=8; 7 likes; alternatives-listed-for-this-entry=not shown; license=Free Proprietary	Prism is for quick thoughts and links. It feels like texting, rather than writing in a document. Capture easily, organize with tags, develop ideas across threads, review to keep only what matters. Free — unlimited notes, AI tags, and sync.	undecidable	R3: a notes, text or terminal tool whose description does not mention Markdown (application types: Note-taking)
alternativeto:Obsidian	Quentier	https://alternativeto.net/software/obsidian/?p=8 (list page; entry link not captured)	rank=86; page=8; 2 likes; alternatives-listed-for-this-entry=not shown; license=Free Open Source (GPL-3.0)	You can also use Quentier for local notes without any connection to Evernote and synchronization.	undecidable	R3: a notes, text or terminal tool whose description does not mention Markdown (application types: Note-taking)
alternativeto:Obsidian	Frontdoor	https://alternativeto.net/software/obsidian/?p=8 (list page; entry link not captured)	rank=87; page=8; 9 likes; alternatives-listed-for-this-entry=not shown; license=Freemium Proprietary	Frontdoor is an AI bookmarking assistant that helps you save knowledge from anywhere on the internet, automatically tags and takes notes it for you, and intelligently resurfaces it based on what your currently reading on the web	undecidable	R3: a notes, text or terminal tool whose description does not mention Markdown (application types: Note-taking / Todo List Manager)
alternativeto:Obsidian	OwnSpace	https://alternativeto.net/software/obsidian/?p=8 (list page; entry link not captured)	rank=88; page=8; 3 likes; alternatives-listed-for-this-entry=not shown; license=Free Proprietary	Private, local-first knowledge storage for notes, documents, projects, and files with a distraction-free interface, Markdown support, PARA method, full-text search, favorites, recent notes, portable Markdown data, keyboard shortcuts, offline access, and optional personal cloud sync.	in	R2: description names Markdown (application types: Note-taking)
alternativeto:Obsidian	Notion Electron	https://alternativeto.net/software/obsidian/?p=8 (list page; entry link not captured)	rank=89; page=8; 2 likes; alternatives-listed-for-this-entry=not shown; license=Free Open Source (MIT)	Notion Desktop Client for Linux.	undecidable	R3: a notes, text or terminal tool whose description does not mention Markdown (application types: Note-taking / Todo List Manager)
alternativeto:Obsidian	PeekNote	https://alternativeto.net/software/obsidian/?p=8 (list page; entry link not captured)	rank=90; page=8; 5 likes; alternatives-listed-for-this-entry=73; license=Freemium Proprietary	PeekNote is a lightweight, always-on-top note app for macOS designed to quickly save, edit, and reuse text or code snippets.	undecidable	R3: a notes, text or terminal tool whose description does not mention Markdown (application types: Note-taking)
alternativeto:Obsidian	MemexAI	https://alternativeto.net/software/obsidian/?p=8 (list page; entry link not captured)	rank=91; page=8; 3 likes; alternatives-listed-for-this-entry=41; license=Free Open Source (GPL-3.0)	Open-source, local-first AI journal for iOS & Android—capture text, photos, and voice, and let AI organize them into timeline cards and insights.	undecidable	R3: a notes, text or terminal tool whose description does not mention Markdown (application types: Journaling / Todo List Manager)
alternativeto:Obsidian	CogniGuide	https://alternativeto.net/software/obsidian/?p=8 (list page; entry link not captured)	rank=92; page=8; 2 likes; alternatives-listed-for-this-entry=not shown; license=Freemium Proprietary	Upload your PDFs, slides, lecture handouts, or notes. Our AI creates clear mind maps and high-quality flashcards with spaced-repetition scheduling, to help you learn 2x faster and ace your next test.	undecidable	R3: a notes, text or terminal tool whose description does not mention Markdown (application types: Flashcard Learning / Mind Mapping)
alternativeto:Obsidian	ToolStack Folio	https://alternativeto.net/software/obsidian/?p=8 (list page; entry link not captured)	rank=93; page=8; 4 likes; alternatives-listed-for-this-entry=not shown; license=Free Open Source (GPL-3.0)	A beautiful markdown note-taking app for GNOME (forked from Paper).	in	R2: description names Markdown (application types: Note-taking)
alternativeto:Obsidian	PrivateNotes	https://alternativeto.net/software/obsidian/?p=8 (list page; entry link not captured)	rank=94; page=8; 10 likes; alternatives-listed-for-this-entry=97; license=Free Proprietary	PrivateNotes (formerly Exocortex) is an encrypted note-taking app designed for networked thought. It allows you to link ideas together, creating a web of interconnected notes that mimic how your mind works.	undecidable	R3: a notes, text or terminal tool whose description does not mention Markdown (application types: Note-taking)
alternativeto:Obsidian	Rook	https://alternativeto.net/software/obsidian/?p=8 (list page; entry link not captured)	rank=95; page=8; 5 likes; alternatives-listed-for-this-entry=not shown; license=Free Proprietary	Mac note app optimized for code, offering syntax-highlighted blocks, auto language detection, Markdown support, full-text search, fast local storage, hierarchical organization, four code-tuned themes, smart paste features, and optional AI integration support.	out	R1: description names Markdown but also a converter, linter, theme or snippet function
alternativeto:Obsidian	Notedrafts	https://alternativeto.net/software/obsidian/?p=8 (list page; entry link not captured)	rank=96; page=8; 6 likes; alternatives-listed-for-this-entry=not shown; license=Freemium Proprietary	Notedrafts is a powerful note-taking app that lets you write, draw, and organize your thoughts across different types of documents. Whether you're marking up a PDF, writing on a large canvas, or taking notes in a long vertical layout, Notedrafts adapts to your workflow.	undecidable	R3: a notes, text or terminal tool whose description does not mention Markdown (application types: Note-taking / Digital Painting)
alternativeto:Obsidian	Many Notes	https://alternativeto.net/software/obsidian/?p=9 (list page; entry link not captured)	rank=97; page=9; 2 likes; alternatives-listed-for-this-entry=not shown; license=Free Open Source (MIT)	Many Notes is a markdown note-taking app designed for simplicity! Easily create or import your vaults and organize your thoughts right away.	in	R2: description names Markdown (application types: Note-taking)
alternativeto:Obsidian	Print(Notes)	https://alternativeto.net/software/obsidian/?p=9 (list page; entry link not captured)	rank=98; page=9; 6 likes; alternatives-listed-for-this-entry=not shown; license=Free Open Source (GPL-3.0) Platforms Linux Android iPhone F-Droid + 1 More about Print(Notes) Good alternative? Is Print(Notes) a good alternative to Obsidian ?	A cross-platform markdown notes app inspired by Google Keep and Obsidian, made with Flutter.	in	R2: description names Markdown (application types: not shown)
alternativeto:Obsidian	notenote.cc	https://alternativeto.net/software/obsidian/?p=9 (list page; entry link not captured)	rank=99; page=9; 7 likes; alternatives-listed-for-this-entry=not shown; license=Freemium Open Source (MIT)	Your own Instagram, encrypted.	undecidable	R3: a notes, text or terminal tool whose description does not mention Markdown (application types: Note-taking)
alternativeto:Obsidian	Fluster	https://alternativeto.net/software/obsidian/?p=9 (list page; entry link not captured)	rank=100; page=9; 5 likes; alternatives-listed-for-this-entry=not shown; license=Free Open Source	The ultimate note-taking app for students & academics, featuring AI-powered RAG, vector databases, bibliography management, and seamless integration with your academic workflow.	undecidable	R3: a notes, text or terminal tool whose description does not mention Markdown (application types: Note-taking / Task Management)
alternativeto:Obsidian	CubyText	https://alternativeto.net/software/obsidian/?p=9 (list page; entry link not captured)	rank=101; page=9; 1 like; alternatives-listed-for-this-entry=not shown; license=Free Open Source (MIT); alerts=Discontinued	An open-source knowledge management app.	undecidable	R3: a notes, text or terminal tool whose description does not mention Markdown (application types: Note-taking)
alternativeto:Obsidian	Notability	https://alternativeto.net/software/obsidian/?p=9 (list page; entry link not captured)	rank=102; page=9; 53 likes; alternatives-listed-for-this-entry=62; license=Freemium Proprietary	Truly integrated iOS app combining handwriting, PDF annotation, and text for seamless note-taking. Auto Sync backs up notes. Customize themes, library, and toolbars for a personalized experience with robust features.	undecidable	R3: a notes, text or terminal tool whose description does not mention Markdown (application types: Note-taking / PDF Reader)
alternativeto:Obsidian	Gnosi	https://alternativeto.net/software/obsidian/?p=9 (list page; entry link not captured)	rank=103; page=9; 1 like; alternatives-listed-for-this-entry=45; license=Free Open Source (AGPL-3.0) Origin Spain EU Platforms Mac Windows Linux Online Self-Hosted Docker Spain EU + 1 More about Gnosi Good alternative? Is Gnosi a good alternative to Obsidian ?	A local-first, open-source workspace — a self-hostable alternative to Notion and Obsidian.	out	R4: neither Markdown nor a notes, text, writing or terminal tool in the description or application types (types: not shown)
alternativeto:Obsidian	Cimanote	https://alternativeto.net/software/obsidian/?p=9 (list page; entry link not captured)	rank=104; page=9; 1 like; alternatives-listed-for-this-entry=47; license=Freemium Proprietary	AI connects and organizes notes across your entire library, recommends structure, finds info in text and images, syncs offline across unlimited devices, opens instantly, imports Evernote data, and exports to multiple formats while ensuring user data ownership.	undecidable	R3: a notes, text or terminal tool whose description does not mention Markdown (application types: Note-taking / Todo List Manager)
alternativeto:Obsidian	Framework	https://alternativeto.net/software/obsidian/?p=9 (list page; entry link not captured)	rank=105; page=9; 4 likes; alternatives-listed-for-this-entry=not shown; license=Freemium Proprietary Origin Thailand Platforms Online iPhone Mac Thailand + 1 More about Framework Good alternative? Is Framework a good alternative to Obsidian ?	A curated library of 100+ thinking frameworks with an AI co-pilot that fills them in and produces a one-page strategy brief.	out	R4: neither Markdown nor a notes, text, writing or terminal tool in the description or application types (types: not shown)
alternativeto:Obsidian	Lattics	https://alternativeto.net/software/obsidian/?p=9 (list page; entry link not captured)	rank=106; page=9; 10 likes; alternatives-listed-for-this-entry=40; license=Freemium Proprietary	Lattics is an all-in one knowledge management tool. It offers most of the things in Obsidian, Scrivener and Zotero together.	undecidable	R3: a notes, text or terminal tool whose description does not mention Markdown (application types: Note-taking / Word Processor)
alternativeto:Obsidian	Lisble	https://alternativeto.net/software/obsidian/?p=9 (list page; entry link not captured)	rank=107; page=9; 2 likes; alternatives-listed-for-this-entry=not shown; license=Free Proprietary Origin Japan Platforms Online Android Android Tablet Japan More about Lisble Good alternative? Is Lisble a good alternative to Obsidian ?	Simple shopping list with purchase history to avoid duplicates.	out	R4: neither Markdown nor a notes, text, writing or terminal tool in the description or application types (types: not shown)
alternativeto:Obsidian	Inkwell Markdown Editor	https://alternativeto.net/software/obsidian/?p=9 (list page; entry link not captured)	rank=108; page=9; 1 like; alternatives-listed-for-this-entry=not shown; license=Paid Proprietary	Markdown editor that gets out of your way. Split-pane editing with live preview, 4 themes (Editorial, Midnight, Mono, Sepia), focus mode, tabbed editing, auto-save, version history, image paste support, and 10 built-in templates.	out	R1: description names Markdown but also a converter, linter, theme or snippet function
alternativeto:Obsidian	Iotas	https://alternativeto.net/software/obsidian/?p=10 (list page; entry link not captured)	rank=109; page=10; 6 likes; alternatives-listed-for-this-entry=not shown; license=Free Open Source	Iotas is a simple but elegant solution for notes especially but not only for GNOME users. Through Nextcloud integration, all notes can be kept in sync and accessed on different devices.	undecidable	R3: a notes, text or terminal tool whose description does not mention Markdown (application types: Note-taking / Todo List Manager)
alternativeto:Obsidian	Looksyk	https://alternativeto.net/software/obsidian/?p=10 (list page; entry link not captured)	rank=110; page=10; 5 likes; alternatives-listed-for-this-entry=not shown; license=Free Open Source (AGPL-3.0)	A simple personal knowledge platform with a focus on clean Markdown files, simple queries and a journal.	in	R2: description names Markdown (application types: Note-taking)
alternativeto:Obsidian	Buho	https://alternativeto.net/software/obsidian/?p=10 (list page; entry link not captured)	rank=111; page=10; 4 likes; alternatives-listed-for-this-entry=not shown; license=Free Open Source	Buho is a note-taking app. Buho will let you take quick notes, save links, create books and pages for taking classes notes.	undecidable	R3: a notes, text or terminal tool whose description does not mention Markdown (application types: Note-taking)
alternativeto:Obsidian	Hejour	https://alternativeto.net/software/obsidian/?p=10 (list page; entry link not captured)	rank=112; page=10; 2 likes; alternatives-listed-for-this-entry=not shown; license=Freemium Proprietary	Hejour is a day-based notes app for Mac and iPhone. Every day is a page. Type @ to open a section for tomorrow or any other day — the same note lives on both pages. Unfinished todos roll forward to today. Calendar events can sit on the page.	undecidable	R3: a notes, text or terminal tool whose description does not mention Markdown (application types: Journaling / Note-taking)
alternativeto:Obsidian	Yank Note	https://alternativeto.net/software/obsidian/?p=10 (list page; entry link not captured)	rank=113; page=10; 3 likes; alternatives-listed-for-this-entry=not shown; license=Freemium Open Source (AGPL-3.0)	A highly extensible, AI-powered Markdown editor. Version control, AI Copilot, mind map, documents encryption, code snippet running, integrated terminal, chart embedding, HTML applets, Reveal.js, plug-in, and macro replacement.	out	R1: description names Markdown but also a converter, linter, theme or snippet function
alternativeto:Obsidian	Vimwiki	https://alternativeto.net/software/obsidian/?p=10 (list page; entry link not captured)	rank=114; page=10; 7 likes; alternatives-listed-for-this-entry=not shown; license=Free Open Source	Vimwiki is a personal wiki for	undecidable	R3: a notes, text or terminal tool whose description does not mention Markdown (application types: Todo List Manager)
alternativeto:Obsidian	Logycore	https://alternativeto.net/software/obsidian/?p=10 (list page; entry link not captured)	rank=115; page=10; 4 likes; alternatives-listed-for-this-entry=not shown; license=Freemium Proprietary	Logycore is a tool that helps small and medium-sized businesses establish an internal knowledge base. It includes specialized features that improve management and ease the owner's workload.	undecidable	R3: a notes, text or terminal tool whose description does not mention Markdown (application types: Note-taking)
alternativeto:Obsidian	Kanbito	https://alternativeto.net/software/obsidian/?p=10 (list page; entry link not captured)	rank=116; page=10; 3 likes; alternatives-listed-for-this-entry=72; license=Free Open Source (MIT)	A simple way to organize your tasks. Drag tasks between columns, take notes, sync across devices. Free, private, works offline.	undecidable	R3: a notes, text or terminal tool whose description does not mention Markdown (application types: Note-taking / Todo List Manager)
alternativeto:Obsidian	Treedome	https://alternativeto.net/software/obsidian/?p=10 (list page; entry link not captured)	rank=117; page=10; 3 likes; alternatives-listed-for-this-entry=not shown; license=Free Open Source (AGPL-3.0)	A local-first, encrypted, note taking application with tree-like structures, all written and saved in rich text format. Supports Linux, Windows, and a certain walled-garden operating system.	undecidable	R3: a notes, text or terminal tool whose description does not mention Markdown (application types: Note-taking)
alternativeto:Obsidian	Jade Note	https://alternativeto.net/software/obsidian/?p=10 (list page; entry link not captured)	rank=118; page=10; Like; alternatives-listed-for-this-entry=not shown; license=Freemium Proprietary Origin Japan Platforms Online Japan More about Jade Note Good alternative? Is Jade Note a good alternative to Obsidian ?	Jade Note is an MCP-native note app that turns your personal knowledge into editable, portable memory for AI assistants.	undecidable	R3: a notes, text or terminal tool whose description does not mention Markdown (application types: not shown)
alternativeto:Obsidian	Nodeland	https://alternativeto.net/software/obsidian/?p=10 (list page; entry link not captured)	rank=119; page=10; Like; alternatives-listed-for-this-entry=not shown; license=Freemium Proprietary	Blends mind mapping and note-taking for interactive, rich idea capture, with AI-assisted organization, relationship mapping, flexible layouts, and visual navigation to help structure, connect, and retain information for individuals or collaborative projects.	undecidable	R3: a notes, text or terminal tool whose description does not mention Markdown (application types: Note-taking)
alternativeto:Obsidian	ProtoText	https://alternativeto.net/software/obsidian/?p=10 (list page; entry link not captured)	rank=120; page=10; 3 likes; alternatives-listed-for-this-entry=not shown; license=Free Open Source Platforms Windows Mac + 4 More about ProtoText Good alternative? Is ProtoText a good alternative to Obsidian ?	Minimalist Card-based App to create Notes, Knowledge Networks, Presentations, Portfolios, Multilingual guides, Educational videos, Audiobooks.	undecidable	R3: a notes, text or terminal tool whose description does not mention Markdown (application types: not shown)
alternativeto:Obsidian	Noteup	https://alternativeto.net/software/obsidian/?p=11 (list page; entry link not captured)	rank=121; page=11; 5 likes; alternatives-listed-for-this-entry=not shown; license=Free Open Source (MIT); alerts=Discontinued	Noteup is a free, open-source Github-flavored markup note-taking app for the web, mobile(PWA), and desktop. Your notes are saved in the local storage but are available for import/export.	undecidable	R3: a notes, text or terminal tool whose description does not mention Markdown (application types: Note-taking)
alternativeto:Obsidian	HackFlowy	https://alternativeto.net/software/obsidian/?p=11 (list page; entry link not captured)	rank=122; page=11; 5 likes; alternatives-listed-for-this-entry=49; license=Free Open Source; alerts=Discontinued	HackFlowy is an open source clone of Workflowy, built using backbone.js and socket.io, with an option to easily deploy via Heroku.	out	R4: neither Markdown nor a notes, text, writing or terminal tool in the description or application types (types: Task Management)
alternativeto:Obsidian	Workspace Pro	https://alternativeto.net/software/obsidian/?p=11 (list page; entry link not captured)	rank=123; page=11; Like; alternatives-listed-for-this-entry=91; license=Paid Proprietary Platforms Google Chrome + 9 More about Workspace Pro Good alternative? Is Workspace Pro a good alternative to Obsidian ?	Browser tabs and research rarely stay organized across sessions. Workspace Pro keeps both in one local-first Chrome extension: project workspaces for tabs, a personal Wiki for pages you want to keep, and optional AI when you need it.	undecidable	R3: a notes, text or terminal tool whose description does not mention Markdown (application types: not shown)
alternativeto:Obsidian	Luckynote	https://alternativeto.net/software/obsidian/?p=11 (list page; entry link not captured)	rank=124; page=11; Like; alternatives-listed-for-this-entry=not shown; license=Freemium Proprietary	Luckynote is a personal notes and bookmarking app built around a familiar messaging interface. Instead of opening separate tools for notes, tasks, links, files, screenshots, and voice notes, you can send everything to yourself and organize it later.	undecidable	R3: a notes, text or terminal tool whose description does not mention Markdown (application types: Note-taking / Todo List Manager)
alternativeto:Obsidian	Yaranga	https://alternativeto.net/software/obsidian/?p=11 (list page; entry link not captured)	rank=125; page=11; 1 like; alternatives-listed-for-this-entry=not shown; license=Free Proprietary	Yaranga is a personal knowledge management tool designed specifically for people with ADHD and busy minds.	undecidable	R3: a notes, text or terminal tool whose description does not mention Markdown (application types: Note-taking)
alternativeto:Obsidian	21M Notes	https://alternativeto.net/software/obsidian/?p=11 (list page; entry link not captured)	rank=126; page=11; 1 like; alternatives-listed-for-this-entry=not shown; license=Free Proprietary Origin Brazil Platforms Online Brazil + 2 More about 21M Notes Good alternative? Is 21M Notes a good alternative to Obsidian ?	Organize your ideas, notes, and to-dos in 21M Notes. Separate them by projects, save prompts, links, and useful info for later—everything in one place.	undecidable	R3: a notes, text or terminal tool whose description does not mention Markdown (application types: not shown)
alternativeto:Obsidian	KleverNotes	https://alternativeto.net/software/obsidian/?p=11 (list page; entry link not captured)	rank=127; page=11; 2 likes; alternatives-listed-for-this-entry=not shown; license=Free Open Source (GPL-3.0)	KleverNotes is a note-taking and management application for your mobile and desktop devices. It uses Markdown and allows you to preview your content.	in	R2: description names Markdown (application types: Note-taking)
alternativeto:Obsidian	TagJournal	https://alternativeto.net/software/obsidian/?p=11 (list page; entry link not captured)	rank=128; page=11; 1 like; alternatives-listed-for-this-entry=not shown; license=Freemium Proprietary	TagJournal is a fast tagging journal that helps you track habits, activities, moods, expenses, and time using rich tags and powerful daily insights.	undecidable	R3: a notes, text or terminal tool whose description does not mention Markdown (application types: Journaling / Private Diary)
alternativeto:Obsidian	Nodalist AI	https://alternativeto.net/software/obsidian/?p=11 (list page; entry link not captured)	rank=129; page=11; 1 like; alternatives-listed-for-this-entry=not shown; license=Freemium Proprietary	Not another chat box. Nodalist is a visual reasoning workspace where thinking holds its shape: node canvas, six-model AI debate (AI Storming), cited reusable research (AI Grounding), file-aware AI.	undecidable	R3: a notes, text or terminal tool whose description does not mention Markdown (application types: Mind Mapping / Note-taking)
alternativeto:Obsidian	FileOutliner	https://alternativeto.net/software/obsidian/?p=11 (list page; entry link not captured)	rank=130; page=11; 3 likes; alternatives-listed-for-this-entry=not shown; license=Free Proprietary	A local-first Markdown note app with an outliner editor.	in	R2: description names Markdown (application types: Note-taking)
alternativeto:Obsidian	MiniMark	https://alternativeto.net/software/obsidian/?p=11 (list page; entry link not captured)	rank=131; page=11; 2 likes; alternatives-listed-for-this-entry=not shown; license=Free Open Source (GPL-3.0)	CLI Markdown Editor / Viewer.	in	R2: description names Markdown (application types: Note-taking / Text Editor)
alternativeto:Obsidian	Noteriv	https://alternativeto.net/software/obsidian/?p=11 (list page; entry link not captured)	rank=132; page=11; 2 likes; alternatives-listed-for-this-entry=not shown; license=Free Open Source (MIT)	Noteriv is an open-source note-taking app built as an alternative to Obsidian. It includes a markdown editor with split view, wiki-style links between notes, canvas/whiteboard, flashcards, Mermaid diagrams, a drawing editor, PDF annotation viewer, web clipper, dataview queries...	in	R2: description names Markdown (application types: Note-taking / Team Collaboration)
alternativeto:Obsidian	Colanode	https://alternativeto.net/software/obsidian/?p=12 (list page; entry link not captured)	rank=133; page=12; 4 likes; alternatives-listed-for-this-entry=52; license=Freemium Open Source (Apache-2.0)	Open-source and local-first Slack and Notion alternative that puts you in control of your data.	out	R4: neither Markdown nor a notes, text, writing or terminal tool in the description or application types (types: Team Collaboration)
alternativeto:Obsidian	Cotoami	https://alternativeto.net/software/obsidian/?p=12 (list page; entry link not captured)	rank=134; page=12; 2 likes; alternatives-listed-for-this-entry=not shown; license=Free Open Source (Apache-2.0)	Cotoami is a note-taking application that helps your personal and team knowledge naturally evolve into a concept-based knowledge base. It's a standalone, cross-platform application with offline support.	undecidable	R3: a notes, text or terminal tool whose description does not mention Markdown (application types: Note-taking / Team Collaboration)
alternativeto:Obsidian	Sorana	https://alternativeto.net/software/obsidian/?p=12 (list page; entry link not captured)	rank=135; page=12; 1 like; alternatives-listed-for-this-entry=not shown; license=Freemium Proprietary	Your knowledge. Your AI. Your rules. Sorana is a personal desktop AI workspace and agent harness, a primary agent that plans your work, dispatches specialized subagents, and never forgets.	undecidable	R3: a notes, text or terminal tool whose description does not mention Markdown (application types: AI Chatbot / Large Language Model (LLM))
alternativeto:Obsidian	Macro	https://alternativeto.net/software/obsidian/?p=12 (list page; entry link not captured)	rank=136; page=12; 3 likes; alternatives-listed-for-this-entry=not shown; license=Freemium Open Source (AGPL-3.0)	Macro is the open source company OS - channels, email, docs, tasks, crm, and AI in one workspace - that's self-hostable and AGPLv3 licensed.	out	R4: neither Markdown nor a notes, text, writing or terminal tool in the description or application types (types: Team Collaboration / Project Management)
alternativeto:Obsidian	WeNote	https://alternativeto.net/software/obsidian/?p=12 (list page; entry link not captured)	rank=137; page=12; 5 likes; alternatives-listed-for-this-entry=not shown; license=Freemium Proprietary	WeNote is simple and easy to use. You can create color notes, to-do lists, reminders and calendar quickly.	undecidable	R3: a notes, text or terminal tool whose description does not mention Markdown (application types: Note-taking / Todo List Manager)
alternativeto:Obsidian	Sorael	https://alternativeto.net/software/obsidian/?p=12 (list page; entry link not captured)	rank=138; page=12; 2 likes; alternatives-listed-for-this-entry=not shown; license=Free Proprietary	Sorael brings your tasks, schedule, workouts, and journal into one beautiful app. No more juggling 5 separate apps.	undecidable	R3: a notes, text or terminal tool whose description does not mention Markdown (application types: Task Management / Calendar)
alternativeto:Obsidian	Railnote	https://alternativeto.net/software/obsidian/?p=12 (list page; entry link not captured)	rank=139; page=12; Like; alternatives-listed-for-this-entry=not shown; license=Paid Proprietary	Railnote puts your tasks, notes, bookmarks and habits in one clean feed. Capture anything instantly with Quick Capture. Focus on what matters with Today View. AI helps you write, search and organize your content. Simple enough to use daily, capable enough to replace four apps.	undecidable	R3: a notes, text or terminal tool whose description does not mention Markdown (application types: Note-taking / Task Management)
alternativeto:Obsidian	Idaesbasic	https://alternativeto.net/software/obsidian/?p=12 (list page; entry link not captured)	rank=140; page=12; 3 likes; alternatives-listed-for-this-entry=not shown; license=Free Open Source (Apache-2.0)	Idaesbasic - An all in one project manager that stores everything in files directly into your project!	undecidable	R3: a notes, text or terminal tool whose description does not mention Markdown (application types: Note-taking)
alternativeto:Obsidian	Citronote	https://alternativeto.net/software/obsidian/?p=12 (list page; entry link not captured)	rank=141; page=12; 2 likes; alternatives-listed-for-this-entry=not shown; license=Free Open Source (Apache-2.0)	Citronote is a note-taking application for Windows that allows you to create Markdown, Scrap, ToDo, and Plaintext notes.	in	R2: description names Markdown (application types: Note-taking)
alternativeto:Obsidian	Notes (PFA)	https://alternativeto.net/software/obsidian/?p=12 (list page; entry link not captured)	rank=142; page=12; 3 likes; alternatives-listed-for-this-entry=not shown; license=Free Open Source (GPL-3.0)	Privacy Friendly Notes allows you to take and manage notes on Android devices. It belongs to the Privacy Friendly Apps group developed by the research group SECUSO at Karlsruhe Institute of Technology. More information can be found an secuso.org/pfa	undecidable	R3: a notes, text or terminal tool whose description does not mention Markdown (application types: Note-taking / Todo List Manager)
alternativeto:Obsidian	Webtrotion	https://alternativeto.net/software/obsidian/?p=12 (list page; entry link not captured)	rank=143; page=12; 6 likes; alternatives-listed-for-this-entry=not shown; license=Free Open Source (MIT)	Webtrotion is a highly configurable and easy-to-install website builder, crafted with the Astro framework and Notion. Use it to effortlessly create a blog or website.	undecidable	R3: a notes, text or terminal tool whose description does not mention Markdown (application types: Note-taking / Todo List Manager)
alternativeto:Obsidian	Topilo Notes	https://alternativeto.net/software/obsidian/?p=12 (list page; entry link not captured)	rank=144; page=12; 6 likes; alternatives-listed-for-this-entry=not shown; license=Free Proprietary	Capture thousands of thoughts and make them all useful. A notes app reimagined for handling your every thought and idea while making it easy to process, organize and review them later.	undecidable	R3: a notes, text or terminal tool whose description does not mention Markdown (application types: Note-taking)
alternativeto:Obsidian	PeekMark	https://alternativeto.net/software/obsidian/?p=13 (list page; entry link not captured)	rank=145; page=13; 1 like; alternatives-listed-for-this-entry=not shown; license=Freemium Open Source (AGPL-3.0) Origin United States Platforms Mac United States + 2 More about PeekMark Good alternative? Is PeekMark a good alternative to Obsidian ?	A native, local-first Markdown viewer and workspace for macOS with Finder Quick Look, Mermaid and Math rendering, plus optional workspaces, full-text search, backlinks, knowledge graph and export.	in	R2: description names Markdown (application types: not shown)
alternativeto:Obsidian	smasi	https://alternativeto.net/software/obsidian/?p=13 (list page; entry link not captured)	rank=146; page=13; 1 like; alternatives-listed-for-this-entry=not shown; license=Freemium Proprietary Platforms Mac Windows Android iPhone Android Tablet iPad Chrome OS More about smasi Good alternative? Is smasi a good alternative to Obsidian ?	Local and personal wiki for easily recording work descriptions, experience reports, checklists, and your knowledge.	undecidable	R3: a notes, text or terminal tool whose description does not mention Markdown (application types: not shown)
alternativeto:Obsidian	PenPage	https://alternativeto.net/software/obsidian/?p=13 (list page; entry link not captured)	rank=147; page=13; 1 like; alternatives-listed-for-this-entry=not shown; license=Free Open Source (Apache-2.0) Platforms Online Self-Hosted More about PenPage Good alternative? Is PenPage a good alternative to Obsidian ?	PenPage is a free, open-source, privacy-focused note-taking application that stores your notes locally in your browser. No sign-up required — open the app and start writing.	undecidable	R3: a notes, text or terminal tool whose description does not mention Markdown (application types: not shown)
alternativeto:Obsidian	Sigilla	https://alternativeto.net/software/obsidian/?p=13 (list page; entry link not captured)	rank=148; page=13; 1 like; alternatives-listed-for-this-entry=not shown; license=Free Proprietary	Sigilla is a source-backed research workspace for turning web sources into reusable evidence and output. Save articles and research, highlight important passages while preserving their original context, retrieve them later with search, and turn the material into Citation Packs...	undecidable	R3: a notes, text or terminal tool whose description does not mention Markdown (application types: Note-taking / Project Management)
alternativeto:Obsidian	FoxyNotes	https://alternativeto.net/software/obsidian/?p=13 (list page; entry link not captured)	rank=149; page=13; 2 likes; alternatives-listed-for-this-entry=not shown; license=Freemium Proprietary	Simple and easy-to-use notepad app designed to make your life easier. Whether you're jotting down quick notes, creating to do lists, drawing, or organizing your ideas, FoxyNotes has you covered. Plus, with seamless Google Drive sync and backup, your notes are always safe and...	undecidable	R3: a notes, text or terminal tool whose description does not mention Markdown (application types: Note-taking / Todo List Manager)
alternativeto:Obsidian	Material Notes	https://alternativeto.net/software/obsidian/?p=13 (list page; entry link not captured)	rank=150; page=13; 2 likes; alternatives-listed-for-this-entry=not shown; license=Free Open Source (AGPL-3.0) Origin France EU Platforms Android Android Tablet F-Droid France EU More about Material Notes Good alternative? Is Material Notes a good alternative to Obsidian ?	Simple, local, material design notes.	undecidable	R3: a notes, text or terminal tool whose description does not mention Markdown (application types: not shown)
alternativeto:Obsidian	NoteSR	https://alternativeto.net/software/obsidian/?p=13 (list page; entry link not captured)	rank=151; page=13; 2 likes; alternatives-listed-for-this-entry=not shown; license=Free Open Source (MIT) Origin Ukraine Platforms Android F-Droid Ukraine More about NoteSR Good alternative? Is NoteSR a good alternative to Obsidian ?	NoteSR is a secure and offline-first note-taking Android app that creates an encrypted storage space on your device. You can write text notes, attach any type of file to them, and open files directly inside the app — all fully encrypted using AES-256.	undecidable	R3: a notes, text or terminal tool whose description does not mention Markdown (application types: not shown)
alternativeto:Obsidian	Lokus	https://alternativeto.net/software/obsidian/?p=13 (list page; entry link not captured)	rank=152; page=13; 3 likes; alternatives-listed-for-this-entry=not shown; license=Free Open Source	A modern, intuitive note-taking app with powerful editing capabilities, database views, AI integration, and fast search.	undecidable	R3: a notes, text or terminal tool whose description does not mention Markdown (application types: Note-taking)
alternativeto:Obsidian	Decks	https://alternativeto.net/software/obsidian/?p=13 (list page; entry link not captured)	rank=153; page=13; Like; alternatives-listed-for-this-entry=not shown; license=Paid Proprietary Origin United States Platforms Mac United States + 4 More about Decks Good alternative? Is Decks a good alternative to Obsidian ?	Decks is an all-in-one productivity workspace that combines notes, flashcards, tasks, journals, AI chats, videos, and tables into project-based "decks" so you can stop switching between multiple apps.	undecidable	R3: a notes, text or terminal tool whose description does not mention Markdown (application types: not shown)
alternativeto:Obsidian	Panto	https://alternativeto.net/software/obsidian/?p=13 (list page; entry link not captured)	rank=154; page=13; Like; alternatives-listed-for-this-entry=not shown; license=Freemium Proprietary	Panto is a minimalist note-taking app designed to help you organize ideas without getting in the way. Create unlimited nested pages, build custom templates, and access your notes instantly from any device.	undecidable	R3: a notes, text or terminal tool whose description does not mention Markdown (application types: Note-taking / Team Collaboration)
alternativeto:Obsidian	NoteDock AI	https://alternativeto.net/software/obsidian/?p=13 (list page; entry link not captured)	rank=155; page=13; Like; alternatives-listed-for-this-entry=not shown; license=Freemium Proprietary	NoteDock is an AI-powered note app that lets you capture text, voice, screenshots, links, or PDFs like sending a message to yourself.	undecidable	R3: a notes, text or terminal tool whose description does not mention Markdown (application types: Todo List Manager)
alternativeto:Obsidian	NoteFolio	https://alternativeto.net/software/obsidian/?p=13 (list page; entry link not captured)	rank=156; page=13; Like; alternatives-listed-for-this-entry=not shown; license=Freemium Proprietary	NotesFolio: Private, Simple Note Organizer. Passcode protect your notes and folders.	undecidable	R3: a notes, text or terminal tool whose description does not mention Markdown (application types: Note-taking / Todo List Manager)
alternativeto:Obsidian	PocketMark	https://alternativeto.net/software/obsidian/?p=14 (list page; entry link not captured)	rank=157; page=14; 2 likes; alternatives-listed-for-this-entry=not shown; license=Freemium Proprietary	PocketMark is an editor for Markdown (.md) files elegant and powerful, it's feature include, but are not limited to:	in	R2: description names Markdown (application types: Note-taking)
alternativeto:Obsidian	Notepad App	https://alternativeto.net/software/obsidian/?p=14 (list page; entry link not captured)	rank=158; page=14; 2 likes; alternatives-listed-for-this-entry=not shown; license=Free Proprietary	A markdown-based notes app for macOS, with simplicity and moderation.	in	R2: description names Markdown (application types: Note-taking / Text Editor)
alternativeto:Obsidian	Diwadi	https://alternativeto.net/software/obsidian/?p=14 (list page; entry link not captured)	rank=159; page=14; 2 likes; alternatives-listed-for-this-entry=not shown; license=Freemium Proprietary	Desktop file workspace with built-in AI.	out	R4: neither Markdown nor a notes, text, writing or terminal tool in the description or application types (types: Video Editor / Image Optimizer)
alternativeto:Obsidian	HiGGSi	https://alternativeto.net/software/obsidian/?p=14 (list page; entry link not captured)	rank=160; page=14; Like; alternatives-listed-for-this-entry=not shown; license=Freemium Proprietary Origin South Korea Platforms Android iPhone South Korea More about HiGGSi Good alternative? Is HiGGSi a good alternative to Obsidian ?	Notes are meant to help us remember. But most end up forgotten the moment you write them — piling up endlessly, never seen again.	undecidable	R3: a notes, text or terminal tool whose description does not mention Markdown (application types: not shown)
alternativeto:Obsidian	Ikarus	https://alternativeto.net/software/obsidian/?p=14 (list page; entry link not captured)	rank=161; page=14; 2 likes; alternatives-listed-for-this-entry=not shown; license=Free Proprietary; alerts=Discontinued	Ever wanted to create your own world? Keep track of your P&P campaigns? Are you working as a worldbuilder and find it troublesome to keep track of lots of relevant data or simply want to share that data in an accessible way? Well look no further than Ikarus!.	undecidable	R3: a notes, text or terminal tool whose description does not mention Markdown (application types: Note-taking / World Building)
alternativeto:Obsidian	Nottodbox	https://alternativeto.net/software/obsidian/?p=14 (list page; entry link not captured)	rank=162; page=14; 2 likes; alternatives-listed-for-this-entry=not shown; license=Free Open Source (GPL-3.0)	Nottodbox allows you to create and organize notes, to-dos, and diaries with rich text support in popular formats.	undecidable	R3: a notes, text or terminal tool whose description does not mention Markdown (application types: Note-taking / Todo List Manager)
alternativeto:Obsidian	Caliu	https://alternativeto.net/software/obsidian/?p=14 (list page; entry link not captured)	rank=163; page=14; 5 likes; alternatives-listed-for-this-entry=not shown; license=Freemium Proprietary	Caliu is a local-first markdown notes app for people who write, with live formatting, hashtags that become nested tags, reminders on notes, and invisible sync across web, iOS, iPadOS and macOS.	in	R2: description names Markdown (application types: Note-taking)
alternativeto:Obsidian	SelfOS	https://alternativeto.net/software/obsidian/?p=14 (list page; entry link not captured)	rank=164; page=14; 2 likes; alternatives-listed-for-this-entry=not shown; license=Freemium Proprietary	A self-care tracker and daily life planner: tasks, goals, habits, water, sleep, nutrition and activity in one calm, ad-free app - with a bonsai that grows as you care for yourself.	out	R4: neither Markdown nor a notes, text, writing or terminal tool in the description or application types (types: Task Management / Habit Tracker)
alternativeto:Obsidian	FocusAI	https://alternativeto.net/software/obsidian/?p=14 (list page; entry link not captured)	rank=165; page=14; 1 like; alternatives-listed-for-this-entry=not shown; license=Freemium Proprietary	An AI-powered goal execution engine that transforms unstructured user intent into actionable, calendar-synced daily plans and isolated focus environments.	out	R4: neither Markdown nor a notes, text, writing or terminal tool in the description or application types (types: Task Management)
alternativeto:Obsidian	Thoughts	https://alternativeto.net/software/obsidian/?p=14 (list page; entry link not captured)	rank=166; page=14; 2 likes; alternatives-listed-for-this-entry=not shown; license=Freemium Proprietary Platforms iPhone iPad + 8 More about Thoughts Good alternative? Is Thoughts a good alternative to Obsidian ?	Thoughts is a software application designed for collecting, organizing, and reviewing inspiring content, with features such as a personalized feed, library management, text recognition, and iCloud sync.	out	R4: neither Markdown nor a notes, text, writing or terminal tool in the description or application types (types: not shown)
alternativeto:Obsidian	CortexOS	https://alternativeto.net/software/obsidian/?p=14 (list page; entry link not captured)	rank=167; page=14; 1 like; alternatives-listed-for-this-entry=not shown; license=Freemium Proprietary	Your private AI journal that detects emotions, spots patterns, and runs entirely on your phone so your thoughts never leave your device.	undecidable	R3: a notes, text or terminal tool whose description does not mention Markdown (application types: Journaling / Private Diary)
alternativeto:Obsidian	NeatNotes	https://alternativeto.net/software/obsidian/?p=14 (list page; entry link not captured)	rank=168; page=14; Like; alternatives-listed-for-this-entry=not shown; license=Free Proprietary Origin Canada Platforms Windows Canada + 2 More about NeatNotes Good alternative? Is NeatNotes a good alternative to Obsidian ?	Free infinite canvas note-taking app for Windows with handwriting recognition, math solver, PDF annotation, and Obsidian Vault Mirror sync. 100% local, no cloud, no account required.	undecidable	R3: a notes, text or terminal tool whose description does not mention Markdown (application types: not shown)
alternativeto:Obsidian	Dark Note	https://alternativeto.net/software/obsidian/?p=15 (list page; entry link not captured)	rank=169; page=15; 2 likes; alternatives-listed-for-this-entry=not shown; license=Free Open Source	Dark Note offers a wide range of features for taking notes, creating checklists, and keeping track of your budget. Its simple and elegant user interface makes it easy to use and navigate, allowing you to quickly and easily create and manage your notes + checklists.	undecidable	R3: a notes, text or terminal tool whose description does not mention Markdown (application types: Note-taking)
alternativeto:Obsidian	Quillpane	https://alternativeto.net/software/obsidian/?p=15 (list page; entry link not captured)	rank=170; page=15; 1 like; alternatives-listed-for-this-entry=not shown; license=Free Open Source (MIT)	Quillpane, formerly Markpad, is a native desktop Markdown notepad for individual local files. Write in the editor, read the rendered preview, or use Split view to keep both visible. Notes remain ordinary files on your device, with recovery drafts, session restore, and...	in	R2: description names Markdown (application types: Note-taking / Todo List Manager)
alternativeto:Obsidian	Kraa.io	https://alternativeto.net/software/obsidian/?p=15 (list page; entry link not captured)	rank=171; page=15; 2 likes; alternatives-listed-for-this-entry=not shown; license=Free Proprietary	Kraa is for writing., It's a note-taking app, a text editor, a messaging app, a story book, a community hub, a shared document, a blogging platform, a family board, ...	undecidable	R3: a notes, text or terminal tool whose description does not mention Markdown (application types: Note-taking / Team Collaboration)
alternativeto:Obsidian	PANACHES	https://alternativeto.net/software/obsidian/?p=15 (list page; entry link not captured)	rank=172; page=15; Like; alternatives-listed-for-this-entry=not shown; license=Paid Proprietary Origin France EU Platforms Windows Linux France EU + 6 More about PANACHES Good alternative? Is PANACHES a good alternative to Obsidian ?	PANACHES is a local-first desktop workspace for makers, writers, developers and multidisciplinary creators.	out	R4: neither Markdown nor a notes, text, writing or terminal tool in the description or application types (types: not shown)
alternativeto:Obsidian	Anotalos	https://alternativeto.net/software/obsidian/?p=15 (list page; entry link not captured)	rank=173; page=15; Like; alternatives-listed-for-this-entry=not shown; license=Free Proprietary	Advanced and fully featured notes app for iPhone, iPad & Mac. Built with the latest technologies to handle almost anything.	undecidable	R3: a notes, text or terminal tool whose description does not mention Markdown (application types: Note-taking)
alternativeto:Obsidian	OB Lite	https://alternativeto.net/software/obsidian/?p=15 (list page; entry link not captured)	rank=174; page=15; Like; alternatives-listed-for-this-entry=not shown; license=Freemium Proprietary	OB Lite is a browser-based editor for Obsidian vaults that are synced through a GitHub repository. It connects to your repo with a GitHub App scoped to the single repository you choose, and lets you read, edit, create and organise your Markdown notes from a phone — without...	in	R2: description names Markdown (application types: Note-taking)
alternativeto:Obsidian	Note Shuttle	https://alternativeto.net/software/obsidian/?p=15 (list page; entry link not captured)	rank=175; page=15; 1 like; alternatives-listed-for-this-entry=not shown; license=Freemium Proprietary Platforms Online Software as a Service (SaaS) More about Note Shuttle Good alternative? Is Note Shuttle a good alternative to Obsidian ?	Write Markdown, publish with one click. Time-limited burn-after-reading or permanently accessible links, with optional encryption — lightweight, secure, controllable.	in	R2: description names Markdown (application types: not shown)
alternativeto:Obsidian	Poznote	https://alternativeto.net/software/obsidian/?p=15 (list page; entry link not captured)	rank=176; page=15; 1 like; alternatives-listed-for-this-entry=8; license=Free Open Source (MIT)	A free, open-source alternative to Notion, Obsidian, Evernote or OneNote. Your notes stay yours, whether you run it yourself or let a host run it for you.	undecidable	R3: a notes, text or terminal tool whose description does not mention Markdown (application types: Note-taking)
alternativeto:Obsidian	Asterive	https://alternativeto.net/software/obsidian/?p=15 (list page; entry link not captured)	rank=177; page=15; 2 likes; alternatives-listed-for-this-entry=not shown; license=Freemium Proprietary	A browser-first note-taking app with rich-text and Markdown editing, files, recordings, search, portable exports, and reviewable AI.	in	R2: description names Markdown (application types: Note-taking)
alternativeto:Obsidian	Intessika	https://alternativeto.net/software/obsidian/?p=15 (list page; entry link not captured)	rank=178; page=15; 1 like; alternatives-listed-for-this-entry=not shown; license=Free Proprietary	Local full featured notes (text, md, rich, spreadsheet, draw) that sit next to the PDFs and Office files you already have, without rewriting them.	in	R2: description names Markdown (application types: Note-taking)
alternativeto:Obsidian	Markdown Buddy	https://alternativeto.net/software/obsidian/?p=15 (list page; entry link not captured)	rank=179; page=15; 1 like; alternatives-listed-for-this-entry=not shown; license=Paid Proprietary Origin France EU Platforms Mac France EU + 2 More about Markdown Buddy M Good alternative? Is Markdown Buddy a good alternative to Obsidian ?	Native macOS Markdown editor that also renders Markdown files in the Finder and inside Xcode.	in	R2: description names Markdown (application types: not shown)
alternativeto:Obsidian	ScribeDog	https://alternativeto.net/software/obsidian/?p=15 (list page; entry link not captured)	rank=180; page=15; 2 likes; alternatives-listed-for-this-entry=not shown; license=Free Open Source (MIT) Origin Germany EU Platforms Windows Linux Germany EU + 9 More about ScribeDog Good alternative? Is ScribeDog a good alternative to Obsidian ?	ScribeDog is a native desktop Markdown editor that renders your writing as a polished, WYSIWYG document — no raw # or * syntax in sight — while keeping every file a plain, portable .md file on disk.	in	R2: description names Markdown (application types: not shown)
alternativeto:Obsidian	InkyCap	https://alternativeto.net/software/obsidian/?p=16 (list page; entry link not captured)	rank=181; page=16; 1 like; alternatives-listed-for-this-entry=20; license=Free Open Source	InkyCap is a personal knowledge management (PKM) tool that uses Typst markup. It focuses on academics, writers, and anyone wanting both conventional PKM functionality and advanced features for publishing, knowledge discovery, recall, and ideation, as well as agenda-keeping...	undecidable	R3: a notes, text or terminal tool whose description does not mention Markdown (application types: Note-taking)
alternativeto:Obsidian	Nya AI	https://alternativeto.net/software/obsidian/?p=16 (list page; entry link not captured)	rank=182; page=16; 2 likes; alternatives-listed-for-this-entry=not shown; license=Freemium Open Source (Apache-2.0)	Nya AI is a unified workspace that seamlessly combines a first-class AI chat client with a powerful team collaboration platform. It empowers individuals and teams to chat with AI, search the web, write documents, manage files, and communicate all in one centralized hub.	out	R4: neither Markdown nor a notes, text, writing or terminal tool in the description or application types (types: AI Chatbot)
alternativeto:Obsidian	Plainva	https://alternativeto.net/software/obsidian/?p=16 (list page; entry link not captured)	rank=183; page=16; 1 like; alternatives-listed-for-this-entry=not shown; license=Free Open Source (AGPL-3.0) Origin Germany EU Platforms Mac Windows Linux Germany EU + 4 More about Plainva Good alternative? Is Plainva a good alternative to Obsidian ?	Plainva is an open-source, local-first editor for plain Markdown vaults. It aims to open existing Obsidian-compatible vaults directly from cloud storage and preserve file ownership.	in	R2: description names Markdown (application types: not shown)
alternativeto:Obsidian	DANO	https://alternativeto.net/software/obsidian/?p=16 (list page; entry link not captured)	rank=184; page=16; 1 like; alternatives-listed-for-this-entry=not shown; license=Free Open Source (MIT) Origin Sweden EU Platforms Mac Windows Linux Good alternative? Is DANO a good alternative to Obsidian ?	DANO is not another productivity app. It’s a digital mirror of your life — a single, connected space where everything you track lives together and nothing stays isolated.	out	R4: neither Markdown nor a notes, text, writing or terminal tool in the description or application types (types: not shown)
alternativeto:Obsidian	Binderus	https://alternativeto.net/software/obsidian/?p=16 (list page; entry link not captured)	rank=185; page=16; 2 likes; alternatives-listed-for-this-entry=not shown; license=Freemium Open Source (MIT)	Local-first Markdown note-taking app with Notion-quality WYSIWYG editing on plain .md files. No cloud required, no account needed. Built with Tauri + Rust (~9 MB).	in	R2: description names Markdown (application types: Note-taking)
alternativeto:Obsidian	zk	https://alternativeto.net/software/obsidian/?p=16 (list page; entry link not captured)	rank=186; page=16; 1 like; alternatives-listed-for-this-entry=not shown; license=Free Open Source (GPL-3.0) Platforms Mac Linux More about zk Good alternative? Is zk a good alternative to Obsidian ?	zk is a plain text note-taking assistant meant for use alongside a separate text editor program.	undecidable	R3: a notes, text or terminal tool whose description does not mention Markdown (application types: not shown)
alternativeto:Obsidian	Ideon	https://alternativeto.net/software/obsidian/?p=16 (list page; entry link not captured)	rank=187; page=16; 1 like; alternatives-listed-for-this-entry=not shown; license=Free Open Source (AGPL-3.0) Origin France EU Platforms Self-Hosted Docker France EU More about Ideon Good alternative? Is Ideon a good alternative to Obsidian ?	Ideon is an open-source, self-hosted alternative to tools like Heptabase and Kosmik, specifically designed for technical projects. It provides an infinite spatial canvas where users can organize information visually rather than in linear documents or folder structures.	out	R4: neither Markdown nor a notes, text, writing or terminal tool in the description or application types (types: not shown)
alternativeto:Obsidian	AirNote	https://alternativeto.net/software/obsidian/?p=16 (list page; entry link not captured)	rank=188; page=16; 1 like; alternatives-listed-for-this-entry=not shown; license=Freemium Proprietary (GPL-3.0)	AirNote goes beyond standard note-taking functions, utilizing Google's powerful Gemini API to serve as your personal writing assistant. This project is designed not only to securely store your information but also to help you express your thoughts more effectively and...	undecidable	R3: a notes, text or terminal tool whose description does not mention Markdown (application types: Note-taking)
alternativeto:Obsidian	Note hero	https://alternativeto.net/software/obsidian/?p=16 (list page; entry link not captured)	rank=189; page=16; 1 like; alternatives-listed-for-this-entry=not shown; license=Free Proprietary	A free online notepad with auto-save, formatting, and sharing features. Create, edit and save notes directly in your browser without login.	undecidable	R3: a notes, text or terminal tool whose description does not mention Markdown (application types: Note-taking)
alternativeto:Obsidian	TreeTime	https://alternativeto.net/software/obsidian/?p=16 (list page; entry link not captured)	rank=190; page=16; 2 likes; alternatives-listed-for-this-entry=124; license=Free Open Source (GPL-3.0)	TreeTime is an information organizer that stores text, numbers, and other data in linked trees. Mathematical operations like sums, ratios, and differences are calculated and updated on the fly. It exports to PNG, SVG, HTML, CSV, and plain text, and includes a configurable web interface.	undecidable	R3: a notes, text or terminal tool whose description does not mention Markdown (application types: Todo List Manager / Note-taking)
alternativeto:Obsidian	Saner.ai	https://alternativeto.net/software/obsidian/?p=16 (list page; entry link not captured)	rank=191; page=16; 14 likes; alternatives-listed-for-this-entry=77; license=Freemium Proprietary	Saner.ai is your Simple yet Powerful Second Brain, enabling you to instantly capture, find, and gain insights without manual organizing.	undecidable	R3: a notes, text or terminal tool whose description does not mention Markdown (application types: Note-taking)
alternativeto:Obsidian	Knowledge Canvas	https://alternativeto.net/software/obsidian/?p=16 (list page; entry link not captured)	rank=192; page=16; 1 like; alternatives-listed-for-this-entry=16; license=Free Open Source (Apache-2.0)	Knowledge is a tool for saving, searching, accessing, exploring and chatting with all of your favorite websites, documents and files.	undecidable	R3: a notes, text or terminal tool whose description does not mention Markdown (application types: Note-taking)
alternativeto:Obsidian	Notah AI	https://alternativeto.net/software/obsidian/?p=17 (list page; entry link not captured)	rank=193; page=17; 2 likes; alternatives-listed-for-this-entry=306; license=Free Proprietary	AI executive assistant that records Google Meet, Zoom, Teams, Webex; transcribes and makes instant summaries: decisions, action items, minutes, smart titles. Search/tag, jump to quotes, export/share.	undecidable	R3: a notes, text or terminal tool whose description does not mention Markdown (application types: Note-taking / Team Collaboration)
alternativeto:Obsidian	Templata	https://alternativeto.net/software/obsidian/?p=17 (list page; entry link not captured)	rank=194; page=17; 1 like; alternatives-listed-for-this-entry=not shown; license=Free Proprietary	Notion meets a life coach. Expert-guided planning for weddings, career changes, home buying, and life's biggest decisions — without starting from scratch.	undecidable	R3: a notes, text or terminal tool whose description does not mention Markdown (application types: Note-taking / Task Management)
alternativeto:Obsidian	Markdown Shell Extensions and Editor	https://alternativeto.net/software/obsidian/?p=17 (list page; entry link not captured)	rank=195; page=17; 1 like; alternatives-listed-for-this-entry=not shown; license=Free Open Source (Apache-2.0) Origin Italy EU Platforms Windows Italy EU + 1 More about Markdown Shell Extensions and Editor Good alternative? Is this a good alternative to Obsidian ?	A Markdown Text Editor to manually edit a markdown file, with instant preview of the output in a HTML Viewer.	in	R2: description names Markdown (application types: not shown)
alternativeto:Obsidian	Rucola	https://alternativeto.net/software/obsidian/?p=17 (list page; entry link not captured)	rank=196; page=17; 2 likes; alternatives-listed-for-this-entry=not shown; license=Free Open Source (GPL-3.0)	Terminal-based markdown note manager to view statistics, explore connections and launch editing and viewing applications.	in	R2: description names Markdown (application types: Note-taking)
alternativeto:Obsidian	Moolight	https://alternativeto.net/software/obsidian/?p=17 (list page; entry link not captured)	rank=197; page=17; Like; alternatives-listed-for-this-entry=not shown; license=Paid Proprietary Platforms iPhone iPad Apple Watch + 9 More about Moolight Good alternative? Is Moolight a good alternative to Obsidian ?	Moolight is more than just a journal; it's a digital companion designed to make cherishing every moment simpler and more insightful.	undecidable	R3: a notes, text or terminal tool whose description does not mention Markdown (application types: not shown)
alternativeto:Obsidian	Rhyolite	https://alternativeto.net/software/obsidian/?p=17 (list page; entry link not captured)	rank=198; page=17; 1 like; alternatives-listed-for-this-entry=not shown; license=Free Open Source (GPL-3.0)	Rhyolite is a simple markdown editor build using tauri framework that allows user to edit and work on markdown files.	in	R2: description names Markdown (application types: Note-taking)
alternativeto:Obsidian	MindNote	https://alternativeto.net/software/obsidian/?p=17 (list page; entry link not captured)	rank=199; page=17; 1 like; alternatives-listed-for-this-entry=not shown; license=Paid Proprietary	MindNote, the smartest, simplest, most customizable note-taking app designed to keep your ideas, thoughts, and memories organized and accessible wherever you go.	undecidable	R3: a notes, text or terminal tool whose description does not mention Markdown (application types: Note-taking)
alternativeto:Obsidian	Easy Notes	https://alternativeto.net/software/obsidian/?p=17 (list page; entry link not captured)	rank=200; page=17; Like; alternatives-listed-for-this-entry=103; license=Freemium Proprietary	Easy Notes - Notepad, Notebook, Free Notes App? is a brand new easy-to-use free notes app for Android. With this easy notepad app, You can make quick notes with colorful backgrounds and checklists to help organize your tasks and life easily.	undecidable	R3: a notes, text or terminal tool whose description does not mention Markdown (application types: Note-taking)
alternativeto:Obsidian	TriliumDroid	https://alternativeto.net/software/obsidian/?p=17 (list page; entry link not captured)	rank=201; page=17; 2 likes; alternatives-listed-for-this-entry=not shown; license=Free Open Source (AGPL-3.0) Platforms Android F-Droid More about TriliumDroid Good alternative? Is TriliumDroid a good alternative to Obsidian ?	Android client for Trilium Notes.	undecidable	R3: a notes, text or terminal tool whose description does not mention Markdown (application types: not shown)
alternativeto:Obsidian	Notestudio	https://alternativeto.net/software/obsidian/?p=17 (list page; entry link not captured)	rank=202; page=17; 1 like; alternatives-listed-for-this-entry=not shown; license=Freemium Proprietary	Notestudio brings the charm of traditional handwriting together with powerful digital tools, making note-taking feel natural and intuitive. With flexible paper styles, advanced drawing tools, and a smooth, customizable interface, it’s perfect for capturing and organizing your ideas.	undecidable	R3: a notes, text or terminal tool whose description does not mention Markdown (application types: Note-taking / Digital Painting)
alternativeto:Obsidian	jott.ing	https://alternativeto.net/software/obsidian/?p=17 (list page; entry link not captured)	rank=203; page=17; 1 like; alternatives-listed-for-this-entry=not shown; license=Free Proprietary	jott.ing is a private, offline note-taking app with free AI features. Keep your notes secure and local on your device.	undecidable	R3: a notes, text or terminal tool whose description does not mention Markdown (application types: Note-taking / Journaling)
alternativeto:Obsidian	Sticki.ly	https://alternativeto.net/software/obsidian/?p=17 (list page; entry link not captured)	rank=204; page=17; 1 like; alternatives-listed-for-this-entry=not shown; license=Paid Proprietary	Sticky notes sync seamlessly across Mac, Windows, Linux, iOS, Android, and web, with offline editing, a simple design allowing title, note, and one attachment per sticky, plus strong encryption, privacy protection, no ads, and data never used for training.	undecidable	R3: a notes, text or terminal tool whose description does not mention Markdown (application types: Note-taking)
alternativeto:Obsidian	NoteUX	https://alternativeto.net/software/obsidian/?p=18 (list page; entry link not captured)	rank=205; page=18; 1 like; alternatives-listed-for-this-entry=not shown; license=Free Proprietary	Meet NoteUX which is a beautifully designed note-taking app that helps you quickly capture, organize, and optimize your thoughts effortlessly.	undecidable	R3: a notes, text or terminal tool whose description does not mention Markdown (application types: Note-taking)
alternativeto:Obsidian	LowNotes	https://alternativeto.net/software/obsidian/?p=18 (list page; entry link not captured)	rank=206; page=18; 2 likes; alternatives-listed-for-this-entry=not shown; license=Free Open Source (AGPL-3.0)	LowNotes is an open-source, local-first Markdown note-taking app for Windows, macOS, and Linux. Built with Tauri, Rust, Svelte, and TypeScript, it offers peer-to-peer sync and real-time collaboration without centralized cloud storage.	in	R2: description names Markdown (application types: Note-taking)
alternativeto:Obsidian	Buildin.AI	https://alternativeto.net/software/obsidian/?p=18 (list page; entry link not captured)	rank=207; page=18; 2 likes; alternatives-listed-for-this-entry=not shown; license=Freemium Proprietary	Buildin.AI is a real-time collaboration space where you can write, plan, read, and organize information in one place. Now available for free for personal use or to experience for free with your team.	undecidable	R3: a notes, text or terminal tool whose description does not mention Markdown (application types: Application types / Note-taking / Todo List Manager)
alternativeto:Obsidian	SourCherry	https://alternativeto.net/software/obsidian/?p=18 (list page; entry link not captured)	rank=208; page=18; 2 likes; alternatives-listed-for-this-entry=not shown; license=Free Open Source (GPL-3.0)	SourCherry is an Android app to open CherryTree’s databases. Right now app can read databases and do basic editing tasks.	undecidable	R3: a notes, text or terminal tool whose description does not mention Markdown (application types: Application types / Note-taking / Todo List Manager)
alternativeto:Obsidian	adhdhub	https://alternativeto.net/software/obsidian/?p=18 (list page; entry link not captured)	rank=209; page=18; 21 likes; alternatives-listed-for-this-entry=not shown; license=Free Proprietary	adhdhub is a privacy-first, offline productivity ecosystem built for the ADHD brain. While it includes essentials like a Finance Tracker, Notes, and Kanban, its power lies in innovative features that tackle executive dysfunction and overwhelm.	undecidable	R3: a notes, text or terminal tool whose description does not mention Markdown (application types: Application types / Todo List Manager / Note-taking)
alternativeto:Obsidian	Ariv	https://alternativeto.net/software/obsidian/?p=18 (list page; entry link not captured)	rank=210; page=18; 2 likes; alternatives-listed-for-this-entry=not shown; license=Free Proprietary	Your notes, always findable. Capture everything. Maintain nothing. Auto-tagging, smart search, zero organization required.	undecidable	R3: a notes, text or terminal tool whose description does not mention Markdown (application types: Application types / Note-taking / Todo List Manager)
alternativeto:Obsidian	LumifyHub	https://alternativeto.net/software/obsidian/?p=18 (list page; entry link not captured)	rank=211; page=18; 1 like; alternatives-listed-for-this-entry=not shown; license=Freemium Proprietary	Unite your professional projects and personal growth in one beautiful dashboard. Project management, personal notes, journaling, and reflection tools - all in one place.	undecidable	R3: a notes, text or terminal tool whose description does not mention Markdown (application types: Application types / Note-taking / Project Management)
alternativeto:Obsidian	Filarr	https://alternativeto.net/software/obsidian/?p=18 (list page; entry link not captured)	rank=212; page=18; 2 likes; alternatives-listed-for-this-entry=not shown; license=Freemium Open Source (BSL-1.0)	Filarr is an open-source, local-first workspace for notes, files, canvas, and knowledge graphs with native per-file AES-256-GCM encryption.	undecidable	R3: a notes, text or terminal tool whose description does not mention Markdown (application types: Application types / Note-taking / Todo List Manager)
alternativeto:Obsidian	YouTube Video Note Taking	https://alternativeto.net/software/obsidian/?p=18 (list page; entry link not captured)	rank=213; page=18; 4 likes; alternatives-listed-for-this-entry=not shown; license=Freemium Proprietary	This is a free online tool, developed by Gemoo, that allows YouTube creators and learners to take notes while watching videos, making it easier to learn and utilize video materials more efficiently.	undecidable	R3: a notes, text or terminal tool whose description does not mention Markdown (application types: Note-taking)
alternativeto:Obsidian	LifePlanner	https://alternativeto.net/software/obsidian/?p=18 (list page; entry link not captured)	rank=214; page=18; 1 like; alternatives-listed-for-this-entry=not shown; license=Paid Proprietary Origin Switzerland Platforms Online Self-Hosted Switzerland +1 More about LifePlanner Good alternative? Is LifePlanner a good alternative to Obsidian ?	A no-subscription, offline alternative to Notion: 16 standalone HTML tools to organize your money, productivity, wellness and freelance work.	out	R4: neither Markdown nor a notes, text, writing or terminal tool in the description or application types (types: not shown)
alternativeto:Obsidian	hako	https://alternativeto.net/software/obsidian/?p=18 (list page; entry link not captured)	rank=215; page=18; 1 like; alternatives-listed-for-this-entry=not shown; license=Freemium Proprietary	hako (Japanese for "box") is a lightweight, single-file personal planner that runs entirely in your browser. It's built around the idea that no two people plan the same way — so instead of forcing you into one layout, hako lets you arrange panels yourself: daily...	undecidable	R3: a notes, text or terminal tool whose description does not mention Markdown (application types: Application types / Calendar / Note-taking)
alternativeto:Obsidian	Dokyo	https://alternativeto.net/software/obsidian/?p=18 (list page; entry link not captured)	rank=216; page=18; 2 likes; alternatives-listed-for-this-entry=not shown; license=Free Proprietary	Dokyo is a workspace application for documents, notes, and structured data. It combines a block-based editor, nested pages, databases with several view types, and real-time collaborative editing in one interface.	undecidable	R3: a notes, text or terminal tool whose description does not mention Markdown (application types: Application types / Note-taking / Team Collaboration)
alternativeto:Obsidian	Fyka Notes	https://alternativeto.net/software/obsidian/?p=19 (list page; entry link not captured)	rank=217; page=19; 1 like; alternatives-listed-for-this-entry=86; license=Free Open Source (GPL-3.0)	A simple notes app for Windows. Your notes stay in one file on your own computer. No account, no cloud, free and open source.	undecidable	R3: a notes, text or terminal tool whose description does not mention Markdown (application types: Note-taking)
alternativeto:Obsidian	Granite	https://alternativeto.net/software/obsidian/?p=19 (list page; entry link not captured)	rank=218; page=19; 1 like; alternatives-listed-for-this-entry=not shown; license=Freemium Proprietary Origin United States Platforms iPhone iPad Online Software as a Service (SaaS) United States More about Granite Good alternative? Is Granite a good alternative to Obsidian ?	Granite is a private document vault for households and solo businesses. Drop in PDFs, scans and photos and it reads each one, names it, files it against more than 110 document types, and lets you find anything years later by asking in plain English, with the source page shown as...	out	R4: neither Markdown nor a notes, text, writing or terminal tool in the description or application types (types: not shown)
alternativeto:Obsidian	Deft	https://alternativeto.net/software/obsidian/?p=19 (list page; entry link not captured)	rank=219; page=19; 2 likes; alternatives-listed-for-this-entry=not shown; license=Free Proprietary	Deft is a desktop editor for Markdown notes and LaTeX documents. It comes bundled with a LaTeX engine, so you can write articles as easily as notes.	in	R2: description names Markdown (application types: Note-taking / Text Editor)
alternativeto:Obsidian	Minne	https://alternativeto.net/software/obsidian/?p=19 (list page; entry link not captured)	rank=220; page=19; 1 like; alternatives-listed-for-this-entry=not shown; license=Free Open Source (AGPL-3.0) Origin Sweden EU Platforms Self-Hosted Docker Sweden EU More about Minne Good alternative? Is Minne a good alternative to Obsidian ?	Minne (Swedish for "memory") is a personal knowledge management system and save-for-later application for capturing, organizing, and accessing your information. Inspired by the Zettelkasten method, it uses a graph database to automatically create connections between...	undecidable	R3: a notes, text or terminal tool whose description does not mention Markdown (application types: not shown)
alternativeto:Obsidian	Xenith	https://alternativeto.net/software/obsidian/?p=19 (list page; entry link not captured)	rank=221; page=19; 1 like; alternatives-listed-for-this-entry=not shown; license=Freemium Proprietary	Xenith is a clean, fast, all-in-one productivity app built to help you stay consistent without guilt, clutter, or streak anxiety. It brings habits, routines, tasks, projects, notes, and small life tools into one simple dashboard that feels good to open every day.	undecidable	R3: a notes, text or terminal tool whose description does not mention Markdown (application types: Note-taking / Project Management)
alternativeto:Obsidian	Note Taker	https://alternativeto.net/software/obsidian/?p=19 (list page; entry link not captured)	rank=222; page=19; 1 like; alternatives-listed-for-this-entry=not shown; license=Free Proprietary	A thinking workspace for serious readers who want to turn highlights into usable insight, not a graveyard of saved links.	undecidable	R3: a notes, text or terminal tool whose description does not mention Markdown (application types: Note-taking)
alternativeto:Obsidian	MyParticularNotes	https://alternativeto.net/software/obsidian/?p=19 (list page; entry link not captured)	rank=223; page=19; 2 likes; alternatives-listed-for-this-entry=51; license=Free Proprietary	A notes tool that follows the applications you select. Context-aware, lightweight, and stores encrypted, locally on your device.	undecidable	R3: a notes, text or terminal tool whose description does not mention Markdown (application types: Note-taking)
alternativeto:Obsidian	NotePro++	https://alternativeto.net/software/obsidian/?p=19 (list page; entry link not captured)	rank=224; page=19; 9 likes; alternatives-listed-for-this-entry=not shown; license=Freemium Proprietary	NotePro++ is a modern, cross-platform note-taking and digital whiteboard application designed for handwriting, drawing, and digital note organization.	undecidable	R3: a notes, text or terminal tool whose description does not mention Markdown (application types: Note-taking / Digital Painting)
alternativeto:Obsidian	FloHub	https://alternativeto.net/software/obsidian/?p=19 (list page; entry link not captured)	rank=225; page=19; 1 like; alternatives-listed-for-this-entry=not shown; license=Free Proprietary	FloHub is an all-in-one, AI-powered productivity platform designed to bring clarity and flow to your work and life. Instead of juggling multiple apps for tasks, calendars, notes, and habits, FloHub unifies everything into a single, beautifully designed workspace.	undecidable	R3: a notes, text or terminal tool whose description does not mention Markdown (application types: Note-taking / Todo List Manager)
alternativeto:Obsidian	NoteGod	https://alternativeto.net/software/obsidian/?p=19 (list page; entry link not captured)	rank=226; page=19; 2 likes; alternatives-listed-for-this-entry=not shown; license=Freemium Proprietary	Affordable, encrypted note-taking app with a rich-text editor, offline sync, and team collaboration.	undecidable	R3: a notes, text or terminal tool whose description does not mention Markdown (application types: Note-taking / Todo List Manager)
alternativeto:Obsidian	TextTree	https://alternativeto.net/software/obsidian/?p=19 (list page; entry link not captured)	rank=227; page=19; 1 like; alternatives-listed-for-this-entry=not shown; license=Free Proprietary	A local-first writing and thinking tool for managing folders, editing multiple text files side by side, and organizing ideas as visual cards.	undecidable	R3: a notes, text or terminal tool whose description does not mention Markdown (application types: Note-taking / Text Editor)
alternativeto:Obsidian	Jylos	https://alternativeto.net/software/obsidian/?p=19 (list page; entry link not captured)	rank=228; page=19; 1 like; alternatives-listed-for-this-entry=not shown; license=Free Open Source (MIT)	Local-first knowledge management with Markdown notes, wiki-links, backlinks, interactive graphs, plugins, themes and SQLite or Markdown vault storage.	out	R1: description names Markdown but also a converter, linter, theme or snippet function
alternativeto:Obsidian	AS Notes	https://alternativeto.net/software/obsidian/?p=20 (list page; entry link not captured)	rank=229; page=20; 1 like; alternatives-listed-for-this-entry=not shown; license=Freemium Open Source Platforms Visual Studio Code Cursor Windsurf More about AS Notes Good alternative? Is AS Notes a good alternative to Obsidian ?	AS Notes brings markdown and [[wikilink]] editing for notes, documentation, blogs and wikis directly into VS Code and compatible editors (e.g. Antigravity, Cursor, Windsurf).	in	R2: description names Markdown (application types: not shown)
alternativeto:Obsidian	Sticky Wall	https://alternativeto.net/software/obsidian/?p=20 (list page; entry link not captured)	rank=230; page=20; 1 like; alternatives-listed-for-this-entry=not shown; license=Free Proprietary Origin Estonia EU Platforms Online Estonia EU More about Sticky Wall Good alternative? Is Sticky Wall a good alternative to Obsidian ?	StickyWall is a zero-friction online sticky notes wall that lets you capture thoughts instantly without signup, folders, or setup. Just open the page and start placing notes anywhere, like using real Post-its on a wall.	undecidable	R3: a notes, text or terminal tool whose description does not mention Markdown (application types: not shown)
alternativeto:Obsidian	Noteon	https://alternativeto.net/software/obsidian/?p=20 (list page; entry link not captured)	rank=231; page=20; 2 likes; alternatives-listed-for-this-entry=not shown; license=Freemium Proprietary	Team collaboration workspace similar to notion. Has team notes, whiteboards, diagrams and dynamic generated UI for graphs, dashboards and visualizations of your knowledgebase.	undecidable	R3: a notes, text or terminal tool whose description does not mention Markdown (application types: Team Collaboration)
alternativeto:Obsidian	Dim0	https://alternativeto.net/software/obsidian/?p=20 (list page; entry link not captured)	rank=232; page=20; 2 likes; alternatives-listed-for-this-entry=not shown; license=Freemium Open Source (MIT) Origin France EU Platforms Online France EU + 2 More about Dim0 Good alternative? Is Dim0 a good alternative to Obsidian ?	An open-source AI canvas where you think and research visually - notes, diagrams, code, and an AI agent that builds directly on the board.	undecidable	R3: a notes, text or terminal tool whose description does not mention Markdown (application types: not shown)
alternativeto:Obsidian	Ignis for Obsidian	https://alternativeto.net/software/obsidian/?p=20 (list page; entry link not captured)	rank=233; page=20; 1 like; alternatives-listed-for-this-entry=not shown; license=Free Open Source Origin Sweden EU Platforms Self-Hosted Docker Good alternative? Is Ignis for Obsidian a good alternative to Obsidian ?	Ignis is a compatibility shim that provides browser-compatible implementations of the Electron APIs used by Obsidian, allowing Obsidian to run in a standard browser while keeping your vault on the server. Obsidian is not included in or distributed with this project.	out	R4: neither Markdown nor a notes, text, writing or terminal tool in the description or application types (types: not shown)
alternativeto:Obsidian	ExtMemo	https://alternativeto.net/software/obsidian/?p=20 (list page; entry link not captured)	rank=234; page=20; 1 like; alternatives-listed-for-this-entry=not shown; license=Freemium Proprietary	An AI-powered, E2EE-secured note app with logical chains. Its Privacy-First AI Guardian organizes threads without ever seeing your secrets, while Secure Sharing lets you collaborate with total E2EE.	undecidable	R3: a notes, text or terminal tool whose description does not mention Markdown (application types: Note-taking / Team Collaboration)
alternativeto:Obsidian	Knogra	https://alternativeto.net/software/obsidian/?p=20 (list page; entry link not captured)	rank=235; page=20; 2 likes; alternatives-listed-for-this-entry=not shown; license=Free Open Source (MIT)	Browser-based knowledge graph editor — one graph, many focused scenes, animated transitions, AI-assisted. Local-first, no account.	undecidable	R3: a notes, text or terminal tool whose description does not mention Markdown (application types: Mind Mapping / Note-taking)
alternativeto:Obsidian	Telic	https://alternativeto.net/software/obsidian/?p=20 (list page; entry link not captured)	rank=236; page=20; 1 like; alternatives-listed-for-this-entry=not shown; license=Free Proprietary	100% free all-in-one private productivity app. Stop juggling (and paying for) 5 productivity apps.	out	R4: neither Markdown nor a notes, text, writing or terminal tool in the description or application types (types: Task Management / Habit Tracker)
alternativeto:Obsidian	notetka	https://alternativeto.net/software/obsidian/?p=20 (list page; entry link not captured)	rank=237; page=20; Like; alternatives-listed-for-this-entry=not shown; license=Paid Proprietary Platforms iPhone iPad More about notetka Good alternative? Is notetka a good alternative to Obsidian ?	Notetka is a smart note-taking app designed for professionals and students. It offers advanced organization, file attachments, iCloud sync, offline access, and privacy-focused features to streamline productivity.	undecidable	R3: a notes, text or terminal tool whose description does not mention Markdown (application types: not shown)
alternativeto:Obsidian	OwnSync Note	https://alternativeto.net/software/obsidian/?p=20 (list page; entry link not captured)	rank=238; page=20; 1 like; alternatives-listed-for-this-entry=not shown; license=Paid Proprietary	A privacy-first, local-first Markdown note-taking app that gives you 100% ownership of your data by syncing directly to your own Google Drive. No servers, no tracking, no subscriptions.	in	R2: description names Markdown (application types: Note-taking)
alternativeto:Obsidian	Canto Notebook	https://alternativeto.net/software/obsidian/?p=20 (list page; entry link not captured)	rank=239; page=20; 1 like; alternatives-listed-for-this-entry=not shown; license=Freemium Proprietary	Canto is a desktop notebook app powered entirely by local AI — everything runs on your device via native Metal GPU acceleration, so your notes never leave your machine.	undecidable	R3: a notes, text or terminal tool whose description does not mention Markdown (application types: Note-taking)
alternativeto:Obsidian	Mindcup	https://alternativeto.net/software/obsidian/?p=20 (list page; entry link not captured)	rank=240; page=20; 1 like; alternatives-listed-for-this-entry=not shown; license=Free Proprietary	Mindcup is an active recall notes workspace that combines structured, rich-text note-taking with automated FSRS spaced repetition scheduling. It is designed to replace manual study planners and complex database configurations.	undecidable	R3: a notes, text or terminal tool whose description does not mention Markdown (application types: Note-taking)
alternativeto:Obsidian	Kolva	https://alternativeto.net/software/obsidian/?p=21 (list page; entry link not captured)	rank=241; page=21; 1 like; alternatives-listed-for-this-entry=not shown; license=Freemium Proprietary	Kolva is a pay-as-you-go productivity platform. No subscriptions, no tiers — just transparent pricing for every feature. Meetings: Record any web meeting from Chrome (Zoom, Teams, Meet). Get transcripts, AI summaries, speaker identification, and action items. $0.	out	R4: neither Markdown nor a notes, text, writing or terminal tool in the description or application types (types: Audio Transcription)
alternativeto:Obsidian	Penqwin	https://alternativeto.net/software/obsidian/?p=21 (list page; entry link not captured)	rank=242; page=21; 1 like; alternatives-listed-for-this-entry=not shown; license=Freemium Proprietary Platforms Online Software as a Service (SaaS) + 3 More about Penqwin Good alternative? Is Penqwin a good alternative to Obsidian ?	Penqwin bootstraps GitHub repositories into structured engineering documentation and keeps docs updated automatically as code evolves. Build a self-updating engineering knowledge base from pull requests and code changes.	undecidable	R3: a notes, text or terminal tool whose description does not mention Markdown (application types: not shown)
alternativeto:Obsidian	NoteDiscovery	https://alternativeto.net/software/obsidian/?p=21 (list page; entry link not captured)	rank=243; page=21; Like; alternatives-listed-for-this-entry=not shown; license=Free Open Source (MIT)	NoteDiscovery is a lightweight, self-hosted note-taking application that puts you in complete control of your knowledge base. Write, organize, and discover your notes with a beautiful, modern interface—all running on your own server.	undecidable	R3: a notes, text or terminal tool whose description does not mention Markdown (application types: Note-taking)
alternativeto:Obsidian	LitMemo	https://alternativeto.net/software/obsidian/?p=21 (list page; entry link not captured)	rank=244; page=21; 1 like; alternatives-listed-for-this-entry=not shown; license=Freemium Proprietary	A worldbuilding-first writing workspace for novelists and manga creators that keeps every character, setting, and plot thread consistent — with an AI that has actually read your story.	undecidable	R3: a notes, text or terminal tool whose description does not mention Markdown (application types: Note-taking / Team Collaboration)
alternativeto:Obsidian	MarkdownEditor	https://alternativeto.net/software/obsidian/?p=21 (list page; entry link not captured)	rank=245; page=21; 1 like; alternatives-listed-for-this-entry=not shown; license=Free Proprietary Platforms Windows More about MarkdownEditor Good alternative? Is MarkdownEditor a good alternative to Obsidian ?	Just a MarkdownEditor with live preview and syntax highlighting. Suitable for creating blog posts and documentation with photos, mathematical formulas (MathJax), and diagrams e.g. for expert reports. Can generate manuals for apps and has additional features for time tracking, statistics...	in	R2: description names Markdown (application types: not shown)
alternativeto:Obsidian	Folding Mirror	https://alternativeto.net/software/obsidian/?p=21 (list page; entry link not captured)	rank=246; page=21; 1 like; alternatives-listed-for-this-entry=not shown; license=Paid Proprietary	Folding Mirror is a Markdown editor for macOS, featuring live preview which renders what you type in place. When the caret is moved onto a line, it folds back into its Markdown source, allowing you to edit the original content instead of a representation.	in	R2: description names Markdown (application types: Note-taking / Text Editor)
alternativeto:Obsidian	itsnotes	https://alternativeto.net/software/obsidian/?p=21 (list page; entry link not captured)	rank=247; page=21; 1 like; alternatives-listed-for-this-entry=not shown; license=Free Open Source (MIT)	A self-hosted, open-source note-taking app that keeps the Google Keep sticky-note feel while adding folders, timelines, list views, and import support.	undecidable	R3: a notes, text or terminal tool whose description does not mention Markdown (application types: Note-taking)
alternativeto:Obsidian	Anzora Notepad	https://alternativeto.net/software/obsidian/?p=21 (list page; entry link not captured)	rank=248; page=21; 1 like; alternatives-listed-for-this-entry=not shown; license=Free Proprietary	Encrypted online notepad with real-time autosaving, password protection, rich text formatting, sharing through unique links, downloading, printing, multilingual support, no registration needed, seamless across devices, privacy and safety-focused, ideal for personal notes and collaboration.	undecidable	R3: a notes, text or terminal tool whose description does not mention Markdown (application types: Note-taking)
alternativeto:Obsidian	Parmind	https://alternativeto.net/software/obsidian/?p=21 (list page; entry link not captured)	rank=249; page=21; 2 likes; alternatives-listed-for-this-entry=not shown; license=Freemium Proprietary	Expand your mind with a digital one. A personal knowledge base that helps you store, organize, map, and explore thoughts effortlessly with intelligent assistance.	undecidable	R3: a notes, text or terminal tool whose description does not mention Markdown (application types: Note-taking / Team Collaboration)
alternativeto:Obsidian	SnapMind	https://alternativeto.net/software/obsidian/?p=21 (list page; entry link not captured)	rank=250; page=21; Like; alternatives-listed-for-this-entry=51; license=Freemium Proprietary	SnapMind is your private external brain: Capture photos, voice memos with 100% offline transcription, and checklists—all with automatic GPS tagging for instant recall.	undecidable	R3: a notes, text or terminal tool whose description does not mention Markdown (application types: Note-taking)
alternativeto:Obsidian	StarNote	https://alternativeto.net/software/obsidian/?p=21 (list page; entry link not captured)	rank=251; page=21; 1 like; alternatives-listed-for-this-entry=56; license=Freemium Proprietary	Take notes, annotate PDFs, and stay organized with layers, tags, and flexible templates. Everything comes together on an infinite canvas built for smooth thinking.	undecidable	R3: a notes, text or terminal tool whose description does not mention Markdown (application types: Note-taking)
alternativeto:Obsidian	Ladderly.io	https://alternativeto.net/software/obsidian/?p=21 (list page; entry link not captured)	rank=252; page=21; 1 like; alternatives-listed-for-this-entry=not shown; license=Freemium Open Source (MIT)	Ladderly.io is an educational technology ecosystem dedicated to accelerating careers in tech through evidence-based learning and community support. Founded on core values of generosity, freedom, and open source principles, Ladderly provides a comprehensive platform that includes...	out	R4: neither Markdown nor a notes, text, writing or terminal tool in the description or application types (types: Online Education)
alternativeto:Obsidian	Soma AI Notes	https://alternativeto.net/software/obsidian/?p=22 (list page; entry link not captured)	rank=253; page=22; 1 like; alternatives-listed-for-this-entry=not shown; license=Freemium Proprietary	An AI note app where you write in seconds, and rediscover notes by meaning—not location.	undecidable	R3: a notes, text or terminal tool whose description does not mention Markdown (application types: Note-taking)
alternativeto:Obsidian	vo.id	https://alternativeto.net/software/obsidian/?p=22 (list page; entry link not captured)	rank=254; page=22; 1 like; alternatives-listed-for-this-entry=21; license=Freemium Proprietary	Most apps are designed to keep you on your phone. vo.id is designed to keep you off it. Capture your thoughts, move on with your day, and review them all later in a summary email on a schedule you choose.	out	R4: neither Markdown nor a notes, text, writing or terminal tool in the description or application types (types: Todo List Manager)
alternativeto:Obsidian	Yuhimo	https://alternativeto.net/software/obsidian/?p=22 (list page; entry link not captured)	rank=255; page=22; 1 like; alternatives-listed-for-this-entry=not shown; license=Free Proprietary	Yuhimo is a lightweight note-taking and learning app that lets you organize knowledge in pages and review selected notes with spaced repetition.	undecidable	R3: a notes, text or terminal tool whose description does not mention Markdown (application types: Note-taking)
alternativeto:Obsidian	ais	https://alternativeto.net/software/obsidian/?p=22 (list page; entry link not captured)	rank=256; page=22; 1 like; alternatives-listed-for-this-entry=not shown; license=Free Open Source (GPL-2.0)	AIS is a personal index. You save anything (a link, a note, a file path, a password) under one or more keywords of your own, and recall it by any combination of them: "venice 2006" returns what you filed under both.	undecidable	R3: a notes, text or terminal tool whose description does not mention Markdown (application types: Note-taking)
alternativeto:Obsidian	Strokes	https://alternativeto.net/software/obsidian/?p=22 (list page; entry link not captured)	rank=257; page=22; 1 like; alternatives-listed-for-this-entry=13; license=Freemium Proprietary	Desktop text editor for macOS and Windows with GPT, Claude, Gemini and Grok built in: AI edits appear as diffs you accept or reject, and documents stay as files on your disk.	undecidable	R3: a notes, text or terminal tool whose description does not mention Markdown (application types: Text Editor)
alternativeto:Obsidian	Phasoric	https://alternativeto.net/software/obsidian/?p=22 (list page; entry link not captured)	rank=258; page=22; 1 like; alternatives-listed-for-this-entry=50; license=Freemium Proprietary	Phasoric connects notes, research, and decisions while serving as a durable memory layer for AI agents. Featuring portable Markdown, source citations, reviewable AI actions, and MCP support.	in	R2: description names Markdown (application types: Todo List Manager)
alternativeto:Obsidian	YouDo	https://alternativeto.net/software/obsidian/?p=22 (list page; entry link not captured)	rank=259; page=22; 1 like; alternatives-listed-for-this-entry=not shown; license=Free Proprietary	Plan and track anything in plain Markdown. Calendar, maps, tracking, todo's and many more features. All connected in plain private, local stored files Markdown and YAML.	in	R2: description names Markdown (application types: Note-taking / Todo List Manager)
alternativeto:Obsidian	Minditly	https://alternativeto.net/software/obsidian/?p=22 (list page; entry link not captured)	rank=260; page=22; 1 like; alternatives-listed-for-this-entry=not shown; license=Free Proprietary	Minditly is a clean, focused app for saving, organizing, and revisiting the quotes, thoughts, and notes that matter to you. No clutter, no feature bloat — just a dedicated space for the words worth keeping.	undecidable	R3: a notes, text or terminal tool whose description does not mention Markdown (application types: Note-taking)
alternativeto:Obsidian	Muse Notebook	https://alternativeto.net/software/obsidian/?p=22 (list page; entry link not captured)	rank=261; page=22; 1 like; alternatives-listed-for-this-entry=not shown; license=Freemium Proprietary	Muse is a macOS note-taking app built to be “notes first” — fast writing, clean organization, and a great editor — with optional AI that runs locally on your Mac. The goal is to feel like a real notebook (not a chatbot with notes attached), while still giving you AI everywhere...	undecidable	R3: a notes, text or terminal tool whose description does not mention Markdown (application types: Note-taking)
alternativeto:Obsidian	Journal it!	https://alternativeto.net/software/obsidian/?p=22 (list page; entry link not captured)	rank=262; page=22; Like; alternatives-listed-for-this-entry=54; license=Freemium Proprietary	All-in-one life organizer combining journal, planner, notes, habits, and goals in one interconnected system. Mobile-first, offline-first, with optional E2E encryption.	undecidable	R3: a notes, text or terminal tool whose description does not mention Markdown (application types: Note-taking / Pomodoro Timer)
alternativeto:Obsidian	SimplyNote	https://alternativeto.net/software/obsidian/?p=22 (list page; entry link not captured)	rank=263; page=22; Like; alternatives-listed-for-this-entry=not shown; license=Freemium Proprietary	SimplyNote is a lightweight note-taking app that stores your notes in Google Drive. Organize notes with tags and stars, and quickly find what you need with fast search.	undecidable	R3: a notes, text or terminal tool whose description does not mention Markdown (application types: Note-taking)
alternativeto:Obsidian	Cabinet	https://alternativeto.net/software/obsidian/?p=22 (list page; entry link not captured)	rank=264; page=22; Like; alternatives-listed-for-this-entry=not shown; license=Free Personal Open Source (MIT)	An AI-first workspace that unifies your knowledge base, files and workflows. It runs AI agents 24/7 on your data, stores everything as plain Markdown files on disk & supports bring-your-own AI keys.	in	R2: description names Markdown (application types: Note-taking)
alternativeto:Obsidian	Ritemark	https://alternativeto.net/software/obsidian/?p=23 (list page; entry link not captured)	rank=265; page=23; Like; alternatives-listed-for-this-entry=not shown; license=Free Open Source (MIT) Origin Estonia EU Platforms Mac Windows Estonia EU More about Ritemark Good alternative? Is Ritemark a good alternative to Obsidian ?	Free, open-source markdown writing app where the AI you already use (Claude, Codex or OpenCode) works directly in your files.	in	R2: description names Markdown (application types: not shown)
alternativeto:Obsidian	nTilia	https://alternativeto.net/software/obsidian/?p=23 (list page; entry link not captured)	rank=266; page=23; Like; alternatives-listed-for-this-entry=not shown; license=Freemium Proprietary	nTilia is a Markdown notes app built for field work. You capture notes, photos and audio on the device, even without a network. When you are back online, you can edit, translate and publish. Nothing is sent to the cloud unless you choose to.	in	R2: description names Markdown (application types: Note-taking / Text Editor)
alternativeto:Obsidian	Lurner	https://alternativeto.net/software/obsidian/?p=23 (list page; entry link not captured)	rank=267; page=23; Like; alternatives-listed-for-this-entry=not shown; license=Freemium Proprietary	Turn boring lectures & PDFs into short step-by-step courses with fun interactive exercises. Get top grades or Ask Lurner to teach you anything.	out	R4: neither Markdown nor a notes, text, writing or terminal tool in the description or application types (types: Language Learning)
alternativeto:Obsidian	Jots	https://alternativeto.net/software/obsidian/?p=23 (list page; entry link not captured)	rank=268; page=23; Like; alternatives-listed-for-this-entry=not shown; license=Freemium Proprietary	Jots is a note taking app to help developers boost their critical thinking skills using our reflection engine and flexible journaling/reflection options.	undecidable	R3: a notes, text or terminal tool whose description does not mention Markdown (application types: Note-taking)
alternativeto:Obsidian	PicoNote	https://alternativeto.net/software/obsidian/?p=23 (list page; entry link not captured)	rank=269; page=23; Like; alternatives-listed-for-this-entry=not shown; license=Free Open Source (MIT)	PicoNote is a fast, lightweight, and local-first note-taking application built with Rust and Tauri v2.	undecidable	R3: a notes, text or terminal tool whose description does not mention Markdown (application types: Note-taking)
alternativeto:Obsidian	Keepsake	https://alternativeto.net/software/obsidian/?p=23 (list page; entry link not captured)	rank=270; page=23; Like; alternatives-listed-for-this-entry=17; license=Paid Proprietary	Keepsake is a personal CRM that brings together your notes, tasks, journal, and contacts in one simple app. Capture thoughts instantly with QuickNote, organize them each evening, and never lose track of what matters.	undecidable	R3: a notes, text or terminal tool whose description does not mention Markdown (application types: Note-taking)
alternativeto:Obsidian	Edmund	https://alternativeto.net/software/obsidian/?p=23 (list page; entry link not captured)	rank=271; page=23; Like; alternatives-listed-for-this-entry=not shown; license=Free Open Source (Apache-2.0) Platforms Mac + 1 More about Edmund Good alternative? Is Edmund a good alternative to Obsidian ?	Our goal is to be the CotEditor of Markdown editors, i.e. elegant, powerful, configurable, and native inside out.	in	R2: description names Markdown (application types: not shown)
alternativeto:Obsidian	MindNest	https://alternativeto.net/software/obsidian/?p=23 (list page; entry link not captured)	rank=272; page=23; 2 likes; alternatives-listed-for-this-entry=not shown; license=Paid Proprietary	Save highlights from books and web, find them by describing what you remember. AI-powered semantic	undecidable	R3: a notes, text or terminal tool whose description does not mention Markdown (application types: Note-taking)
alternativeto:Obsidian	HeaderNotes	https://alternativeto.net/software/obsidian/?p=23 (list page; entry link not captured)	rank=273; page=23; Like; alternatives-listed-for-this-entry=not shown; license=Free Proprietary Origin United States Platforms Mac United States + 1 More about HeaderNotes Good alternative? Is HeaderNotes a good alternative to Obsidian ?	Header is a native Mac app that works on a folder of plain Markdown files: local, iCloud Drive or Dropbox. Existing folders and Obsidian vaults open as they are, with no import step and no account.	in	R2: description names Markdown (application types: not shown)
alternativeto:Obsidian	monthlet	https://alternativeto.net/software/obsidian/?p=23 (list page; entry link not captured)	rank=274; page=23; Like; alternatives-listed-for-this-entry=10; license=Free Proprietary	monthlet is an AI-native note app where you speak your mind in plain language and the AI writes the whole note — layout and all — as a local, plain-HTML file you own.	undecidable	R3: a notes, text or terminal tool whose description does not mention Markdown (application types: Note-taking)
alternativeto:Obsidian	MyEncryptedNotes	https://alternativeto.net/software/obsidian/?p=23 (list page; entry link not captured)	rank=275; page=23; Like; alternatives-listed-for-this-entry=not shown; license=Paid Proprietary	Keep your personal notes truly private with MyEncryptedNotes — a fast, lightweight, and fully offline encrypted notepad for Windows.	undecidable	R3: a notes, text or terminal tool whose description does not mention Markdown (application types: Note-taking)
alternativeto:Obsidian	Personal Note Manager (PNM)	https://alternativeto.net/software/obsidian/?p=23 (list page; entry link not captured)	rank=276; page=23; Like; alternatives-listed-for-this-entry=not shown; license=Paid Proprietary	Personal Note Manager (PNM) is a lightweight, fully offline journal and note-taking application built for Windows 10 and 11.	undecidable	R3: a notes, text or terminal tool whose description does not mention Markdown (application types: Note-taking)
alternativeto:Obsidian	NoteRich	https://alternativeto.net/software/obsidian/?p=24 (list page; entry link not captured)	rank=277; page=24; Like; alternatives-listed-for-this-entry=not shown; license=Freemium Proprietary	Smart notes that respect your privacy. Your original notes stay 100% on your device. For AI features, only minimal context is temporarily sent to the cloud — without compromising privacy.	undecidable	R3: a notes, text or terminal tool whose description does not mention Markdown (application types: Note-taking)
alternativeto:Obsidian	DayApp	https://alternativeto.net/software/obsidian/?p=24 (list page; entry link not captured)	rank=278; page=24; Like; alternatives-listed-for-this-entry=not shown; license=Free Open Source (MIT)	A native macOS to-do list and notes app in one window: Today, Daily, Backlog, notes, goals, timers and analytics — all over one timestamped log. No cron, no cloud, no accounts. Open source on GitHub.	undecidable	R3: a notes, text or terminal tool whose description does not mention Markdown (application types: Note-taking / Todo List Manager)
alternativeto:Obsidian	dullnote	https://alternativeto.net/software/obsidian/?p=24 (list page; entry link not captured)	rank=279; page=24; Like; alternatives-listed-for-this-entry=not shown; license=Freemium Proprietary	The notebook Claude remembers between sessions. Each session logs what matters. The next one picks up where you left off.	undecidable	R3: a notes, text or terminal tool whose description does not mention Markdown (application types: Note-taking / Project Management)
alternativeto:Obsidian	Hjarni	https://alternativeto.net/software/obsidian/?p=24 (list page; entry link not captured)	rank=280; page=24; Like; alternatives-listed-for-this-entry=not shown; license=Freemium Proprietary	The knowledge base for ChatGPT and Claude. Save notes once, connect via MCP, stop re-explaining context every conversation.	undecidable	R3: a notes, text or terminal tool whose description does not mention Markdown (application types: Note-taking)
alternativeto:Obsidian	Stik	https://alternativeto.net/software/obsidian/?p=24 (list page; entry link not captured)	rank=281; page=24; 1 like; alternatives-listed-for-this-entry=not shown; license=Free Open Source (MIT)	A keyboard-first note app for Mac. Press a shortcut, type your thought, close. Your note is saved as a plain markdown file in under 3 seconds. No account, no cloud, no setup.	in	R2: description names Markdown (application types: Note-taking)
alternativeto:Obsidian	NoteLess	https://alternativeto.net/software/obsidian/?p=24 (list page; entry link not captured)	rank=282; page=24; Like; alternatives-listed-for-this-entry=52; license=Paid Proprietary	A note is whatever fits on one card.	undecidable	R3: a notes, text or terminal tool whose description does not mention Markdown (application types: Note-taking)
alternativeto:Obsidian	myfreelancermate	https://alternativeto.net/software/obsidian/?p=24 (list page; entry link not captured)	rank=283; page=24; Like; alternatives-listed-for-this-entry=51; license=Freemium Proprietary	MyFreelancerMate is a lightweight project management platform built specifically for solo freelancers such as developers, designers, marketers, and writers.	out	R4: neither Markdown nor a notes, text, writing or terminal tool in the description or application types (types: Task Management / Project Management)
alternativeto:Obsidian	NeoText	https://alternativeto.net/software/obsidian/?p=24 (list page; entry link not captured)	rank=284; page=24; Like; alternatives-listed-for-this-entry=not shown; license=Free Open Source (GPL-3.0) Origin Germany EU Platforms Windows Germany EU + 3 More about NeoText Good alternative? Is NeoText a good alternative to Obsidian ?	NeoText is an ultra-lightweight, clutter-free text and document viewer for Windows, designed for focused reading and distraction-free editing.	out	R4: neither Markdown nor a notes, text, writing or terminal tool in the description or application types (types: not shown)
alternativeto:Obsidian	Nuvopad	https://alternativeto.net/software/obsidian/?p=24 (list page; entry link not captured)	rank=285; page=24; Like; alternatives-listed-for-this-entry=not shown; license=Freemium Proprietary Origin France EU Platforms Windows France EU More about Nuvopad Good alternative? Is Nuvopad a good alternative to Obsidian ?	NuvoPad is a powerful markdown editor for Windows that prioritizes speed, privacy, and simplicity. Built with Rust and SQLite, it offers lightning-fast performance while keeping all your data stored locally on your device.	in	R2: description names Markdown (application types: not shown)
alternativeto:Obsidian	LocArk	https://alternativeto.net/software/obsidian/?p=24 (list page; entry link not captured)	rank=286; page=24; Like; alternatives-listed-for-this-entry=not shown; license=Freemium Proprietary	LocArk is a local-first private workspace for notes, passwords, kanban, mind maps, and Inbox. Content stays in storage you choose and works offline. Back it up or use a sync folder you trust; LocArk does not provide hosted cloud sync.	undecidable	R3: a notes, text or terminal tool whose description does not mention Markdown (application types: Password Manager / Note-taking)
alternativeto:Obsidian	Otterly	https://alternativeto.net/software/obsidian/?p=24 (list page; entry link not captured)	rank=287; page=24; Like; alternatives-listed-for-this-entry=not shown; license=Free Open Source (MIT)	Otterly opens a folder of Markdown notes on your computer. You can write in a rich editor, search your notes, follow wiki links, see backlinks, keep notes open in tabs, and save checkpoints with Git. Your notes stay as ordinary files you can open with other tools.	in	R2: description names Markdown (application types: Note-taking)
alternativeto:Obsidian	Oatpad	https://alternativeto.net/software/obsidian/?p=24 (list page; entry link not captured)	rank=288; page=24; Like; alternatives-listed-for-this-entry=not shown; license=Paid Proprietary	A lightweight, local-first notes app for Mac with rich formatting, slash commands, and iCloud sync - no subscription, no cloud lock-in.	undecidable	R3: a notes, text or terminal tool whose description does not mention Markdown (application types: Note-taking)
alternativeto:Obsidian	NovaAvatar	https://alternativeto.net/software/obsidian/?p=25 (list page; entry link not captured)	rank=289; page=25; Like; alternatives-listed-for-this-entry=not shown; license=Paid Proprietary Origin United Kingdom Platforms Mac Windows United Kingdom More about NovaAvatar Good alternative? Is NovaAvatar a good alternative to Obsidian ?	Offline desktop AI that indexes, searches and analyzes documents stored on a Windows or macOS computer. It processes data locally, retains conversation memory, and presents responses with citations to the underlying files for verification and privacy-sensitive work.	out	R4: neither Markdown nor a notes, text, writing or terminal tool in the description or application types (types: not shown)
alternativeto:Obsidian	Blink Vault	https://alternativeto.net/software/obsidian/?p=25 (list page; entry link not captured)	rank=290; page=25; Like; alternatives-listed-for-this-entry=not shown; license=Freemium Proprietary	The zero-config AI knowledge base. See it, save it, and let AI automatically summarize and tag your screenshots and bookmarks. No folders required.	undecidable	R3: a notes, text or terminal tool whose description does not mention Markdown (application types: Cloud Storage)
alternativeto:Obsidian	NoteOperator	https://alternativeto.net/software/obsidian/?p=25 (list page; entry link not captured)	rank=291; page=25; Like; alternatives-listed-for-this-entry=not shown; license=Free Proprietary	NoteOperator is a focused Markdown workspace that works for both humans and AI agents. Write Markdown notes, share them with a public link, export to PDF, and give AI agents (Claude, Cursor, any MCP client) safe read/write access via scoped API keys using the Model Context...	in	R2: description names Markdown (application types: Note-taking)
alternativeto:Obsidian	localmd	https://alternativeto.net/software/obsidian/?p=25 (list page; entry link not captured)	rank=292; page=25; Like; alternatives-listed-for-this-entry=not shown; license=Free Open Source (MIT)	localmd is an AI knowledge base that runs entirely in a browser tab and in a folder you pick on your own disk. There is nothing to install and no account to create: you open a URL, grant access to one folder through the browser's own permission prompt, and an agent is...	undecidable	R3: a notes, text or terminal tool whose description does not mention Markdown (application types: Note-taking)
alternativeto:Obsidian	Skrivla	https://alternativeto.net/software/obsidian/?p=25 (list page; entry link not captured)	rank=293; page=25; Like; alternatives-listed-for-this-entry=not shown; license=Free Open Source (MIT)	Skrivla is where people and AI write together. It's like a minimal Google Docs or Notion where you can easily bring your own AI. Perfect for quick brainstorming sessions, feature specs, meeting notes, and more.	undecidable	R3: a notes, text or terminal tool whose description does not mention Markdown (application types: Note-taking / Word Processor)
alternativeto:Obsidian	Leynir Notes	https://alternativeto.net/software/obsidian/?p=25 (list page; entry link not captured)	rank=294; page=25; Like; alternatives-listed-for-this-entry=not shown; license=Paid Proprietary Origin Switzerland Platforms Windows Switzerland More about Leynir Notes Good alternative? Is Leynir Notes a good alternative to Obsidian ?	Encrypted note-taking for Windows. All notes are stored in a local AES-256-GCM vault - no cloud, no account, no subscription. Supports Windows Hello biometric unlock.	undecidable	R3: a notes, text or terminal tool whose description does not mention Markdown (application types: not shown)
alternativeto:Obsidian	Elasticnote	https://alternativeto.net/software/obsidian/?p=25 (list page; entry link not captured)	rank=295; page=25; 1 like; alternatives-listed-for-this-entry=55; license=Freemium Proprietary	Elasticnote is a privacy-first note-taking web app that lets you create unlimited notes while keeping full control of your data. Notes can be saved directly to your local disk for maximum privacy.	undecidable	R3: a notes, text or terminal tool whose description does not mention Markdown (application types: Note-taking / Todo List Manager)
alternativeto:Obsidian	VeeGoGo	https://alternativeto.net/software/obsidian/?p=25 (list page; entry link not captured)	rank=296; page=25; Like; alternatives-listed-for-this-entry=not shown; license=Freemium Proprietary Platforms Online + 3 More about VeeGoGo Good alternative? Is VeeGoGo a good alternative to Obsidian ?	VeeGoGo brings projects, tasks, workflows, messaging, files and calendar into one focused workspace — so your team can stop juggling tools and move faster.	out	R4: neither Markdown nor a notes, text, writing or terminal tool in the description or application types (types: not shown)
alternativeto:Obsidian	Onuri	https://alternativeto.net/software/obsidian/?p=25 (list page; entry link not captured)	rank=297; page=25; Like; alternatives-listed-for-this-entry=not shown; license=Freemium Proprietary Origin Ireland EU Platforms iPhone Ireland EU More about Onuri Good alternative? Is Onuri a good alternative to Obsidian ?	Onuri is a private iPhone notes and second brain app that automatically connects the people, places, dates, and topics in your writing.	undecidable	R3: a notes, text or terminal tool whose description does not mention Markdown (application types: not shown)
alternativeto:Obsidian	Quotes - Organize and Recall	https://alternativeto.net/software/obsidian/?p=25 (list page; entry link not captured)	rank=298; page=25; 2 likes; alternatives-listed-for-this-entry=not shown; license=Freemium Proprietary Origin United States Platforms Mac United States + 7 More about Quotes - Organize and Recall Good alternative? Is this a good alternative to Obsidian ?	Local-first, Mac-native quotes management and revisiting app.	out	R4: neither Markdown nor a notes, text, writing or terminal tool in the description or application types (types: not shown)
alternativeto:Obsidian	WitNote	https://alternativeto.net/software/obsidian/?p=25 (list page; entry link not captured)	rank=299; page=25; Like; alternatives-listed-for-this-entry=not shown; license=Free Proprietary	WitNote is a macOS writing, reading, and local AI assistant for people who want to keep drafts, notes, research, and ideas organized on their own device.	undecidable	R3: a notes, text or terminal tool whose description does not mention Markdown (application types: Note-taking)
alternativeto:Obsidian	iDoTogether	https://alternativeto.net/software/obsidian/?p=25 (list page; entry link not captured)	rank=300; page=25; Like; alternatives-listed-for-this-entry=not shown; license=Freemium Proprietary	Wedding guest management tool that replaces your spreadsheet.	out	R4: neither Markdown nor a notes, text, writing or terminal tool in the description or application types (types: Project Management)
alternativeto:Obsidian	Compendio	https://alternativeto.net/software/obsidian/?p=26 (list page; entry link not captured)	rank=301; page=26; Like; alternatives-listed-for-this-entry=not shown; license=Freemium Proprietary	Compendio is a privacy-first personal planner built in Europe. Combines tasks, goals, habits, projects, notes, journaling and calendar in one calm, distraction-free space. Fully GDPR-compliant, encrypted, ad-free, on EU infrastructure. European alternative to US-based productivity apps.	undecidable	R3: a notes, text or terminal tool whose description does not mention Markdown (application types: Note-taking / Task Management)
alternativeto:Obsidian	Secure Notes Vault	https://alternativeto.net/software/obsidian/?p=26 (list page; entry link not captured)	rank=302; page=26; Like; alternatives-listed-for-this-entry=not shown; license=Free Proprietary	Secure Notes Vault is a privacy-first, zero-knowledge note-taking app. It features client-side AES-256-GCM encryption, ensuring only you can read your notes, daily journals, and sketches.	undecidable	R3: a notes, text or terminal tool whose description does not mention Markdown (application types: Note-taking)
alternativeto:Obsidian	AbelNotes	https://alternativeto.net/software/obsidian/?p=26 (list page; entry link not captured)	rank=303; page=26; Like; alternatives-listed-for-this-entry=not shown; license=Free Open Source (AGPL-3.0)	AbelNotes is an open-source handwritten note-taking app built for technical work. It renders LaTeX math natively with searchable source, lets you import and annotate PDFs, and offers eight paper types including Cornell, isometric and music staff, with pressure-sensitive pens.	undecidable	R3: a notes, text or terminal tool whose description does not mention Markdown (application types: Note-taking)
alternativeto:Obsidian	Vestron	https://alternativeto.net/software/obsidian/?p=26 (list page; entry link not captured)	rank=304; page=26; Like; alternatives-listed-for-this-entry=103; license=Free Proprietary Origin India Platforms Android India More about Vestron Good alternative? Is Vestron a good alternative to Obsidian ?	AI-powered mobile app that automatically organizes your Instagram saved posts and reels with semantic search.	out	R4: neither Markdown nor a notes, text, writing or terminal tool in the description or application types (types: not shown)
alternativeto:Obsidian	asambl	https://alternativeto.net/software/obsidian/?p=26 (list page; entry link not captured)	rank=305; page=26; Like; alternatives-listed-for-this-entry=not shown; license=Paid Proprietary	What matters to you shouldn't run on leftover time. asambl is the private weekly planner for everything your work calendar ignores. It helps you notice what matters before it becomes urgent: asambl drafts your week, and you decide what makes the cut.	undecidable	R3: a notes, text or terminal tool whose description does not mention Markdown (application types: Task Management / Note-taking)
alternativeto:Obsidian	Dexi	https://alternativeto.net/software/obsidian/?p=26 (list page; entry link not captured)	rank=306; page=26; Like; alternatives-listed-for-this-entry=not shown; license=Freemium Proprietary	Lifelong learning system that collects notes, bookmarks, newsletters and RSS feeds into one searchable workspace with semantic search, a knowledge graph and an MCP server for AI assistants.	undecidable	R3: a notes, text or terminal tool whose description does not mention Markdown (application types: Note-taking)
alternativeto:Obsidian	Lists & Notes	https://alternativeto.net/software/obsidian/?p=26 (list page; entry link not captured)	rank=307; page=26; Like; alternatives-listed-for-this-entry=not shown; license=Paid Proprietary	A private, offline note taking app and to-do list manager for macOS — Markdown editor, PDF/Word export, AI writing tools.	in	R2: description names Markdown (application types: Note-taking)
alternativeto:Obsidian	Skiml	https://alternativeto.net/software/obsidian/?p=26 (list page; entry link not captured)	rank=308; page=26; Like; alternatives-listed-for-this-entry=not shown; license=Freemium Proprietary	Skiml is the action layer between what you save online and what you actually do about it.	out	R4: neither Markdown nor a notes, text, writing or terminal tool in the description or application types (types: Bookmark Manager)
alternativeto:Obsidian	Conduital	https://alternativeto.net/software/obsidian/?p=26 (list page; entry link not captured)	rank=309; page=26; Like; alternatives-listed-for-this-entry=not shown; license=Freemium Proprietary	Intelligent desktop productivity for solopreneurs — project and task management with GTD workflows, momentum scoring, and markdown file sync.	in	R2: description names Markdown (application types: Note-taking / Task Management)
alternativeto:Obsidian	Wire - Context as a Service	https://alternativeto.net/software/obsidian/?p=26 (list page; entry link not captured)	rank=310; page=26; Like; alternatives-listed-for-this-entry=not shown; license=Freemium Proprietary	Portable context containers with auto-generated MCP servers. Connect your documents to Claude, Cursor, or any MCP-compatible AI agent.	out	R4: neither Markdown nor a notes, text, writing or terminal tool in the description or application types (types: Team Collaboration)
alternativeto:Obsidian	MarbleMD	https://alternativeto.net/software/obsidian/?p=26 (list page; entry link not captured)	rank=311; page=26; Like; alternatives-listed-for-this-entry=not shown; license=Free Proprietary Origin United Kingdom Platforms Online United Kingdom More about MarbleMD Good alternative? Is MarbleMD a good alternative to Obsidian ?	Marble is a beautiful online Markdown editor and collaborative workspace. Write in Markdown, and a clean note will appear to greet you. You can share a link with collaborators and write together in real time. Add tables, code blocks, math, and Mermaid diagrams.	in	R2: description names Markdown (application types: not shown)
alternativeto:Obsidian	TheJotter	https://alternativeto.net/software/obsidian/?p=26 (list page; entry link not captured)	rank=312; page=26; Like; alternatives-listed-for-this-entry=not shown; license=Paid Proprietary	Message your thoughts to WhatsApp. Clip links from Chrome. Jot in the app. AI organizes everything so you can find any note with a simple search.	undecidable	R3: a notes, text or terminal tool whose description does not mention Markdown (application types: Note-taking)
alternativeto:Obsidian	TreeProjects	https://alternativeto.net/software/obsidian/?p=27 (list page; entry link not captured)	rank=313; page=27; Like; alternatives-listed-for-this-entry=not shown; license=Free Proprietary	Instead of dealing with unmanageable heaps of information, work with freeform, searchable personal knowledge databases. With TreeProjects, you can become productive in just a few minutes.	undecidable	R3: a notes, text or terminal tool whose description does not mention Markdown (application types: Note-taking)
alternativeto:Obsidian	Altretta	https://alternativeto.net/software/obsidian/?p=27 (list page; entry link not captured)	rank=314; page=27; Like; alternatives-listed-for-this-entry=26; license=Freemium Proprietary	Combine files, notes, and code in one local vault with AI-powered answers citing the precise files and lines used. No data leaves your device. Indexes 16 languages, tracks history, signs edits, offers 3D visual graphs, encryption for teams, plugins, and is cross-platform.	undecidable	R3: a notes, text or terminal tool whose description does not mention Markdown (application types: Note-taking / Team Collaboration)
alternativeto:Obsidian	SNOQ	https://alternativeto.net/software/obsidian/?p=27 (list page; entry link not captured)	rank=315; page=27; Like; alternatives-listed-for-this-entry=not shown; license=Free Proprietary	SNOQ is an offline-first encrypted notes app for Windows with local-only storage, AES-256 encryption, and a clean distraction-free writing experience.	undecidable	R3: a notes, text or terminal tool whose description does not mention Markdown (application types: Note-taking)
alternativeto:Obsidian	VATES	https://alternativeto.net/software/obsidian/?p=27 (list page; entry link not captured)	rank=316; page=27; Like; alternatives-listed-for-this-entry=not shown; license=Paid Proprietary Origin Japan Platforms Online Software as a Service (SaaS) Japan + 1 More about VATES Good alternative? Is VATES a good alternative to Obsidian ?	VATES is embeddable AI infrastructure. Developers integrate it into their own product through an API, the way they would integrate a payment or messaging provider. It also runs without any development work: as a widget added to an existing site with one line of JavaScript, or as...	out	R4: neither Markdown nor a notes, text, writing or terminal tool in the description or application types (types: not shown)
alternativeto:Obsidian	My Life OS	https://alternativeto.net/software/obsidian/?p=27 (list page; entry link not captured)	rank=317; page=27; Like; alternatives-listed-for-this-entry=not shown; license=Freemium Proprietary	My Life OS is a personal operating system for different areas of your life such as work, family, health, finances, hobbies, and more. Each area has its own entries, calendar, habits, and AI coach, all linked in one system.	out	R4: neither Markdown nor a notes, text, writing or terminal tool in the description or application types (types: Team Collaboration / Task Management)
alternativeto:Obsidian	Jot - Quick Capture	https://alternativeto.net/software/obsidian/?p=27 (list page; entry link not captured)	rank=318; page=27; Like; alternatives-listed-for-this-entry=not shown; license=Paid Proprietary	Jot is a native, permission-free menu-bar app for Mac built for one thing: catching a thought before it's gone. Press Option-Space from any app, type, and hit Command-Return. The note is saved to a searchable local log you can export to Markdown, and the capture window...	in	R2: description names Markdown (application types: Note-taking / Todo List Manager)
alternativeto:Obsidian	Coline	https://alternativeto.net/software/obsidian/?p=27 (list page; entry link not captured)	rank=319; page=27; 1 like; alternatives-listed-for-this-entry=not shown; license=Paid Proprietary	An all in one productivity workspace that unifies calendar, tasks, notes, docs, files, messaging, email, and AI assistance in one app.	undecidable	R3: a notes, text or terminal tool whose description does not mention Markdown (application types: Note-taking / Team Collaboration)
alternativeto:Obsidian	Ikkendo	https://alternativeto.net/software/obsidian/?p=27 (list page; entry link not captured)	rank=320; page=27; Like; alternatives-listed-for-this-entry=not shown; license=Freemium Proprietary	Ikkendo is a comprehensive workspace that merges notes, tasks, goals, habits, questions, and AI research into one tool. It addresses the problem of having to use multiple applications like Notion for notes, Todoist for tasks, and ChatGPT for research, which often results in...	undecidable	R3: a notes, text or terminal tool whose description does not mention Markdown (application types: Note-taking / Team Collaboration)
alternativeto:Obsidian	NormNote	https://alternativeto.net/software/obsidian/?p=27 (list page; entry link not captured)	rank=321; page=27; Like; alternatives-listed-for-this-entry=51; license=Free Open Source (MPL-2.0)	NormNote is a minimalist, distraction-free Markdown editor built for focus and privacy. All notes are stored directly on your device — no accounts, no forced cloud sync. If you want to sync across devices, simply point NormNote to your iCloud or Google Drive folder.	in	R2: description names Markdown (application types: Note-taking)
alternativeto:Obsidian	Yarnboard	https://alternativeto.net/software/obsidian/?p=27 (list page; entry link not captured)	rank=322; page=27; Like; alternatives-listed-for-this-entry=not shown; license=Freemium Proprietary	Yarnboard is not just a searchable memory for everything you save: screenshots, quotes, links, videos, half-finished thoughts, but also a powerful tool for writers and creators of all types.	undecidable	R3: a notes, text or terminal tool whose description does not mention Markdown (application types: Note-taking)
alternativeto:Obsidian	Harbor Notes	https://alternativeto.net/software/obsidian/?p=27 (list page; entry link not captured)	rank=323; page=27; Like; alternatives-listed-for-this-entry=not shown; license=Freemium Proprietary	Harbor is a private, cross-platform second brain for everything you want to keep for life: notes, scanned mail and documents, PDFs, receipts, web clips, photos, and meeting recordings.	undecidable	R3: a notes, text or terminal tool whose description does not mention Markdown (application types: Note-taking)
alternativeto:Obsidian	AltDump	https://alternativeto.net/software/obsidian/?p=27 (list page; entry link not captured)	rank=324; page=27; Like; alternatives-listed-for-this-entry=not shown; license=Paid Proprietary Platforms Windows More about AltDump Good alternative? Is AltDump a good alternative to Obsidian ?	You search in plain English like: “that pdf about startup taxes” or “the image with a blue landing page” or just a text inside one of the PDFs and it pulls it up. Everything is 100% local, nothing leaves your pc.	out	R4: neither Markdown nor a notes, text, writing or terminal tool in the description or application types (types: not shown)
alternativeto:Obsidian	LaterCue	https://alternativeto.net/software/obsidian/?p=28 (list page; entry link not captured)	rank=325; page=28; Like; alternatives-listed-for-this-entry=not shown; license=Freemium Proprietary	Pocket shut down July 2025 and left millions of users with nowhere to go. LaterCue is what Pocket should have been — it doesn't just save your links, it reads them and creates a specific, actionable task tailored to your business.	out	R4: neither Markdown nor a notes, text, writing or terminal tool in the description or application types (types: Task Management)
alternativeto:Obsidian	Notte - AI Workspace	https://alternativeto.net/software/obsidian/?p=28 (list page; entry link not captured)	rank=326; page=28; Like; alternatives-listed-for-this-entry=not shown; license=Freemium Proprietary	Notte is a private productivity workspace that brings your notes, tasks, and calendar together in one app — so your thinking stays connected and your mind stays clear.	undecidable	R3: a notes, text or terminal tool whose description does not mention Markdown (application types: Note-taking / Task Management)
alternativeto:Obsidian	Reattend	https://alternativeto.net/software/obsidian/?p=28 (list page; entry link not captured)	rank=327; page=28; Like; alternatives-listed-for-this-entry=not shown; license=Freemium Proprietary Origin India Platforms Online India More about Reattend Good alternative? Is Reattend a good alternative to Obsidian ?	Reattend is a work memory system that helps individuals and teams capture, connect, and reliably recall important context, decisions, and knowledge over time.	undecidable	R3: a notes, text or terminal tool whose description does not mention Markdown (application types: not shown)
alternativeto:Obsidian	AnySlate	https://alternativeto.net/software/obsidian/?p=28 (list page; entry link not captured)	rank=328; page=28; Like; alternatives-listed-for-this-entry=not shown; license=Freemium Proprietary	A cross-platform Markdown editor for macOS, Windows, Linux, and the browser. It combines a professional writing experience with team collaboration and AI integration in one fast, native app.	in	R2: description names Markdown (application types: Team Collaboration)
alternativeto:Obsidian	Vibeocus	https://alternativeto.net/software/obsidian/?p=28 (list page; entry link not captured)	rank=329; page=28; Like; alternatives-listed-for-this-entry=not shown; license=Paid Proprietary Platforms Mac + 9 More about Vibeocus Good alternative? Is Vibeocus a good alternative to Obsidian ?	Vibeocus is a local-first macOS desktop application designed to solve "vibe-coding chaos". While AI agents (like Claude, Cursor, or local LLMs) move fast, project context often gets scattered across chat histories, hidden TODOs, and messy folders.	out	R4: neither Markdown nor a notes, text, writing or terminal tool in the description or application types (types: not shown)
alternativeto:Obsidian	Recordon	https://alternativeto.net/software/obsidian/?p=28 (list page; entry link not captured)	rank=330; page=28; Like; alternatives-listed-for-this-entry=not shown; license=Freemium Proprietary	Recordon is a privacy-first record management tool for anyone who needs to document incidents, communications, or events and later demonstrate that nothing was changed.	out	R4: neither Markdown nor a notes, text, writing or terminal tool in the description or application types (types: Team Collaboration)
alternativeto:Obsidian	Snipcabin	https://alternativeto.net/software/obsidian/?p=28 (list page; entry link not captured)	rank=331; page=28; Like; alternatives-listed-for-this-entry=not shown; license=Paid Proprietary	With Snipcabin, you can copy notes and links with a click online. You can organize notes using tags and nested collections, and use descriptions to identify notes faster	undecidable	R3: a notes, text or terminal tool whose description does not mention Markdown (application types: Note-taking)
alternativeto:Obsidian	NoteCafe	https://alternativeto.net/software/obsidian/?p=28 (list page; entry link not captured)	rank=332; page=28; Like; alternatives-listed-for-this-entry=not shown; license=Paid Proprietary	NoteCafe is a local-first markdown notes app for Mac and Windows. Every note is a plain text file stored in folders on your computer, searchable instantly, with no cloud lock-in. NoteCafe is included in every getapps.cafe subscription.	in	R2: description names Markdown (application types: Note-taking)
alternativeto:Obsidian	Inline Note	https://alternativeto.net/software/obsidian/?p=28 (list page; entry link not captured)	rank=333; page=28; Like; alternatives-listed-for-this-entry=not shown; license=Freemium Proprietary	Lightweight note-taking app with inline categorization and visual graph view. Connect your thoughts naturally while writing.	undecidable	R3: a notes, text or terminal tool whose description does not mention Markdown (application types: Note-taking / Mind Mapping)
alternativeto:Obsidian	Netherstone	https://alternativeto.net/software/obsidian/?p=28 (list page; entry link not captured)	rank=334; page=28; Like; alternatives-listed-for-this-entry=not shown; license=Free Open Source (GPL-3.0) Platforms Windows Linux Mac More about Netherstone Good alternative? Is Netherstone a good alternative to Obsidian ?	Netherstone is an offline desktop app for your knowledge: notes, documents, drawings and more. Every shard is a document saved as a plain Markdown file.	in	R2: description names Markdown (application types: not shown)
alternativeto:Obsidian	Halzy	https://alternativeto.net/software/obsidian/?p=28 (list page; entry link not captured)	rank=335; page=28; Like; alternatives-listed-for-this-entry=not shown; license=Freemium Proprietary	Halzy is a web-based OneNote alternative designed for versatile note-taking. It combines a free-form canvas (for typing and sketching) with built-in Markdown support.	in	R2: description names Markdown (application types: Note-taking)
alternativeto:Obsidian	Onyka	https://alternativeto.net/software/obsidian/?p=28 (list page; entry link not captured)	rank=336; page=28; Like; alternatives-listed-for-this-entry=not shown; license=Free Open Source (AGPL-3.0)	Note apps keep growing sideways : databases, kanban boards, plugins, AI assistants. Onyka grows inward.	undecidable	R3: a notes, text or terminal tool whose description does not mention Markdown (application types: Note-taking / Team Collaboration)
alternativeto:Obsidian	StashSync.app	https://alternativeto.net/software/obsidian/?p=29 (list page; entry link not captured)	rank=337; page=29; Like; alternatives-listed-for-this-entry=not shown; license=Freemium Proprietary Origin Malaysia Platforms Online Malaysia + 2 More about StashSync.app Good alternative? Is StashSync.app a good alternative to Obsidian ?	StashSync is a personal workspace that brings your notes, bookmarks, and files into one place. No more juggling between apps.	undecidable	R3: a notes, text or terminal tool whose description does not mention Markdown (application types: not shown)
alternativeto:Obsidian	PaperLab	https://alternativeto.net/software/obsidian/?p=29 (list page; entry link not captured)	rank=338; page=29; Like; alternatives-listed-for-this-entry=not shown; license=Free Proprietary	PaperLab is a Markdown editor that deliberately does less. It's built for those who find Notion too slow and Obsidian too complex.	in	R2: description names Markdown (application types: Note-taking)
alternativeto:Obsidian	EpicNotes	https://alternativeto.net/software/obsidian/?p=29 (list page; entry link not captured)	rank=339; page=29; Like; alternatives-listed-for-this-entry=not shown; license=Freemium Proprietary	EpicNotes is a native, offline-first notes, tasks and calendar app for macOS and Android with two-way Google sync and semantic AI search.	undecidable	R3: a notes, text or terminal tool whose description does not mention Markdown (application types: Note-taking / Task Management)
alternativeto:Obsidian	Taskpile	https://alternativeto.net/software/obsidian/?p=29 (list page; entry link not captured)	rank=340; page=29; Like; alternatives-listed-for-this-entry=not shown; license=Freemium Proprietary	Taskpile is an AI-first task manager. Connect Claude, ChatGPT, or Cursor via MCP and tasks land in your inbox straight from chat. Sort daily, work from Today.	out	R4: neither Markdown nor a notes, text, writing or terminal tool in the description or application types (types: Todo List Manager / Task Management)
alternativeto:Obsidian	PlyLoom	https://alternativeto.net/software/obsidian/?p=29 (list page; entry link not captured)	rank=341; page=29; Like; alternatives-listed-for-this-entry=9; license=Free Proprietary	Offline knowledge map in a single HTML file: one entity stands on several sheets, documents and tables are assembled from the map, and private parts never go to an AI.	undecidable	R3: a notes, text or terminal tool whose description does not mention Markdown (application types: Diagram Editor / Mind Mapping)
alternativeto:Obsidian	Doco Workspace	https://alternativeto.net/software/obsidian/?p=29 (list page; entry link not captured)	rank=342; page=29; Like; alternatives-listed-for-this-entry=not shown; license=Free Open Source (MIT) Platforms Online Software as a Service (SaaS) Self-Hosted Docker More about Doco Workspace D Good alternative? Is Doco Workspace a good alternative to Obsidian ?	An open-source workspace where humans and AI agents safely edit the same live documents through stable blocks, version checks, MCP, CLI, and REST.	out	R4: neither Markdown nor a notes, text, writing or terminal tool in the description or application types (types: not shown)
alternativeto:Obsidian	sudonotes	https://alternativeto.net/software/obsidian/?p=29 (list page; entry link not captured)	rank=343; page=29; Like; alternatives-listed-for-this-entry=not shown; license=Free Open Source (MIT)	?? Blazing fast notebook for leading AI projects. Brainstorm ideas and keep them connected, orchestrate and scale your projects efficiently, assign the right model to each problem, and avoid wasting effort writing the same prompts.	undecidable	R3: a notes, text or terminal tool whose description does not mention Markdown (application types: Note-taking)
alternativeto:Obsidian	Focusbae	https://alternativeto.net/software/obsidian/?p=29 (list page; entry link not captured)	rank=344; page=29; Like; alternatives-listed-for-this-entry=not shown; license=Freemium Proprietary	FocusBae is your AI coworker. Call it, share your screen, and solve problems like a real teammate. Create notes and todos on the go, journal about your day by voice, track app usage, and more.	undecidable	R3: a notes, text or terminal tool whose description does not mention Markdown (application types: Note-taking / Team Collaboration)
alternativeto:Obsidian	WorkContext	https://alternativeto.net/software/obsidian/?p=29 (list page; entry link not captured)	rank=345; page=29; Like; alternatives-listed-for-this-entry=not shown; license=Free Open Source (MIT)	WorkContext is an open-source, AI-powered workspace designed to solve context fragmentation across engineering tools. It unifies communication and documentation across Slack, Jira, Notion, and GitHub into a single context layer.	undecidable	R3: a notes, text or terminal tool whose description does not mention Markdown (application types: Note-taking / Team Collaboration)
alternativeto:Obsidian	shizumu	https://alternativeto.net/software/obsidian/?p=29 (list page; entry link not captured)	rank=346; page=29; Like; alternatives-listed-for-this-entry=not shown; license=Free Open Source (Apache-2.0)	a local-first writing app where every page starts empty: nothing to structure first, nowhere to file it, so the first sentence is the first thing that happens.	undecidable	R3: a notes, text or terminal tool whose description does not mention Markdown (application types: Note-taking)
alternativeto:Obsidian	HyNote	https://alternativeto.net/software/obsidian/?p=29 (list page; entry link not captured)	rank=347; page=29; Like; alternatives-listed-for-this-entry=not shown; license=Freemium Proprietary	Summarizes PDFs, transcribes lectures and videos in real-time, creates flashcards, quizzes, and study plans, supports audio, text, image, and web input, offers advanced note organization, and allows interactive querying to streamline diverse study workflows.	undecidable	R3: a notes, text or terminal tool whose description does not mention Markdown (application types: Note-taking)
alternativeto:Obsidian	Moment Docs	https://alternativeto.net/software/obsidian/?p=29 (list page; entry link not captured)	rank=348; page=29; Like; alternatives-listed-for-this-entry=not shown; license=Free Personal Proprietary	Fast. Collaborative. Programmable. A truly-offline offline mode. Moment is a powerful, modern docs platform based entirely on Markdown files stored locally in git repositories on your device.	in	R2: description names Markdown (application types: Note-taking)
alternativeto:Obsidian	River Notes	https://alternativeto.net/software/obsidian/?p=30 (list page; entry link not captured)	rank=349; page=30; Like; alternatives-listed-for-this-entry=not shown; license=Freemium Proprietary	River Notes is a home for an active creative life: somewhere to write, speak, gather what emerges, and carry it forward.	undecidable	R3: a notes, text or terminal tool whose description does not mention Markdown (application types: Journaling / Private Diary)
alternativeto:Obsidian	Pivot.app	https://alternativeto.net/software/obsidian/?p=30 (list page; entry link not captured)	rank=350; page=30; Like; alternatives-listed-for-this-entry=not shown; license=Paid Proprietary	Pivot is a workspace platform for communities, courses, projects, and teams. It combines real-time and async communication tools.	out	R4: neither Markdown nor a notes, text, writing or terminal tool in the description or application types (types: Team Collaboration / Project Management)
alternativeto:Obsidian	Paso	https://alternativeto.net/software/obsidian/?p=30 (list page; entry link not captured)	rank=351; page=30; Like; alternatives-listed-for-this-entry=not shown; license=Freemium Proprietary	Stay organized with a visual timeline that handles planning, note-taking, and tracking for personal and work projects. Merge tasks, goals, and unstructured ideas, manage long-term progress, avoid clutter, and clarify priorities across all aspects of life.	undecidable	R3: a notes, text or terminal tool whose description does not mention Markdown (application types: Todo List Manager / Task Management)
alternativeto:Obsidian	Magpie.ee	https://alternativeto.net/software/obsidian/?p=30 (list page; entry link not captured)	rank=352; page=30; Like; alternatives-listed-for-this-entry=not shown; license=Freemium Proprietary Platforms Online Google Chrome + 2 More about Magpie.ee Good alternative? Is Magpie.ee a good alternative to Obsidian ?	Collect images, screenshots, links & snippets into private, local boards. No feed, no algorithm, no account — your boards are files on your machine.	out	R4: neither Markdown nor a notes, text, writing or terminal tool in the description or application types (types: not shown)
alternativeto:Obsidian	Understory: Writing Notes	https://alternativeto.net/software/obsidian/?p=30 (list page; entry link not captured)	rank=353; page=30; Like; alternatives-listed-for-this-entry=not shown; license=Freemium Proprietary	A Mac notes app for collecting your research, shaping an outline, and writing the draft.	undecidable	R3: a notes, text or terminal tool whose description does not mention Markdown (application types: Note-taking)
alternativeto:Obsidian	Study Focus	https://alternativeto.net/software/obsidian/?p=30 (list page; entry link not captured)	rank=354; page=30; Like; alternatives-listed-for-this-entry=51; license=Freemium Proprietary Platforms Online More about Study Focus Good alternative? Is Study Focus a good alternative to Obsidian ? N N	StudyFocus helps you to organize and turns your notes, lecture sliders, PDFs and recordings into study guides, quizzes, flashcards and other learning material. Simply upload your study material and let our app to analyze it and create study guide for you! Start learning today!	undecidable	R3: a notes, text or terminal tool whose description does not mention Markdown (application types: not shown)
alternativeto:Obsidian	Notly.page	https://alternativeto.net/software/obsidian/?p=30 (list page; entry link not captured)	rank=355; page=30; Like; alternatives-listed-for-this-entry=not shown; license=Paid Proprietary	Notly keeps notes and tasks in one place: Markdown notes that link to each other, tasks with due dates on a list or kanban board, and a daily journal you can dictate — voice recordings are transcribed automatically.	in	R2: description names Markdown (application types: Task Management)
alternativeto:Obsidian	Steno Notes	https://alternativeto.net/software/obsidian/?p=30 (list page; entry link not captured)	rank=356; page=30; Like; alternatives-listed-for-this-entry=not shown; license=Freemium Proprietary	Steno is a fast, distraction-free Markdown editor designed for focused, beautiful writing.	in	R2: description names Markdown (application types: Note-taking)
alternativeto:Obsidian	TrayMD	https://alternativeto.net/software/obsidian/?p=30 (list page; entry link not captured)	rank=357; page=30; Like; alternatives-listed-for-this-entry=not shown; license=Free Open Source (MIT)	A simple Linux note taking application for your system tray that supports markdown.	in	R2: description names Markdown (application types: Note-taking)
alternativeto:Obsidian	LightNote for Windows	https://alternativeto.net/software/obsidian/?p=30 (list page; entry link not captured)	rank=358; page=30; Like; alternatives-listed-for-this-entry=101; license=Free Personal Proprietary	Fast, lightweight editor for Windows that combines a Markdown knowledge base, a code editor, an SQL client and AI assistant integration.	in	R2: description names Markdown (application types: Note-taking / Text Editor)
alternativeto:Obsidian	BrewMemo	https://alternativeto.net/software/obsidian/?p=30 (list page; entry link not captured)	rank=359; page=30; Like; alternatives-listed-for-this-entry=not shown; license=Paid Proprietary	The PRIVACY-FOCUSED Notes App - 100% Made in Germany	undecidable	R3: a notes, text or terminal tool whose description does not mention Markdown (application types: Note-taking)
alternativeto:Obsidian	Chat Notes	https://alternativeto.net/software/obsidian/?p=30 (list page; entry link not captured)	rank=360; page=30; Like; alternatives-listed-for-this-entry=not shown; license=Free Proprietary	A native macOS app that reimagines note-taking. Capture ideas in a familiar chat interface, organize with stacks, and dive deeper with threads.	undecidable	R3: a notes, text or terminal tool whose description does not mention Markdown (application types: Note-taking)
alternativeto:Obsidian	Exsut	https://alternativeto.net/software/obsidian/?p=31 (list page; entry link not captured)	rank=361; page=31; Like; alternatives-listed-for-this-entry=not shown; license=Paid Proprietary	Exsut keeps your tasks, finances, habits, journal, notes and more in one desktop app, stored as a single local file you own. Optional whole database encryption. Pay once, no subscription, no cloud.	undecidable	R3: a notes, text or terminal tool whose description does not mention Markdown (application types: Application types / Note-taking / Task Management)
alternativeto:Obsidian	EtherPK	https://alternativeto.net/software/obsidian/?p=31 (list page; entry link not captured)	rank=362; page=31; Like; alternatives-listed-for-this-entry=not shown; license=Freemium Source Available (Elastic-2.0)	EtherPK is a markdown and wikilink based PKMS / note taking app with backlinks, sync, mobile UI, E2E encryption, AI and MCP integration.	in	R2: description names Markdown (application types: Application types / Note-taking / Task Management)
alternativeto:Obsidian	Lithic PKMS	https://alternativeto.net/software/obsidian/?p=31 (list page; entry link not captured)	rank=363; page=31; Like; alternatives-listed-for-this-entry=not shown; license=Free Open Source (MIT)	Lithic is a bespoke Personal Knowledge Management System (PKMS) built on the powerful TiddlyWiki engine, re-engineered for a modern academic and engineering workflow. It bridges the gap between the database flexibility of TiddlyWiki and the rapid, outlining experience of Logseq.	undecidable	R3: a notes, text or terminal tool whose description does not mention Markdown (application types: Note-taking)
alternativeto:Obsidian	Aktaba	https://alternativeto.net/software/obsidian/?p=31 (list page; entry link not captured)	rank=364; page=31; Like; alternatives-listed-for-this-entry=not shown; license=Freemium Proprietary Origin Kenya Platforms Online Kenya +4 More about Aktaba Good alternative? Is Aktaba a good alternative to Obsidian ?	Aktaba is a first-brain workshop for people who read to produce — essays, papers, arguments, decisions. Instead of frictionless capture that piles up into a note graveyard, Aktaba asks you to think for ten seconds when you capture, so every note lands tagged, placed, and...	undecidable	R3: a notes, text or terminal tool whose description does not mention Markdown (application types: not shown)
alternativeto:Obsidian	Flit	https://alternativeto.net/software/obsidian/?p=31 (list page; entry link not captured)	rank=365; page=31; 1 like; alternatives-listed-for-this-entry=not shown; license=Freemium Proprietary	AI-enhanced platform for note taking, habit tracking, and journaling with semantic search, relational links, advanced categorization, summarization, insight generation, private backup, secure cross-device sync, tagging, and backup recovery for effective knowledge management.	undecidable	R3: a notes, text or terminal tool whose description does not mention Markdown (application types: Note-taking)
alternativeto:Obsidian	SimplyBoard	https://alternativeto.net/software/obsidian/?p=31 (list page; entry link not captured)	rank=366; page=31; Like; alternatives-listed-for-this-entry=not shown; license=Free Personal Proprietary	The trusted, encrypted alternative to Notion, Trello, and Miro. A fast, private knowledge base for developers, founders, and power users who need to store and retrieve information without friction — encrypted, searchable, and offline-ready.	undecidable	R3: a notes, text or terminal tool whose description does not mention Markdown (application types: Note-taking)
alternativeto:Obsidian	TUI-Journal	https://alternativeto.net/software/obsidian/?p=31 (list page; entry link not captured)	rank=367; page=31; Like; alternatives-listed-for-this-entry=not shown; license=Free Open Source (MIT) Origin Germany EU Platforms Mac Linux BSD Germany EU More about TUI-Journal T Good alternative? Is TUI-Journal a good alternative to Obsidian ?	TUI-Journal is a terminal-based application written in Rust that allows you to write and manage your journal/notes from within the comfort of your terminal. It provides a simple and efficient interface for creating and organizing your thoughts, ideas, and reflections.	undecidable	R3: a notes, text or terminal tool whose description does not mention Markdown (application types: not shown)
alternativeto:Obsidian	ThoughtsPlus	https://alternativeto.net/software/obsidian/?p=31 (list page; entry link not captured)	rank=368; page=31; 1 like; alternatives-listed-for-this-entry=not shown; license=Free Open Source	The high-velocity, shortcut-first brain dump for Windows. ThoughtsPlus eliminates the friction of bloated productivity tools, allowing power users to capture ideas, sketch, and track progress without ever leaving their workflow. No cloud, no telemetry, just pure focus.	undecidable	R3: a notes, text or terminal tool whose description does not mention Markdown (application types: Note-taking)
alternativeto:Obsidian	Eleganote	https://alternativeto.net/software/obsidian/?p=31 (list page; entry link not captured)	rank=369; page=31; Like; alternatives-listed-for-this-entry=not shown; license=Freemium Proprietary	Eleganote is a feature-rich note-taking and drawing app designed for Android users who want a premium stylus experience. Inspired by apps like GoodNotes, Eleganote brings smooth handwriting, precise drawing tools, and powerful canvas features to Android — a platform long...	undecidable	R3: a notes, text or terminal tool whose description does not mention Markdown (application types: Note-taking)
alternativeto:Obsidian	ExpiNotes	https://alternativeto.net/software/obsidian/?p=31 (list page; entry link not captured)	rank=370; page=31; Like; alternatives-listed-for-this-entry=not shown; license=Free Proprietary	ExpiNotes is a powerful and intuitive note-taking app designed to help you manage and track your notes and deadlines effortlessly. With ExpiNotes, you can set custom deadlines, monitor time, add various attachments, and track changes.	undecidable	R3: a notes, text or terminal tool whose description does not mention Markdown (application types: Application types / Note-taking / Task Management)
alternativeto:Obsidian	Safety Note+	https://alternativeto.net/software/obsidian/?p=31 (list page; entry link not captured)	rank=371; page=31; Like; alternatives-listed-for-this-entry=not shown; license=Freemium Proprietary Origin Hong Kong Platforms Android iPhone Android Tablet iPad Hong Kong More about Safety Note+ Good alternative? Is Safety Note+ a good alternative to Obsidian ?	Introducing Safety Note+: Keep Your Most Private Notes Secure	undecidable	R3: a notes, text or terminal tool whose description does not mention Markdown (application types: not shown)
alternativeto:Marked (AlternativeTo entry for Marked)	Typora	https://alternativeto.net/software/marked/ (list page; entry link not captured)	rank=1; page=1; 334 likes; alternatives-listed-for-this-entry=221; license=Paid Proprietary	A minimalist Markdown editor offering cross-platform synchronization, live preview, and seamless export/import in various formats like PDF, DOCX, and LaTeX. Features include distraction-free Focus and Typewriter modes, file management with tree and articles panels, and content organization through an outline panel.	in	R2: description names Markdown (application types: Text Editor / Note-taking)
alternativeto:Marked (AlternativeTo entry for Marked)	ghostwriter	https://alternativeto.net/software/marked/ (list page; entry link not captured)	rank=2; page=1; 116 likes; alternatives-listed-for-this-entry=159; license=Free Open Source (GPL-3.0)	ghostwriter is a feature-rich text editor using Markdown syntax which makes it suitable for note-taking, document redaction, simple HTML website creation and much more.	in	R2: description names Markdown (application types: Text Editor / Note-taking)
alternativeto:Marked (AlternativeTo entry for Marked)	Clearly Markdown	https://alternativeto.net/software/marked/ (list page; entry link not captured)	rank=3; page=1; 22 likes; alternatives-listed-for-this-entry=not shown; license=Free Open Source	Clean, native Markdown editor for macOS with syntax highlighting, real-time GitHub Flavored Markdown and Mermaid diagram preview, KaTeX math support, synchronized side-by-side editing, QuickLook integration, PDF export, format shortcuts, and no subscriptions.	in	R2: description names Markdown (application types: Text Editor)
alternativeto:Marked (AlternativeTo entry for Marked)	MarkText	https://alternativeto.net/software/marked/ (list page; entry link not captured)	rank=4; page=1; 122 likes; alternatives-listed-for-this-entry=141; license=Free Open Source (MIT)	Open-source Markdown editor on Mac, Windows, and Linux offering real-time preview, clean interface, and various themes. Supports math expressions, exports HTML/PDF, allows image pasting, and more.	out	R1: description names Markdown but also a converter, linter, theme or snippet function
alternativeto:Marked (AlternativeTo entry for Marked)	Ferrite	https://alternativeto.net/software/marked/ (list page; entry link not captured)	rank=5; page=1; 14 likes; alternatives-listed-for-this-entry=63; license=Free Open Source (MIT)	Fast, native text editor supporting Markdown, JSON, YAML, and TOML with live preview, syntax highlighting, Mermaid diagrams, CSV/TSV viewing, collapsible trees, Git integration, regex find/replace, customizable themes, zen mode, and multi-language support.	out	R1: description names Markdown but also a converter, linter, theme or snippet function
alternativeto:Marked (AlternativeTo entry for Marked)	marka.md	https://alternativeto.net/software/marked/ (list page; entry link not captured)	rank=6; page=1; 12 likes; alternatives-listed-for-this-entry=not shown; license=Free Open Source (MIT)	A native macOS markdown editor specialized for AI context management. Live editor on the left (codemirror 6), rendered preview on the right (markdown-it + shiki + mermaid). Minimal Chrome, full catppuccin + matcha themes, macOS vibrancy, orange octopus mascot. ~10 MB bundle.	out	R1: description names Markdown but also a converter, linter, theme or snippet function
alternativeto:Marked (AlternativeTo entry for Marked)	StackEdit	https://alternativeto.net/software/marked/ (list page; entry link not captured)	rank=7; page=1; 91 likes; alternatives-listed-for-this-entry=94; license=Free Open Source (Apache-2.0); alerts=Discontinued	Full-featured, open-source Markdown editor based on PageDown, the Markdown library used by Stack Overflow and the other Stack Exchange sites.	in	R2: description names Markdown (application types: Text Editor / Note-taking)
alternativeto:Marked (AlternativeTo entry for Marked)	Downright	https://alternativeto.net/software/marked/ (list page; entry link not captured)	rank=8; page=1; 7 likes; alternatives-listed-for-this-entry=not shown; license=Free Open Source (MIT)	Native macOS Markdown reader and editor with Document, Split, and Source views, customizable themes, Finder and Quick Look integration, real-time file monitoring, broad Markdown support, and the ability to review external file changes. Free and MIT licensed.	out	R1: description names Markdown but also a converter, linter, theme or snippet function
alternativeto:Marked (AlternativeTo entry for Marked)	Hemingway Editor	https://alternativeto.net/software/marked/ (list page; entry link not captured)	rank=9; page=1; 58 likes; alternatives-listed-for-this-entry=178; license=Paid Proprietary	Hemingway App makes your writing bold and clear.	undecidable	R3: a notes, text or terminal tool whose description does not mention Markdown (application types: Text Editor)
alternativeto:Marked (AlternativeTo entry for Marked)	Tenno	https://alternativeto.net/software/marked/ (list page; entry link not captured)	rank=10; page=1; 6 likes; alternatives-listed-for-this-entry=not shown; license=Free Proprietary	A live editable Markdown editor that lets you add cells like Excel. You can think of Tenno as a mix of Word and Excel with a touch of Obsidian, Markdown and JavaScript.	in	R2: description names Markdown (application types: Text Editor)
alternativeto:Marked (AlternativeTo entry for Marked)	MarkFlowy	https://alternativeto.net/software/marked/ (list page; entry link not captured)	rank=11; page=1; 12 likes; alternatives-listed-for-this-entry=not shown; license=Free Open Source (AGPL-3.0)	Modern markdown editor application, Build fast and efficient workflows.	in	R2: description names Markdown (application types: Note-taking)
alternativeto:Marked (AlternativeTo entry for Marked)	Notepack	https://alternativeto.net/software/marked/ (list page; entry link not captured)	rank=12; page=1; 17 likes; alternatives-listed-for-this-entry=355; license=Free Open Source (MPL-2.0); alerts=Discontinued	Privacy oriented, without vendor lock in note organizer, todo list desktop application. Work offline with text, markdown and pdf files.	in	R2: description names Markdown (application types: Note-taking / Todo List Manager)
alternativeto:Marked (AlternativeTo entry for Marked)	CrabPad	https://alternativeto.net/software/marked/?p=2 (list page; entry link not captured)	rank=13; page=2; 1 like; alternatives-listed-for-this-entry=not shown; license=Free Proprietary Origin Poland EU Platforms Windows Mac Linux Poland EU + 1 More about CrabPad Good alternative? Is CrabPad a good alternative to Marked ?	CrabPad is a fast, free Markdown editor built with Rust. Local-first, keyboard-driven, with Zen Mode, Command Palette, live preview, and support for KaTeX math, Mermaid diagrams, and GFM. Available for macOS, Windows, and Linux.	in	R2: description names Markdown (application types: not shown)
alternativeto:Marked (AlternativeTo entry for Marked)	Dillinger	https://alternativeto.net/software/marked/?p=2 (list page; entry link not captured)	rank=14; page=2; 11 likes; alternatives-listed-for-this-entry=98; license=Free Open Source Origin United States Platforms Online United States More about Dillinger Good alternative? Is Dillinger a good alternative to Marked ?	Dillinger is a cloud-enabled, mobile-ready, offline-storage, AngularJS powered HTML5 Markdown editor.	in	R2: description names Markdown (application types: not shown)
alternativeto:Marked (AlternativeTo entry for Marked)	Inkwell Markdown Editor	https://alternativeto.net/software/marked/?p=2 (list page; entry link not captured)	rank=15; page=2; 1 like; alternatives-listed-for-this-entry=not shown; license=Paid Proprietary	Markdown editor that gets out of your way. Split-pane editing with live preview, 4 themes (Editorial, Midnight, Mono, Sepia), focus mode, tabbed editing, auto-save, version history, image paste support, and 10 built-in templates.	out	R1: description names Markdown but also a converter, linter, theme or snippet function
alternativeto:Marked (AlternativeTo entry for Marked)	PeekMark	https://alternativeto.net/software/marked/?p=2 (list page; entry link not captured)	rank=16; page=2; 1 like; alternatives-listed-for-this-entry=not shown; license=Freemium Open Source (AGPL-3.0) Origin United States Platforms Mac United States + 2 More about PeekMark Good alternative? Is PeekMark a good alternative to Marked ?	A native, local-first Markdown viewer and workspace for macOS with Finder Quick Look, Mermaid and Math rendering, plus optional workspaces, full-text search, backlinks, knowledge graph and export.	in	R2: description names Markdown (application types: not shown)
alternativeto:Marked (AlternativeTo entry for Marked)	MacDown	https://alternativeto.net/software/marked/?p=2 (list page; entry link not captured)	rank=17; page=2; 23 likes; alternatives-listed-for-this-entry=75; license=Free Open Source; alerts=Discontinued	MacDown is an open source Markdown editor for macOS, released under the MIT License. It is heavily influenced by Chen Luo’s Mou.	in	R2: description names Markdown (application types: Text Editor)
alternativeto:Marked (AlternativeTo entry for Marked)	Haroopad	https://alternativeto.net/software/marked/?p=2 (list page; entry link not captured)	rank=18; page=2; 68 likes; alternatives-listed-for-this-entry=not shown; license=Free Open Source (GPL-3.0); alerts=Discontinued	Haroopad is a markdown enabled document processor for creating web-friendly documents. You can author various formats of documents such as blog article, slide, presentation, report, and e-mail as if experts did.	in	R2: description names Markdown (application types: Text Editor)
alternativeto:Marked (AlternativeTo entry for Marked)	SXMac	https://alternativeto.net/software/marked/?p=2 (list page; entry link not captured)	rank=19; page=2; 1 like; alternatives-listed-for-this-entry=not shown; license=Free Open Source	SXMac is a light, notes like app that can be used as a rich text editor, markdown editor and preview, code editor with more than 100 supported languages. If you need specific files or anything else in one place.	in	R2: description names Markdown (application types: Text Editor / Note-taking)
alternativeto:Marked (AlternativeTo entry for Marked)	Caret Markdown Editor	https://alternativeto.net/software/marked/?p=2 (list page; entry link not captured)	rank=20; page=2; 18 likes; alternatives-listed-for-this-entry=not shown; license=Paid Proprietary; alerts=Discontinued	Caret is a Markdown editor for Mac, Windows and Linux.	in	R2: description names Markdown (application types: Text Editor)
alternativeto:Marked (AlternativeTo entry for Marked)	Norka	https://alternativeto.net/software/marked/?p=2 (list page; entry link not captured)	rank=21; page=2; 4 likes; alternatives-listed-for-this-entry=not shown; license=Free Open Source (MIT)	Imagine a hassle-free text-writing experience. Don't worry about saving files, complex markup, or accidentally deleted notes.	undecidable	R3: a notes, text or terminal tool whose description does not mention Markdown (application types: Text Editor)
alternativeto:Marked (AlternativeTo entry for Marked)	MarkdownPad	https://alternativeto.net/software/marked/?p=2 (list page; entry link not captured)	rank=22; page=2; 63 likes; alternatives-listed-for-this-entry=not shown; license=Freemium Proprietary; alerts=Discontinued	MarkdownPad is a full-featured Markdown editor for Windows. Features:	in	R2: description names Markdown (application types: Text Editor)
alternativeto:Marked (AlternativeTo entry for Marked)	MacMD Viewer	https://alternativeto.net/software/marked/?p=2 (list page; entry link not captured)	rank=23; page=2; Like; alternatives-listed-for-this-entry=not shown; license=Paid Proprietary	A native macOS reader for the Markdown your AI tools generate. Renders any .md, GitHub-flavored, Mermaid diagrams, syntax-highlighted code, right in Finder via Quick Look. Read-only, pairs with any editor. $19.99 one-time.	in	R2: description names Markdown (application types: Text Editor)
alternativeto:Marked (AlternativeTo entry for Marked)	Markd.ly	https://alternativeto.net/software/marked/?p=2 (list page; entry link not captured)	rank=24; page=2; 3 likes; alternatives-listed-for-this-entry=not shown; license=Freemium Proprietary	Markd.ly is a native Markdown editor for macOS, Windows, Linux, iOS, and Android, built for writers whose Markdown becomes polished deliverables. It features live preview of Mermaid diagrams and LaTeX math, code syntax highlighting, a folder-based workflow with a cloud library...	in	R2: description names Markdown (application types: Text Editor)
alternativeto:Marked (AlternativeTo entry for Marked)	Byword	https://alternativeto.net/software/marked/?p=3 (list page; entry link not captured)	rank=25; page=3; 53 likes; alternatives-listed-for-this-entry=167; license=Paid Proprietary Origin Portugal EU Platforms Mac iPhone iPad Portugal EU + 9 More about Byword Good alternative? Is Byword a good alternative to Marked ?	Byword is designed to make writing more enjoyable with Markdown on your Mac, iPhone and iPad.	in	R2: description names Markdown (application types: not shown)
alternativeto:Marked (AlternativeTo entry for Marked)	Glance – Markdown Viewer	https://alternativeto.net/software/marked/?p=3 (list page; entry link not captured)	rank=26; page=3; 1 like; alternatives-listed-for-this-entry=not shown; license=Free Proprietary Origin Spain EU Platforms Mac Spain EU More about Glance – Markdown Viewer Good alternative? Is this a good alternative to Marked ?	Glance is a tiny native Markdown viewer for macOS. Open a .md file and Glance renders it the way you wrote it, with real typography and no editor chrome. It is Quick Look-aware, meaning you can tap space in Finder to preview any markdown file instantly.	in	R2: description names Markdown (application types: not shown)
alternativeto:Marked (AlternativeTo entry for Marked)	Notepad App	https://alternativeto.net/software/marked/?p=3 (list page; entry link not captured)	rank=27; page=3; 2 likes; alternatives-listed-for-this-entry=not shown; license=Free Proprietary	A markdown-based notes app for macOS, with simplicity and moderation.	in	R2: description names Markdown (application types: Note-taking / Text Editor)
alternativeto:Marked (AlternativeTo entry for Marked)	Zen Editor	https://alternativeto.net/software/marked/?p=3 (list page; entry link not captured)	rank=28; page=3; 1 like; alternatives-listed-for-this-entry=85; license=Free Proprietary	Zen by Unit is a free, minimal, fast, private writing app. Just open and use.	undecidable	R3: a notes, text or terminal tool whose description does not mention Markdown (application types: Text Editor)
alternativeto:Marked (AlternativeTo entry for Marked)	MdCharm	https://alternativeto.net/software/marked/?p=3 (list page; entry link not captured)	rank=29; page=3; 7 likes; alternatives-listed-for-this-entry=not shown; license=Free Open Source (BSD-3-Clause) Alerts Discontinued Platforms Windows Linux More about MdCharm Good alternative? Is MdCharm a good alternative to Marked ?; alerts=Discontinued	MdCharm is a wiki editor written in Qt which supports markdown.	in	R2: description names Markdown (application types: not shown)
alternativeto:Marked (AlternativeTo entry for Marked)	TypeBreeze	https://alternativeto.net/software/marked/?p=3 (list page; entry link not captured)	rank=30; page=3; 1 like; alternatives-listed-for-this-entry=not shown; license=Free Proprietary	TypeBreeze is a clean, distraction-free Markdown editor with live formatting, a polished writing experience, and support for focused editing without unnecessary clutter.	in	R2: description names Markdown (application types: Text Editor)
alternativeto:Marked (AlternativeTo entry for Marked)	Blank - A new writing-experience	https://alternativeto.net/software/marked/?p=3 (list page; entry link not captured)	rank=31; page=3; 4 likes; alternatives-listed-for-this-entry=48; license=Free Open Source (MIT)	Blank is a minimalistic, opinionated markdown editor made for writing. It works purely keyboard-based. Its minimalistic UI and WYSIWYG helps you stay focused on what really matters: content. Save to markdown or export your files to PDF.	in	R2: description names Markdown (application types: Note-taking / Text Editor)
alternativeto:Marked (AlternativeTo entry for Marked)	TypoZen	https://alternativeto.net/software/marked/?p=3 (list page; entry link not captured)	rank=32; page=3; 2 likes; alternatives-listed-for-this-entry=not shown; license=Free Open Source (MIT)	TypoZen is a Markdown editor and an ePub reader in one quiet window: somewhere to write in the morning and somewhere to read in the evening, without switching apps or going near the internet.	in	R2: description names Markdown (application types: Ebook Reader / Text Editor)
alternativeto:Marked (AlternativeTo entry for Marked)	Markdown Buddy	https://alternativeto.net/software/marked/?p=3 (list page; entry link not captured)	rank=33; page=3; 1 like; alternatives-listed-for-this-entry=not shown; license=Paid Proprietary Origin France EU Platforms Mac France EU + 2 More about Markdown Buddy M Good alternative? Is Markdown Buddy a good alternative to Marked ?	Native macOS Markdown editor that also renders Markdown files in the Finder and inside Xcode.	in	R2: description names Markdown (application types: not shown)
alternativeto:Marked (AlternativeTo entry for Marked)	Elegant Markdown Editor	https://alternativeto.net/software/marked/?p=3 (list page; entry link not captured)	rank=34; page=3; 2 likes; alternatives-listed-for-this-entry=not shown; license=Free Open Source (MIT); alerts=Discontinued	Elegant Markdown Editor (EME) is an intuitive Markdown text editor with distraction-free mode, auto-sync for GitHub Gist, math typesetting support and more.	in	R2: description names Markdown (application types: Text Editor)
alternativeto:Marked (AlternativeTo entry for Marked)	PHP Markdown	https://alternativeto.net/software/marked/?p=3 (list page; entry link not captured)	rank=35; page=3; 4 likes; alternatives-listed-for-this-entry=not shown; license=Free Open Source Origin Canada Platforms Mac Windows Linux Online Self-Hosted Good alternative? Is PHP Markdown a good alternative to Marked ?	PHP port of the Markdown text-to-HTML conversion tool for web writers.	in	R2: description names Markdown (application types: not shown)
alternativeto:Marked (AlternativeTo entry for Marked)	Writeopia	https://alternativeto.net/software/marked/?p=3 (list page; entry link not captured)	rank=36; page=3; 3 likes; alternatives-listed-for-this-entry=not shown; license=Free Open Source (AGPL-3.0)	Writeopia is a modern text editor that integrates AI while prioritizing offline functionality and user privacy. Unlike cloud-based AI assistants, Writeopia allows you to choose your own AI model and interact with it locally, ensuring that your data stays on your device.	undecidable	R3: a notes, text or terminal tool whose description does not mention Markdown (application types: Text Editor)
alternativeto:Marked (AlternativeTo entry for Marked)	Markdown Shell Extensions and Editor	https://alternativeto.net/software/marked/?p=4 (list page; entry link not captured)	rank=37; page=4; 1 like; alternatives-listed-for-this-entry=not shown; license=Free Open Source (Apache-2.0) Origin Italy EU Platforms Windows Italy EU + 1 More about Markdown Shell Extensions and Editor Good alternative? Is this a good alternative to Marked ?	A Markdown Text Editor to manually edit a markdown file, with instant preview of the output in a HTML Viewer.	in	R2: description names Markdown (application types: not shown)
alternativeto:Marked (AlternativeTo entry for Marked)	MarkRight	https://alternativeto.net/software/marked/?p=4 (list page; entry link not captured)	rank=38; page=4; 7 likes; alternatives-listed-for-this-entry=not shown; license=Free Open Source (GPL-3.0); alerts=Discontinued	MarkRight is a simple but very efficient Markdown editor built using Electron and ClojureScript. It uses a dual pane interface that lets you focus on the task of writing, while providing a live preview so you can instantly see the results.	in	R2: description names Markdown (application types: Text Editor)
alternativeto:Marked (AlternativeTo entry for Marked)	Deepdwn	https://alternativeto.net/software/marked/?p=4 (list page; entry link not captured)	rank=39; page=4; 3 likes; alternatives-listed-for-this-entry=not shown; license=Paid Proprietary	Deepdwn is a markdown editing suite, designed to organize and edit collections of markdown files.	in	R2: description names Markdown (application types: Note-taking / Text Editor)
alternativeto:Marked (AlternativeTo entry for Marked)	Pine Markdown Editor	https://alternativeto.net/software/marked/?p=4 (list page; entry link not captured)	rank=40; page=4; 5 likes; alternatives-listed-for-this-entry=not shown; license=Free Open Source Origin Australia Alerts Discontinued Platforms Mac Australia More about Pine Markdown Editor Good alternative? Is Pine Markdown Editor a good alternative to Marked ?; alerts=Discontinued	A modern macOS markdown editor - themeable, tabs, sidebar, GitHub flavored markdown, exporting, latex and more.	in	R2: description names Markdown (application types: not shown)
alternativeto:Marked (AlternativeTo entry for Marked)	MWeb	https://alternativeto.net/software/marked/?p=4 (list page; entry link not captured)	rank=41; page=4; 10 likes; alternatives-listed-for-this-entry=not shown; license=Paid Proprietary Origin China Platforms Mac China More about MWeb Good alternative? Is MWeb a good alternative to Marked ?	MWeb can handle professional-level markdown with support for markdown extensions. It provides publishing to various social networks and blogging formats, as well as various preview themes.	out	R1: description names Markdown but also a converter, linter, theme or snippet function
alternativeto:Marked (AlternativeTo entry for Marked)	Glow	https://alternativeto.net/software/marked/?p=4 (list page; entry link not captured)	rank=42; page=4; 3 likes; alternatives-listed-for-this-entry=not shown; license=Free Open Source (MIT) Platforms Mac Windows Linux BSD More about Glow Good alternative? Is Glow a good alternative to Marked ?	Glow is a terminal based markdown reader designed from the ground up to bring out the beauty—and power—of the CLI.	in	R2: description names Markdown (application types: not shown)
alternativeto:Marked (AlternativeTo entry for Marked)	Remarkable	https://alternativeto.net/software/marked/?p=4 (list page; entry link not captured)	rank=43; page=4; 15 likes; alternatives-listed-for-this-entry=65; license=Free Open Source (MIT) Alerts Discontinued Platforms Linux + 1 More about Remarkable Good alternative? Is Remarkable a good alternative to Marked ?; alerts=Discontinued	A fully featured markdown editor for Linux. Features include Live Preview, PDF/HTML export, MathJax support, Syntax highlighting, customizable, keyboard shortcuts, GFM, images, tables and much more.	in	R2: description names Markdown (application types: not shown)
alternativeto:Marked (AlternativeTo entry for Marked)	Typewriter for Markdown	https://alternativeto.net/software/marked/?p=4 (list page; entry link not captured)	rank=44; page=4; 2 likes; alternatives-listed-for-this-entry=not shown; license=Free Proprietary Platforms Mac More about Typewriter for Markdown Good alternative? Is this a good alternative to Marked ?	A Markdown editor with syntax highlighting and live preview.	in	R2: description names Markdown (application types: not shown)
alternativeto:Marked (AlternativeTo entry for Marked)	Marxico	https://alternativeto.net/software/marked/?p=4 (list page; entry link not captured)	rank=45; page=4; 8 likes; alternatives-listed-for-this-entry=not shown; license=Freemium Proprietary Platforms Mac Windows Google Chrome Evernote More about Marxico Good alternative? Is Marxico a good alternative to Marked ?	Marxico is a neat Markdown editor that features :	in	R2: description names Markdown (application types: not shown)
alternativeto:Marked (AlternativeTo entry for Marked)	Editorially	https://alternativeto.net/software/marked/?p=4 (list page; entry link not captured)	rank=46; page=4; 5 likes; alternatives-listed-for-this-entry=50; license=Free Proprietary; alerts=Discontinued	Write. Rewrite. Share and discuss. Everything you need to make good writing great.	undecidable	R3: a notes, text or terminal tool whose description does not mention Markdown (application types: Text Editor)
alternativeto:Marked (AlternativeTo entry for Marked)	MultiMarkdown Composer	https://alternativeto.net/software/marked/?p=4 (list page; entry link not captured)	rank=47; page=4; 9 likes; alternatives-listed-for-this-entry=not shown; license=Paid Proprietary	MultiMarkdown Composer is a text editor for Mac that is designed from the ground up around the MultiMarkdown Syntax. It is designed to make writing in MultiMarkdown even easier than it already is, with automatic syntax highlighting, built in previews, easy export to any format...	in	R2: description names Markdown (application types: Text Editor)
alternativeto:Marked (AlternativeTo entry for Marked)	Blank Slate	https://alternativeto.net/software/marked/?p=4 (list page; entry link not captured)	rank=48; page=4; 1 like; alternatives-listed-for-this-entry=51; license=Free Proprietary Platforms Online More about Blank Slate Good alternative? Is Blank Slate a good alternative to Marked ?	Get thoughts down quick, do things with them later. Just start typing.	out	R4: neither Markdown nor a notes, text, writing or terminal tool in the description or application types (types: not shown)
alternativeto:Marked (AlternativeTo entry for Marked)	CuteMarkEd	https://alternativeto.net/software/marked/?p=5 (list page; entry link not captured)	rank=49; page=5; 7 likes; alternatives-listed-for-this-entry=not shown; license=Free Open Source; alerts=Discontinued	A Qt-based, free and open source markdown editor with live HTML preview, math expressions, code and markdown syntax highlighting.	in	R2: description names Markdown (application types: Text Editor)
alternativeto:Marked (AlternativeTo entry for Marked)	Classeur	https://alternativeto.net/software/marked/?p=5 (list page; entry link not captured)	rank=50; page=5; 6 likes; alternatives-listed-for-this-entry=not shown; license=Freemium Proprietary Alerts Discontinued Platforms Online Good alternative? Is Classeur a good alternative to Marked ?; alerts=Discontinued	Start writing notes, docs, and blogs quickly using Markdown.	in	R2: description names Markdown (application types: not shown)
alternativeto:Marked (AlternativeTo entry for Marked)	Typewrite	https://alternativeto.net/software/marked/?p=5 (list page; entry link not captured)	rank=51; page=5; 8 likes; alternatives-listed-for-this-entry=not shown; license=Freemium Proprietary Platforms Online Good alternative? Is Typewrite a good alternative to Marked ?	Typewrite is a real-time collaborative writing environment with Markdown support, versioning and Dropbox syncing.	in	R2: description names Markdown (application types: not shown)
alternativeto:Marked (AlternativeTo entry for Marked)	Texts.io	https://alternativeto.net/software/marked/?p=5 (list page; entry link not captured)	rank=52; page=5; 9 likes; alternatives-listed-for-this-entry=71; license=Free Proprietary; alerts=Discontinued	Advanced text editor tailored for creating structured documents. Leverages Markdown to differentiate content and formatting, ensuring streamlined editing and publishing to a multitude of formats.	in	R2: description names Markdown (application types: Text Editor)
alternativeto:Marked (AlternativeTo entry for Marked)	PileMD	https://alternativeto.net/software/marked/?p=5 (list page; entry link not captured)	rank=53; page=5; 5 likes; alternatives-listed-for-this-entry=not shown; license=Free Proprietary; alerts=Discontinued	PileMd has a really beautiful Markdown Editor, looks like Preview. It's like a RichText Editor but it's actually Markdown, and it works like a word processor, complete with Undo/Redo histories, list completion and clickable urls.	in	R2: description names Markdown (application types: Note-taking)
alternativeto:Marked (AlternativeTo entry for Marked)	SpringNotes	https://alternativeto.net/software/marked/?p=5 (list page; entry link not captured)	rank=54; page=5; 4 likes; alternatives-listed-for-this-entry=not shown; license=Paid Proprietary	Write styled Markdown notes, sync across Mac, iPhone and iPad add to-dos and tags, export to a variety of formats and choose your favourite style from a variety of colourful themes.	out	R1: description names Markdown but also a converter, linter, theme or snippet function
alternativeto:Marked (AlternativeTo entry for Marked)	Theorylog	https://alternativeto.net/software/marked/?p=5 (list page; entry link not captured)	rank=55; page=5; 3 likes; alternatives-listed-for-this-entry=not shown; license=Free Proprietary Platforms Online Software as a Service (SaaS) More about Theorylog Good alternative? Is Theorylog a good alternative to Marked ?	Write markdown documents with quickly accessible code snippets, mathematical equations and images and store them in the cloud to be accessed anywhere.	out	R1: description names Markdown but also a converter, linter, theme or snippet function
alternativeto:Marked (AlternativeTo entry for Marked)	Yu Writer Pro	https://alternativeto.net/software/marked/?p=5 (list page; entry link not captured)	rank=56; page=5; 2 likes; alternatives-listed-for-this-entry=not shown; license=Freemium Proprietary Platforms Mac Windows More about Yu Writer Pro Good alternative? Is Yu Writer Pro a good alternative to Marked ?	Efficient cross-platform Markdown text editor.	in	R2: description names Markdown (application types: not shown)
alternativeto:Marked (AlternativeTo entry for Marked)	Monod	https://alternativeto.net/software/marked/?p=5 (list page; entry link not captured)	rank=57; page=5; 3 likes; alternatives-listed-for-this-entry=not shown; license=Free Open Source (MIT); alerts=Discontinued	Monod was a secure and offline-first, React-based Markdown editor. Development has STOPPED and the app has been taken down.	in	R2: description names Markdown (application types: Text Editor)
alternativeto:Marked (AlternativeTo entry for Marked)	Markdown Pro	https://alternativeto.net/software/marked/?p=5 (list page; entry link not captured)	rank=58; page=5; 2 likes; alternatives-listed-for-this-entry=not shown; license=Paid Proprietary	A beautiful and easy to use editor for the popular Markdown markup language, combined with a themed live preview feature, you will never have to write boring documents again.	in	R2: description names Markdown (application types: Text Editor)
alternativeto:Marked (AlternativeTo entry for Marked)	Epsilon Notes	https://alternativeto.net/software/marked/?p=5 (list page; entry link not captured)	rank=59; page=5; 3 likes; alternatives-listed-for-this-entry=not shown; license=Freemium Proprietary Platforms Windows Android Good alternative? Is Epsilon Notes a good alternative to Marked ?	Epsilon Notes is a text editor for writing texts with Markdown-compatible CommonMark tags. Epsilon Notes can generate pdf and HTML code from your documents. CommonMark is an easy text formatting tool taking only a few minutes to learn, Runs on Android and Windows.	in	R2: description names Markdown (application types: not shown)
alternativeto:Marked (AlternativeTo entry for Marked)	Write for Mac	https://alternativeto.net/software/marked/?p=5 (list page; entry link not captured)	rank=60; page=5; 4 likes; alternatives-listed-for-this-entry=not shown; license=Paid Proprietary Platforms Mac More about Write for Mac Good alternative? Is Write for Mac a good alternative to Marked ?	A clean & intuitive design focused on things that matter most - your notes! Write offers a well designed writing experience with beautiful inline markdown rendering and some gorgeous fonts. Add Folders from Anywhere.	in	R2: description names Markdown (application types: not shown)
alternativeto:Marked (AlternativeTo entry for Marked)	MarkMyWords	https://alternativeto.net/software/marked/?p=6 (list page; entry link not captured)	rank=61; page=6; 4 likes; alternatives-listed-for-this-entry=not shown; license=Free Open Source; alerts=Discontinued	A minimal markdown editor in the eOS design.	in	R2: description names Markdown (application types: Text Editor)
alternativeto:Marked (AlternativeTo entry for Marked)	Writage	https://alternativeto.net/software/marked/?p=6 (list page; entry link not captured)	rank=62; page=6; 2 likes; alternatives-listed-for-this-entry=not shown; license=Paid Proprietary Platforms Windows Microsoft Office Word W Good alternative? Is Writage a good alternative to Marked ?	Writage is a new add-in for Word, which enables to edit Markdown documents. Zero knowledge of Markdown is required in order to write structured documents. No need to remember markup for hyperlink or footnote, or how to format a table.	in	R2: description names Markdown (application types: not shown)
alternativeto:Marked (AlternativeTo entry for Marked)	Markdown Life	https://alternativeto.net/software/marked/?p=6 (list page; entry link not captured)	rank=63; page=6; 2 likes; alternatives-listed-for-this-entry=not shown; license=Paid Proprietary	An elegant and easy to use editor with simplicity for the Markdown markup language. Markdown Life is able to use full power of your new Mac and brings you unprecedented performance.	in	R2: description names Markdown (application types: Note-taking)
alternativeto:Marked (AlternativeTo entry for Marked)	Markie	https://alternativeto.net/software/marked/?p=6 (list page; entry link not captured)	rank=64; page=6; 1 like; alternatives-listed-for-this-entry=not shown; license=Free Open Source Alerts Discontinued Platforms Mac Windows Linux More about Markie Good alternative? Is Markie a good alternative to Marked ?; alerts=Discontinued	Markie is a wysiwyg editor for the markdown syntax written entirely in python with html preview of your own css.	in	R2: description names Markdown (application types: not shown)
alternativeto:Marked (AlternativeTo entry for Marked)	Notal	https://alternativeto.net/software/marked/?p=6 (list page; entry link not captured)	rank=65; page=6; 1 like; alternatives-listed-for-this-entry=not shown; license=Free Proprietary Platforms Android More about Notal Good alternative? Is Notal a good alternative to Marked ?	Notal is a simple application that lets you take notes with Markdown style!	in	R2: description names Markdown (application types: not shown)
alternativeto:Marked (AlternativeTo entry for Marked)	Erato	https://alternativeto.net/software/marked/?p=6 (list page; entry link not captured)	rank=66; page=6; 1 like; alternatives-listed-for-this-entry=not shown; license=Paid Proprietary Origin Sweden EU Platforms Mac Sweden EU More about Erato Good alternative? Is Erato a good alternative to Marked ?	Erato is a beautiful and simple Markdown editor for your Mac. It is fast, extremely easy to use and gets out of your way.	in	R2: description names Markdown (application types: not shown)
alternativeto:Marked (AlternativeTo entry for Marked)	Writed	https://alternativeto.net/software/marked/?p=6 (list page; entry link not captured)	rank=67; page=6; 1 like; alternatives-listed-for-this-entry=56; license=Freemium Proprietary Platforms Mac More about Writed Good alternative? Is Writed a good alternative to Marked ?	Writed is a distraction free text editor that will help you type more in less time. Writed uses markdown* syntax to format your document in real time, keep both your hand on the keyboard and just type.	in	R2: description names Markdown (application types: not shown)
alternativeto:Marked (AlternativeTo entry for Marked)	MarkDrop	https://alternativeto.net/software/marked/?p=6 (list page; entry link not captured)	rank=68; page=6; Like; alternatives-listed-for-this-entry=37; license=Paid Proprietary Platforms Mac More about MarkDrop Good alternative? Is MarkDrop a good alternative to Marked ?	Markdown is a simple syntax built for writers who want to compose in an easy-to-write, easy-to-read format that can be converted to HTML. But the missing component up until now has been quickly uploading that HTML to a URL that can be easily shared with others.	in	R2: description names Markdown (application types: not shown)
alternativeto:Marked (AlternativeTo entry for Marked)	Easy Markdown	https://alternativeto.net/software/marked/?p=6 (list page; entry link not captured)	rank=69; page=6; Like; alternatives-listed-for-this-entry=not shown; license=Paid Proprietary Origin Italy EU Platforms Mac Italy EU More about Easy Markdown Good alternative? Is Easy Markdown a good alternative to Marked ?	Easy Markdown lets the user create web pages writing simple text using the Markdown rules to create readable well formatted text. A text written in Markdown is a simply text which looks correctly to humans as text and automatically translates in a correct web page.	in	R2: description names Markdown (application types: not shown)
alternativeto:Marked (AlternativeTo entry for Marked)	Evermark	https://alternativeto.net/software/marked/?p=6 (list page; entry link not captured)	rank=70; page=6; Like; alternatives-listed-for-this-entry=not shown; license=Free Proprietary Platforms iPhone iPad More about Evermark Good alternative? Is Evermark a good alternative to Marked ?	Evermark is a full-featured markdown editor for iOS.	in	R2: description names Markdown (application types: not shown)
alternativeto:Marked (AlternativeTo entry for Marked)	Meva	https://alternativeto.net/software/marked/?p=6 (list page; entry link not captured)	rank=71; page=6; Like; alternatives-listed-for-this-entry=not shown; license=Freemium Proprietary Origin United States Platforms Mac Windows Linux United States + 3 More about Meva Good alternative? Is Meva a good alternative to Marked ?	A fast, native markdown viewer built for the AI era. Browse folders, render LaTeX and Mermaid diagrams, and read AI-generated docs beautifully — all offline, under 15MB.	in	R2: description names Markdown (application types: not shown)
alternativeto:Marked (AlternativeTo entry for Marked)	vmd	https://alternativeto.net/software/marked/?p=6 (list page; entry link not captured)	rank=72; page=6; Like; alternatives-listed-for-this-entry=not shown; license=Free Open Source (MIT) Platforms Mac Windows Linux BSD npm Good alternative? Is vmd a good alternative to Marked ?	Preview markdown files in a separate window. Markdown is formatted exactly the same as on GitHub.	in	R2: description names Markdown (application types: not shown)
alternativeto:Marked (AlternativeTo entry for Marked)	MacDown 3000	https://alternativeto.net/software/marked/?p=7 (list page; entry link not captured)	rank=73; page=7; Like; alternatives-listed-for-this-entry=not shown; license=Free Open Source (MIT)	MacDown 3000 is a free Markdown editor for macOS, available under the MIT License. It continues the legacy started by Chen Luo's	in	R2: description names Markdown (application types: Text Editor)
alternativeto:Marked (AlternativeTo entry for Marked)	MiniNote	https://alternativeto.net/software/marked/?p=7 (list page; entry link not captured)	rank=74; page=7; Like; alternatives-listed-for-this-entry=77; license=Free Open Source (MIT)	A simple Markdown note-taking editor.	in	R2: description names Markdown (application types: Text Editor)
alternativeto:Marked (AlternativeTo entry for Marked)	Telescopo Markdown Studio	https://alternativeto.net/software/marked/?p=7 (list page; entry link not captured)	rank=75; page=7; Like; alternatives-listed-for-this-entry=not shown; license=Paid Proprietary Origin United States Platforms Mac United States + 4 More about Telescopo Markdown Studio Good alternative? Is this a good alternative to Marked ?	A native macOS Markdown viewer and writing workspace with live preview, templates, diagrams, PDF export, iCloud Sync, AI-assisted review, and accessibility-focused reading controls.	in	R2: description names Markdown (application types: not shown)
alternativeto:Marked (AlternativeTo entry for Marked)	MarkUpDown	https://alternativeto.net/software/marked/?p=7 (list page; entry link not captured)	rank=76; page=7; Like; alternatives-listed-for-this-entry=not shown; license=Paid Proprietary Platforms Windows + 3 More about MarkUpDown Good alternative? Is MarkUpDown a good alternative to Marked ?	MarkUpDown is an editor specialized to make creating Markdown code easy for beginners and experts. With helpful toolbars for beginners, GitHub Flavored/Multimarkdown table support, and keystroke shortcuts & Easy Actions for the expert, MarkUpDown is ready to help anyone...	in	R2: description names Markdown (application types: not shown)
alternativeto:Marked (AlternativeTo entry for Marked)	MDV	https://alternativeto.net/software/marked/?p=7 (list page; entry link not captured)	rank=77; page=7; Like; alternatives-listed-for-this-entry=not shown; license=Free Proprietary Origin United States Platforms Mac United States More about MDV Good alternative? Is MDV a good alternative to Marked ?	MDV is the best Markdown viewer for Mac. It's like Preview… but for Markdown!	in	R2: description names Markdown (application types: not shown)
alternativeto:Marked (AlternativeTo entry for Marked)	Viewdown	https://alternativeto.net/software/marked/?p=7 (list page; entry link not captured)	rank=78; page=7; Like; alternatives-listed-for-this-entry=not shown; license=Paid Proprietary Origin Netherlands EU Platforms Mac Netherlands EU More about Viewdown Good alternative? Is Viewdown a good alternative to Marked ?	Viewdown is a Markdown viewer for Mac, designed for the best and fastest reading experience. It live-reloads on every save and jumps straight to what changed, whichever editor you prefer writing in.	in	R2: description names Markdown (application types: not shown)
alternativeto:Marked (AlternativeTo entry for Marked)	MDash	https://alternativeto.net/software/marked/?p=7 (list page; entry link not captured)	rank=79; page=7; Like; alternatives-listed-for-this-entry=not shown; license=Paid Proprietary Platforms Mac + 4 More about MDash Good alternative? Is MDash a good alternative to Marked ?	Write or paste Markdown — a ChatGPT answer, your notes, a whole thesis — and export a clean, print-ready PDF with smart page breaks and working links.	in	R2: description names Markdown (application types: not shown)
alternativeto:Glow	Typora	https://alternativeto.net/software/glow/ (list page; entry link not captured)	rank=1; page=1; 334 likes; alternatives-listed-for-this-entry=221; license=Paid Proprietary	A minimalist Markdown editor offering cross-platform synchronization, live preview, and seamless export/import in various formats like PDF, DOCX, and LaTeX. Features include distraction-free Focus and Typewriter modes, file management with tree and articles panels, and content organization through an outline panel.	in	R2: description names Markdown (application types: Text Editor / Note-taking)
alternativeto:Glow	ghostwriter	https://alternativeto.net/software/glow/ (list page; entry link not captured)	rank=2; page=1; 116 likes; alternatives-listed-for-this-entry=159; license=Free Open Source (GPL-3.0)	ghostwriter is a feature-rich text editor using Markdown syntax which makes it suitable for note-taking, document redaction, simple HTML website creation and much more.	in	R2: description names Markdown (application types: Text Editor / Note-taking)
alternativeto:Glow	MarkText	https://alternativeto.net/software/glow/ (list page; entry link not captured)	rank=3; page=1; 122 likes; alternatives-listed-for-this-entry=141; license=Free Open Source (MIT)	Open-source Markdown editor on Mac, Windows, and Linux offering real-time preview, clean interface, and various themes. Supports math expressions, exports HTML/PDF, allows image pasting, and more.	out	R1: description names Markdown but also a converter, linter, theme or snippet function
alternativeto:Glow	StackEdit	https://alternativeto.net/software/glow/ (list page; entry link not captured)	rank=4; page=1; 91 likes; alternatives-listed-for-this-entry=94; license=Free Open Source (Apache-2.0); alerts=Discontinued	Full-featured, open-source Markdown editor based on PageDown, the Markdown library used by Stack Overflow and the other Stack Exchange sites.	in	R2: description names Markdown (application types: Text Editor / Note-taking)
alternativeto:Glow	Hemingway Editor	https://alternativeto.net/software/glow/ (list page; entry link not captured)	rank=5; page=1; 58 likes; alternatives-listed-for-this-entry=178; license=Paid Proprietary	Hemingway App makes your writing bold and clear.	undecidable	R3: a notes, text or terminal tool whose description does not mention Markdown (application types: Text Editor)
alternativeto:Glow	Tenno	https://alternativeto.net/software/glow/ (list page; entry link not captured)	rank=6; page=1; 6 likes; alternatives-listed-for-this-entry=55; license=Free Proprietary	A live editable Markdown editor that lets you add cells like Excel. You can think of Tenno as a mix of Word and Excel with a touch of Obsidian, Markdown and JavaScript.	in	R2: description names Markdown (application types: Text Editor)
alternativeto:Glow	ReText	https://alternativeto.net/software/glow/ (list page; entry link not captured)	rank=7; page=1; 48 likes; alternatives-listed-for-this-entry=89; license=Free Open Source	ReText is a simple text editor for Markdown and reStructuredText documents with syntax highlighting and optional live preview.	in	R2: description names Markdown (application types: Text Editor)
alternativeto:Glow	Dillinger	https://alternativeto.net/software/glow/ (list page; entry link not captured)	rank=8; page=1; 11 likes; alternatives-listed-for-this-entry=98; license=Free Open Source Origin United States Platforms Online United States More about Dillinger Good alternative? Is Dillinger a good alternative to Glow ?	Dillinger is a cloud-enabled, mobile-ready, offline-storage, AngularJS powered HTML5 Markdown editor.	in	R2: description names Markdown (application types: not shown)
alternativeto:Glow	Marked	https://alternativeto.net/software/glow/ (list page; entry link not captured)	rank=9; page=1; 20 likes; alternatives-listed-for-this-entry=not shown; license=Paid Proprietary Origin United States Platforms Mac Google Chrome Safari Setapp Mozilla Firefox United States + 3 More about Marked Good alternative? Is Marked a good alternative to Glow ?	Native macOS tool for previewing Markdown and markup files, supporting local and iCloud documents, real-time updates, writing statistics, grammar and spelling checks, sentence complexity analysis, grade level, readability, export options, and easy workflow integration.	in	R2: description names Markdown (application types: not shown)
alternativeto:Glow	Haroopad	https://alternativeto.net/software/glow/ (list page; entry link not captured)	rank=10; page=1; 68 likes; alternatives-listed-for-this-entry=114; license=Free Open Source (GPL-3.0); alerts=Discontinued	Haroopad is a markdown enabled document processor for creating web-friendly documents. You can author various formats of documents such as blog article, slide, presentation, report, and e-mail as if experts did.	in	R2: description names Markdown (application types: Text Editor)
alternativeto:Glow	Caret Markdown Editor	https://alternativeto.net/software/glow/ (list page; entry link not captured)	rank=11; page=1; 18 likes; alternatives-listed-for-this-entry=not shown; license=Paid Proprietary; alerts=Discontinued	Caret is a Markdown editor for Mac, Windows and Linux.	in	R2: description names Markdown (application types: Text Editor)
alternativeto:Glow	MarkdownPad	https://alternativeto.net/software/glow/ (list page; entry link not captured)	rank=12; page=1; 63 likes; alternatives-listed-for-this-entry=not shown; license=Freemium Proprietary; alerts=Discontinued	MarkdownPad is a full-featured Markdown editor for Windows. Features:	in	R2: description names Markdown (application types: Text Editor)
alternativeto:Glow	Byword	https://alternativeto.net/software/glow/?p=2 (list page; entry link not captured)	rank=13; page=2; 53 likes; alternatives-listed-for-this-entry=167; license=Paid Proprietary Origin Portugal EU Platforms Mac iPhone iPad Portugal EU + 9 More about Byword Good alternative? Is Byword a good alternative to Glow ?	Byword is designed to make writing more enjoyable with Markdown on your Mac, iPhone and iPad.	in	R2: description names Markdown (application types: not shown)
alternativeto:Glow	Notepad App	https://alternativeto.net/software/glow/?p=2 (list page; entry link not captured)	rank=14; page=2; 2 likes; alternatives-listed-for-this-entry=not shown; license=Free Proprietary	A markdown-based notes app for macOS, with simplicity and moderation.	in	R2: description names Markdown (application types: Note-taking / Text Editor)
alternativeto:Glow	Zen Editor	https://alternativeto.net/software/glow/?p=2 (list page; entry link not captured)	rank=15; page=2; 1 like; alternatives-listed-for-this-entry=85; license=Free Proprietary	Zen by Unit is a free, minimal, fast, private writing app. Just open and use.	undecidable	R3: a notes, text or terminal tool whose description does not mention Markdown (application types: Text Editor)
alternativeto:Glow	MdCharm	https://alternativeto.net/software/glow/?p=2 (list page; entry link not captured)	rank=16; page=2; 7 likes; alternatives-listed-for-this-entry=not shown; license=Free Open Source (BSD-3-Clause) Alerts Discontinued Platforms Windows Linux More about MdCharm Good alternative? Is MdCharm a good alternative to Glow ?; alerts=Discontinued	MdCharm is a wiki editor written in Qt which supports markdown.	in	R2: description names Markdown (application types: not shown)
alternativeto:Glow	Elegant Markdown Editor	https://alternativeto.net/software/glow/?p=2 (list page; entry link not captured)	rank=17; page=2; 2 likes; alternatives-listed-for-this-entry=not shown; license=Free Open Source (MIT); alerts=Discontinued	Elegant Markdown Editor (EME) is an intuitive Markdown text editor with distraction-free mode, auto-sync for GitHub Gist, math typesetting support and more.	in	R2: description names Markdown (application types: Text Editor)
alternativeto:Glow	PHP Markdown	https://alternativeto.net/software/glow/?p=2 (list page; entry link not captured)	rank=18; page=2; 4 likes; alternatives-listed-for-this-entry=not shown; license=Free Open Source Origin Canada Platforms Mac Windows Linux Online Self-Hosted Good alternative? Is PHP Markdown a good alternative to Glow ?	PHP port of the Markdown text-to-HTML conversion tool for web writers.	in	R2: description names Markdown (application types: not shown)
alternativeto:Glow	Modern Markdown Editor	https://alternativeto.net/software/glow/?p=2 (list page; entry link not captured)	rank=19; page=2; 1 like; alternatives-listed-for-this-entry=not shown; license=Free Proprietary	Modern Markdown Editor is a sleek, minimal note-taking and writing platform that lets you create, edit, and organize your notes effortlessly using Markdown.	in	R2: description names Markdown (application types: Note-taking)
alternativeto:Glow	MarkRight	https://alternativeto.net/software/glow/?p=2 (list page; entry link not captured)	rank=20; page=2; 7 likes; alternatives-listed-for-this-entry=not shown; license=Free Open Source (GPL-3.0); alerts=Discontinued	MarkRight is a simple but very efficient Markdown editor built using Electron and ClojureScript. It uses a dual pane interface that lets you focus on the task of writing, while providing a live preview so you can instantly see the results.	in	R2: description names Markdown (application types: Text Editor)
alternativeto:Glow	Deepdwn	https://alternativeto.net/software/glow/?p=2 (list page; entry link not captured)	rank=21; page=2; 3 likes; alternatives-listed-for-this-entry=102; license=Paid Proprietary	Deepdwn is a markdown editing suite, designed to organize and edit collections of markdown files.	in	R2: description names Markdown (application types: Note-taking / Text Editor)
alternativeto:Glow	Pine Markdown Editor	https://alternativeto.net/software/glow/?p=2 (list page; entry link not captured)	rank=22; page=2; 5 likes; alternatives-listed-for-this-entry=not shown; license=Free Open Source Origin Australia Alerts Discontinued Platforms Mac Australia More about Pine Markdown Editor Good alternative? Is Pine Markdown Editor a good alternative to Glow ?; alerts=Discontinued	A modern macOS markdown editor - themeable, tabs, sidebar, GitHub flavored markdown, exporting, latex and more.	in	R2: description names Markdown (application types: not shown)
alternativeto:Glow	MWeb	https://alternativeto.net/software/glow/?p=2 (list page; entry link not captured)	rank=23; page=2; 10 likes; alternatives-listed-for-this-entry=not shown; license=Paid Proprietary Origin China Platforms Mac China More about MWeb Good alternative? Is MWeb a good alternative to Glow ?	MWeb can handle professional-level markdown with support for markdown extensions. It provides publishing to various social networks and blogging formats, as well as various preview themes.	out	R1: description names Markdown but also a converter, linter, theme or snippet function
alternativeto:Glow	Remarkable	https://alternativeto.net/software/glow/?p=2 (list page; entry link not captured)	rank=24; page=2; 15 likes; alternatives-listed-for-this-entry=65; license=Free Open Source (MIT) Alerts Discontinued Platforms Linux + 1 More about Remarkable Good alternative? Is Remarkable a good alternative to Glow ?; alerts=Discontinued	A fully featured markdown editor for Linux. Features include Live Preview, PDF/HTML export, MathJax support, Syntax highlighting, customizable, keyboard shortcuts, GFM, images, tables and much more.	in	R2: description names Markdown (application types: not shown)
alternativeto:Glow	Typewriter for Markdown	https://alternativeto.net/software/glow/?p=3 (list page; entry link not captured)	rank=25; page=3; 2 likes; alternatives-listed-for-this-entry=111; license=Free Proprietary Platforms Mac More about Typewriter for Markdown Good alternative? Is this a good alternative to Glow ?	A Markdown editor with syntax highlighting and live preview.	in	R2: description names Markdown (application types: not shown)
alternativeto:Glow	Marxico	https://alternativeto.net/software/glow/?p=3 (list page; entry link not captured)	rank=26; page=3; 8 likes; alternatives-listed-for-this-entry=not shown; license=Freemium Proprietary Platforms Mac Windows Google Chrome Evernote More about Marxico Good alternative? Is Marxico a good alternative to Glow ?	Marxico is a neat Markdown editor that features :	in	R2: description names Markdown (application types: not shown)
alternativeto:Glow	Editorially	https://alternativeto.net/software/glow/?p=3 (list page; entry link not captured)	rank=27; page=3; 5 likes; alternatives-listed-for-this-entry=not shown; license=Free Proprietary; alerts=Discontinued	Write. Rewrite. Share and discuss. Everything you need to make good writing great.	undecidable	R3: a notes, text or terminal tool whose description does not mention Markdown (application types: Text Editor)
alternativeto:Glow	MultiMarkdown Composer	https://alternativeto.net/software/glow/?p=3 (list page; entry link not captured)	rank=28; page=3; 9 likes; alternatives-listed-for-this-entry=not shown; license=Paid Proprietary	MultiMarkdown Composer is a text editor for Mac that is designed from the ground up around the MultiMarkdown Syntax. It is designed to make writing in MultiMarkdown even easier than it already is, with automatic syntax highlighting, built in previews, easy export to any format...	in	R2: description names Markdown (application types: Text Editor)
alternativeto:Glow	Blank Slate	https://alternativeto.net/software/glow/?p=3 (list page; entry link not captured)	rank=29; page=3; 1 like; alternatives-listed-for-this-entry=51; license=Free Proprietary Platforms Online More about Blank Slate Good alternative? Is Blank Slate a good alternative to Glow ?	Get thoughts down quick, do things with them later. Just start typing.	out	R4: neither Markdown nor a notes, text, writing or terminal tool in the description or application types (types: not shown)
alternativeto:Glow	CuteMarkEd	https://alternativeto.net/software/glow/?p=3 (list page; entry link not captured)	rank=30; page=3; 7 likes; alternatives-listed-for-this-entry=not shown; license=Free Open Source; alerts=Discontinued	A Qt-based, free and open source markdown editor with live HTML preview, math expressions, code and markdown syntax highlighting.	in	R2: description names Markdown (application types: Text Editor)
alternativeto:Glow	Classeur	https://alternativeto.net/software/glow/?p=3 (list page; entry link not captured)	rank=31; page=3; 6 likes; alternatives-listed-for-this-entry=not shown; license=Freemium Proprietary Alerts Discontinued Platforms Online Good alternative? Is Classeur a good alternative to Glow ?; alerts=Discontinued	Start writing notes, docs, and blogs quickly using Markdown.	in	R2: description names Markdown (application types: not shown)
alternativeto:Glow	Typewrite	https://alternativeto.net/software/glow/?p=3 (list page; entry link not captured)	rank=32; page=3; 8 likes; alternatives-listed-for-this-entry=not shown; license=Freemium Proprietary Platforms Online Good alternative? Is Typewrite a good alternative to Glow ?	Typewrite is a real-time collaborative writing environment with Markdown support, versioning and Dropbox syncing.	in	R2: description names Markdown (application types: not shown)
alternativeto:Glow	Texts.io	https://alternativeto.net/software/glow/?p=3 (list page; entry link not captured)	rank=33; page=3; 9 likes; alternatives-listed-for-this-entry=71; license=Free Proprietary; alerts=Discontinued	Advanced text editor tailored for creating structured documents. Leverages Markdown to differentiate content and formatting, ensuring streamlined editing and publishing to a multitude of formats.	in	R2: description names Markdown (application types: Text Editor)
alternativeto:Glow	PileMD	https://alternativeto.net/software/glow/?p=3 (list page; entry link not captured)	rank=34; page=3; 5 likes; alternatives-listed-for-this-entry=not shown; license=Free Proprietary; alerts=Discontinued	PileMd has a really beautiful Markdown Editor, looks like Preview. It's like a RichText Editor but it's actually Markdown, and it works like a word processor, complete with Undo/Redo histories, list completion and clickable urls.	in	R2: description names Markdown (application types: Note-taking)
alternativeto:Glow	Theorylog	https://alternativeto.net/software/glow/?p=3 (list page; entry link not captured)	rank=35; page=3; 3 likes; alternatives-listed-for-this-entry=not shown; license=Free Proprietary Platforms Online Software as a Service (SaaS) More about Theorylog Good alternative? Is Theorylog a good alternative to Glow ?	Write markdown documents with quickly accessible code snippets, mathematical equations and images and store them in the cloud to be accessed anywhere.	out	R1: description names Markdown but also a converter, linter, theme or snippet function
alternativeto:Glow	Yu Writer Pro	https://alternativeto.net/software/glow/?p=3 (list page; entry link not captured)	rank=36; page=3; 2 likes; alternatives-listed-for-this-entry=not shown; license=Freemium Proprietary Platforms Mac Windows More about Yu Writer Pro Good alternative? Is Yu Writer Pro a good alternative to Glow ?	Efficient cross-platform Markdown text editor.	in	R2: description names Markdown (application types: not shown)
alternativeto:Glow	Monod	https://alternativeto.net/software/glow/?p=4 (list page; entry link not captured)	rank=37; page=4; 3 likes; alternatives-listed-for-this-entry=not shown; license=Free Open Source (MIT); alerts=Discontinued	Monod was a secure and offline-first, React-based Markdown editor. Development has STOPPED and the app has been taken down.	in	R2: description names Markdown (application types: Text Editor)
alternativeto:Glow	Markdown Pro	https://alternativeto.net/software/glow/?p=4 (list page; entry link not captured)	rank=38; page=4; 2 likes; alternatives-listed-for-this-entry=not shown; license=Paid Proprietary	A beautiful and easy to use editor for the popular Markdown markup language, combined with a themed live preview feature, you will never have to write boring documents again.	in	R2: description names Markdown (application types: Text Editor)
alternativeto:Glow	Epsilon Notes	https://alternativeto.net/software/glow/?p=4 (list page; entry link not captured)	rank=39; page=4; 3 likes; alternatives-listed-for-this-entry=not shown; license=Freemium Proprietary Platforms Windows Android Good alternative? Is Epsilon Notes a good alternative to Glow ?	Epsilon Notes is a text editor for writing texts with Markdown-compatible CommonMark tags. Epsilon Notes can generate pdf and HTML code from your documents. CommonMark is an easy text formatting tool taking only a few minutes to learn, Runs on Android and Windows.	in	R2: description names Markdown (application types: not shown)
alternativeto:Glow	Write for Mac	https://alternativeto.net/software/glow/?p=4 (list page; entry link not captured)	rank=40; page=4; 4 likes; alternatives-listed-for-this-entry=not shown; license=Paid Proprietary Platforms Mac More about Write for Mac Good alternative? Is Write for Mac a good alternative to Glow ?	A clean & intuitive design focused on things that matter most - your notes! Write offers a well designed writing experience with beautiful inline markdown rendering and some gorgeous fonts. Add Folders from Anywhere.	in	R2: description names Markdown (application types: not shown)
alternativeto:Glow	MarkMyWords	https://alternativeto.net/software/glow/?p=4 (list page; entry link not captured)	rank=41; page=4; 4 likes; alternatives-listed-for-this-entry=41; license=Free Open Source; alerts=Discontinued	A minimal markdown editor in the eOS design.	in	R2: description names Markdown (application types: Text Editor)
alternativeto:Glow	Writage	https://alternativeto.net/software/glow/?p=4 (list page; entry link not captured)	rank=42; page=4; 2 likes; alternatives-listed-for-this-entry=not shown; license=Paid Proprietary Platforms Windows Microsoft Office Word W Good alternative? Is Writage a good alternative to Glow ?	Writage is a new add-in for Word, which enables to edit Markdown documents. Zero knowledge of Markdown is required in order to write structured documents. No need to remember markup for hyperlink or footnote, or how to format a table.	in	R2: description names Markdown (application types: not shown)
alternativeto:Glow	Markdown Life	https://alternativeto.net/software/glow/?p=4 (list page; entry link not captured)	rank=43; page=4; 2 likes; alternatives-listed-for-this-entry=54; license=Paid Proprietary	An elegant and easy to use editor with simplicity for the Markdown markup language. Markdown Life is able to use full power of your new Mac and brings you unprecedented performance.	in	R2: description names Markdown (application types: Note-taking)
alternativeto:Glow	Markie	https://alternativeto.net/software/glow/?p=4 (list page; entry link not captured)	rank=44; page=4; 1 like; alternatives-listed-for-this-entry=not shown; license=Free Open Source Alerts Discontinued Platforms Mac Windows Linux More about Markie Good alternative? Is Markie a good alternative to Glow ?; alerts=Discontinued	Markie is a wysiwyg editor for the markdown syntax written entirely in python with html preview of your own css.	in	R2: description names Markdown (application types: not shown)
alternativeto:Glow	Notal	https://alternativeto.net/software/glow/?p=4 (list page; entry link not captured)	rank=45; page=4; 1 like; alternatives-listed-for-this-entry=not shown; license=Free Proprietary Platforms Android More about Notal Good alternative? Is Notal a good alternative to Glow ?	Notal is a simple application that lets you take notes with Markdown style!	in	R2: description names Markdown (application types: not shown)
alternativeto:Glow	Erato	https://alternativeto.net/software/glow/?p=4 (list page; entry link not captured)	rank=46; page=4; 1 like; alternatives-listed-for-this-entry=not shown; license=Paid Proprietary Origin Sweden EU Platforms Mac Sweden EU More about Erato Good alternative? Is Erato a good alternative to Glow ?	Erato is a beautiful and simple Markdown editor for your Mac. It is fast, extremely easy to use and gets out of your way.	in	R2: description names Markdown (application types: not shown)
alternativeto:Glow	Writed	https://alternativeto.net/software/glow/?p=4 (list page; entry link not captured)	rank=47; page=4; 1 like; alternatives-listed-for-this-entry=56; license=Freemium Proprietary Platforms Mac More about Writed Good alternative? Is Writed a good alternative to Glow ?	Writed is a distraction free text editor that will help you type more in less time. Writed uses markdown* syntax to format your document in real time, keep both your hand on the keyboard and just type.	in	R2: description names Markdown (application types: not shown)
alternativeto:Glow	Easy Markdown	https://alternativeto.net/software/glow/?p=4 (list page; entry link not captured)	rank=48; page=4; Like; alternatives-listed-for-this-entry=not shown; license=Paid Proprietary Origin Italy EU Platforms Mac Italy EU More about Easy Markdown Good alternative? Is Easy Markdown a good alternative to Glow ?	Easy Markdown lets the user create web pages writing simple text using the Markdown rules to create readable well formatted text. A text written in Markdown is a simply text which looks correctly to humans as text and automatically translates in a correct web page.	in	R2: description names Markdown (application types: not shown)
alternativeto:Glow	MarkDrop	https://alternativeto.net/software/glow/?p=5 (list page; entry link not captured)	rank=49; page=5; Like; alternatives-listed-for-this-entry=not shown; license=Paid Proprietary Platforms Mac More about MarkDrop Good alternative? Is MarkDrop a good alternative to Glow ?	Markdown is a simple syntax built for writers who want to compose in an easy-to-write, easy-to-read format that can be converted to HTML. But the missing component up until now has been quickly uploading that HTML to a URL that can be easily shared with others.	in	R2: description names Markdown (application types: not shown)
alternativeto:Glow	MiniNote	https://alternativeto.net/software/glow/?p=5 (list page; entry link not captured)	rank=50; page=5; Like; alternatives-listed-for-this-entry=77; license=Free Open Source (MIT)	A simple Markdown note-taking editor.	in	R2: description names Markdown (application types: Text Editor)
alternativeto:Glow	MarkUpDown	https://alternativeto.net/software/glow/?p=5 (list page; entry link not captured)	rank=51; page=5; Like; alternatives-listed-for-this-entry=not shown; license=Paid Proprietary Platforms Windows + 3 More about MarkUpDown Good alternative? Is MarkUpDown a good alternative to Glow ? Ad Typora A minimalist Markdown editor offering cross-platform synchronization, live preview, and seamless export/import in various formats like PDF, DOCX, and LaTeX. Features include distraction-free Focus and Typewriter modes, file manag... https://typora.io Learn More	MarkUpDown is an editor specialized to make creating Markdown code easy for beginners and experts. With helpful toolbars for beginners, GitHub Flavored/Multimarkdown table support, and keystroke shortcuts & Easy Actions for the expert, MarkUpDown is ready to help anyone...	in	R2: description names Markdown (application types: not shown)
alternativeto:Glow	Evermark	https://alternativeto.net/software/glow/?p=5 (list page; entry link not captured)	rank=52; page=5; Like; alternatives-listed-for-this-entry=not shown; license=Free Proprietary Platforms iPhone iPad More about Evermark Good alternative? Is Evermark a good alternative to Glow ?	Evermark is a full-featured markdown editor for iOS.	in	R2: description names Markdown (application types: not shown)
