kind	comparable	rule or reason
split	MarkView -> MarkView (alternativeto:Typora, https://alternativeto.net/software/typora/?p=18 (list page; entry link not captured)) | MarkView (Snap Store, https://snapcraft.io/markdownviewer) | MarkView (Snap Store, https://snapcraft.io/markview-reader) | markview (Snap Store, https://snapcraft.io/markview)	merge joined several rows of the same list; a list row with its own store identifier is its own product, so each row becomes its own comparable
split	Copy as Markdown -> Copy as Markdown (chrome-web-store, https://chromewebstore.google.com/detail/fkeaekngjflipcockcnpobkpbbfbhmdn) | Copy as Markdown (chrome-web-store, https://chromewebstore.google.com/detail/nlaionblcaejecbkcillglodmmfhjhfi)	merge joined several rows of the same list; a list row with its own store identifier is its own product, so each row becomes its own comparable
split	MDReader: Markdown Editor -> MDReader: Markdown Editor (Mac App Store, https://apps.apple.com/us/app/mdreader-markdown-editor/id6795090587?uo=4) | MDReader - Markdown Viewer (Mac App Store, https://apps.apple.com/us/app/mdreader-markdown-viewer/id1457039485?mt=12&uo=4)	merge joined several rows of the same list; a list row with its own store identifier is its own product, so each row becomes its own comparable
split	md Viewer: Markdown -> md Viewer: Markdown (Mac App Store, https://apps.apple.com/us/app/md-viewer-markdown/id6806814038?uo=4) | MD Viewer: Markdown Viewer (Mac App Store, https://apps.apple.com/us/app/md-viewer-markdown-viewer/id6811154913?uo=4) | .md Viewer (Mac App Store, https://apps.apple.com/us/app/md-viewer/id6760727738?uo=4) | MD-Viewer (Mac App Store, https://apps.apple.com/us/app/md-viewer/id6752493034?mt=12&uo=4)	merge joined several rows of the same list; a list row with its own store identifier is its own product, so each row becomes its own comparable
split	solidity -> solidity (vscode, https://marketplace.visualstudio.com/items?itemName=JuanBlanco.solidity) | Solidity (vscode, https://marketplace.visualstudio.com/items?itemName=NomicFoundation.hardhat-solidity)	merge joined several rows of the same list; a list row with its own store identifier is its own product, so each row becomes its own comparable
split	MDX -> MDX (vscode, https://marketplace.visualstudio.com/items?itemName=unifiedjs.vscode-mdx) | MDX (deprecated) (vscode, https://marketplace.visualstudio.com/items?itemName=silvenon.mdx)	merge joined several rows of the same list; a list row with its own store identifier is its own product, so each row becomes its own comparable
split	Markdown Reader -> Markdown Reader (chrome-web-store, https://chromewebstore.google.com/detail/medapdbncneneejhbgcjceippjlfkmkg) split off	cross-list false join on a shared short name: Chrome extension, not the Mac App Store app Markdown Reader (Markora)
split	Marked -> marked (homebrew:formula, https://formulae.brew.sh/formula/marked) split off	cross-list false join on a shared short name: formula marked is a JavaScript Markdown parser, not the Marked app
split	Markdown Reader -> Markdown Reader ® (Mac App Store, https://apps.apple.com/us/app/markdown-reader/id6782747906?mt=12&uo=4) split off	cross-list false join on a shared short name: Mac App Store Markora app, not the Chrome extension Markdown Reader
split	Notes (PFA) -> Notes (Snap Store, https://snapcraft.io/notes) split off	cross-list false join on a shared short name: snap notes (notes-foss), not Privacy Friendly Notes
split	cmark -> cmark (tcl-wiki-markdown, https://wiki.tcl-lang.org/page/cmark) split off	cross-list false join on a shared short name: Tcl wrapper for CommonMark, not the C library cmark
split	ruff -> Ruff (vscode, https://marketplace.visualstudio.com/items?itemName=charliermarsh.ruff) split off	cross-list false join on a shared short name: VS Code Python linter extension, not the Tcl documentation package ruff
split	markdown-preview -> Preview (vscode, https://marketplace.visualstudio.com/items?itemName=searKing.preview-vscode) split off	cross-list false join on a shared short name: VS Code extension searKing.preview-vscode, not the Homebrew cask markdown-preview
split	Print(Notes) -> Print (vscode, https://marketplace.visualstudio.com/items?itemName=pdconsec.vscode-print) split off	cross-list false join on a shared short name: VS Code extension pdconsec.vscode-print, not Print(Notes)
split	Notes (PFA) -> Notes (vscode, https://marketplace.visualstudio.com/items?itemName=dionmunk.vscode-notes) split off	cross-list false join on a shared short name: VS Code extension dionmunk.vscode-notes, not Privacy Friendly Notes
split	Typora -> Typora (vscode, https://marketplace.visualstudio.com/items?itemName=cweijan.vscode-typora) split off	cross-list false join on a shared short name: VS Code extension cweijan.vscode-typora, not the Typora app
join	Apostrophe + ApostropheEditor/Apostrophe	flagged pair judged real: same name and the same described product
join	Bear + Bear: Markdown Notes	flagged pair judged real: same name and the same described product
join	Caliu + Caliu - Markdown Notes	flagged pair judged real: same name and the same described product
join	colamd + marswaveai/ColaMD	flagged pair judged real: same name and the same described product
join	MindForger + dvorka/mindforger	not flagged by the merge; repository name equals product name and the list descriptions coincide
join	Edmund + I7T5/Edmund	flagged pair judged real: same name and the same described product
join	Ferrite + OlaProeis/Ferrite	flagged pair judged real: same name and the same described product
join	Folio + ToolStack Folio	flagged pair judged real: same name and the same described product
join	Leaf Markdown Viewer + RivoLink/leaf	flagged pair judged real: same name and the same described product
join	Lockbook + Lockbook: Private Notes	flagged pair judged real: same name and the same described product
join	MacDown + MacDownApp/macdown	flagged pair judged real: same name and the same described product
join	MacDown 3000 + schuyler/macdown3000	not flagged by the merge; repository name equals product name and the list descriptions coincide
join	MarkEdit + MarkEdit-app/MarkEdit	flagged pair judged real: same name and the same described product
join	Markpad + sftwrdotdev/Markpad	flagged pair judged real: same name and the same described product
join	mdhero + vaibhav-kakde-in/mdhero	flagged pair judged real: same name and the same described product
join	mdSilo + mdSilo/mdSilo-app	flagged pair judged real: same name and the same described product
join	miaoyan + tw93/MiaoYan	flagged pair judged real: same name and the same described product
join	Monod + TailorDev/monod	flagged pair judged real: same name and the same described product
join	MultiMarkdown Composer + MultiMarkdown Composer 4	flagged pair judged real: same name and the same described product
join	MWeb + mweb-pro + MWeb - Markdown Writing, Notes	flagged pair judged real: same name and the same described product
join	qlmarkdown + sbarex/QLMarkdown	flagged pair judged real: same name and the same described product
join	ReText + retext-project/retext	flagged pair judged real: same name and the same described product
join	SoloMD + zhitongblog/solomd	flagged pair judged real: same name and the same described product
join	Tangent + Tangent Notes + suchnsuch/Tangent	flagged pair judged real: same name and the same described product
join	texts + Texts.io	flagged pair judged real: same name and the same described product
join	typora + typora@dev	two casks of one product (Homebrew coverage note)
join	Ulysses + Ulysses: Writing App	flagged pair judged real: same name and the same described product
join	Blank + Blank - A new writing-experience	flagged pair judged real: same name and the same described product
join	Marked + Marked 2 - Markdown Preview	flagged pair judged real: same name and the same described product
join	Dendron + dendronhq/dendron	flagged pair judged real: same name and the same described product
join	Foam + foambubble/foam	flagged pair judged real: same name and the same described product
join	Joplin + joplin-arnatious	joplin-arnatious is a repackaging of Joplin desktop
join	lookatme + d0c-s4vage/lookatme	not flagged by the merge; repository name equals product name and the list descriptions coincide
join	Marcdown + liyasthomas/marcdown	not flagged by the merge; repository name equals product name and the list descriptions coincide
join	Tinta + oipoistar/tinta	not flagged by the merge; repository name equals product name and the list descriptions coincide
join	OpenKnowledge + inkeep/open-knowledge	not flagged by the merge; repository name equals product name and the list descriptions coincide
join	Pine Markdown Editor + lukakerr/Pine	not flagged by the merge; repository name equals product name and the list descriptions coincide
join	Remarkable + jamiemcg/Remarkable	not flagged by the merge; repository name equals product name and the list descriptions coincide
join	NoteKit + blackhole89/notekit	not flagged by the merge; repository name equals product name and the list descriptions coincide
join	CuteMarkEd + cloose/CuteMarkEd	not flagged by the merge; repository name equals product name and the list descriptions coincide
join	panwriter + mb21/panwriter	not flagged by the merge; repository name equals product name and the list descriptions coincide
join	Marker + fabiocolacio/Marker	not flagged by the merge; repository name equals product name and the list descriptions coincide
join	Quilter + lainsce/quilter	not flagged by the merge; repository name equals product name and the list descriptions coincide
join	Rhyolite + lockedmutex/rhyolite	not flagged by the merge; repository name equals product name and the list descriptions coincide
join	Inkwell Markdown Editor + 4worlds4w-svg/inkwell	not flagged by the merge; same tagline
join	Markdown Reader + md-reader/md-reader	Chrome Markdown Reader and md-reader/md-reader carry the same tagline
resolution	Zettlr (alternativeto:Typora)	undecidable -> out, undecidable rule (frame-review section 4): in where the list text says it opens, reads, writes, edits, previews, renders or presents Markdown files or documents, or its description calls it a Markdown editor, viewer, reader, notebook, notes application or presenter; out where Markdown is only syntax, shortcuts or support, or not named
resolution	Beaver Notes (alternativeto:Typora)	undecidable -> out, undecidable rule (frame-review section 4): in where the list text says it opens, reads, writes, edits, previews, renders or presents Markdown files or documents, or its description calls it a Markdown editor, viewer, reader, notebook, notes application or presenter; out where Markdown is only syntax, shortcuts or support, or not named
eligibility	MarkText (alternativeto:Typora)	R1 struck: the blurb's subject is a Markdown application, not a converter, linter, theme or snippet tool; out -> in
eligibility	Trudido (alternativeto:Typora)	R1 struck: the blurb's subject is a Markdown application, not a converter, linter, theme or snippet tool; out -> in
resolution	Marknote (alternativeto:Typora)	undecidable -> out, undecidable rule (frame-review section 4): in where the list text says it opens, reads, writes, edits, previews, renders or presents Markdown files or documents, or its description calls it a Markdown editor, viewer, reader, notebook, notes application or presenter; out where Markdown is only syntax, shortcuts or support, or not named
eligibility	Ferrite (alternativeto:Typora)	R1 struck: the blurb's subject is a Markdown application, not a converter, linter, theme or snippet tool; out -> in
resolution	Ulysses (alternativeto:Typora)	undecidable -> out, undecidable rule (frame-review section 4): in where the list text says it opens, reads, writes, edits, previews, renders or presents Markdown files or documents, or its description calls it a Markdown editor, viewer, reader, notebook, notes application or presenter; out where Markdown is only syntax, shortcuts or support, or not named
resolution	Notefox (alternativeto:Typora)	undecidable -> out, undecidable rule (frame-review section 4): in where the list text says it opens, reads, writes, edits, previews, renders or presents Markdown files or documents, or its description calls it a Markdown editor, viewer, reader, notebook, notes application or presenter; out where Markdown is only syntax, shortcuts or support, or not named
eligibility	marka.md (alternativeto:Typora)	R1 struck: the blurb's subject is a Markdown application, not a converter, linter, theme or snippet tool; out -> in
resolution	acreom (alternativeto:Typora)	undecidable -> out, undecidable rule (frame-review section 4): in where the list text says it opens, reads, writes, edits, previews, renders or presents Markdown files or documents, or its description calls it a Markdown editor, viewer, reader, notebook, notes application or presenter; out where Markdown is only syntax, shortcuts or support, or not named
eligibility	Downright (alternativeto:Typora)	R1 struck: the blurb's subject is a Markdown application, not a converter, linter, theme or snippet tool; out -> in
resolution	Silverbullet (alternativeto:Typora)	undecidable -> out, undecidable rule (frame-review section 4): in where the list text says it opens, reads, writes, edits, previews, renders or presents Markdown files or documents, or its description calls it a Markdown editor, viewer, reader, notebook, notes application or presenter; out where Markdown is only syntax, shortcuts or support, or not named
resolution	Quoll Writer (alternativeto:Typora)	undecidable -> out, undecidable rule (frame-review section 4): in where the list text says it opens, reads, writes, edits, previews, renders or presents Markdown files or documents, or its description calls it a Markdown editor, viewer, reader, notebook, notes application or presenter; out where Markdown is only syntax, shortcuts or support, or not named
resolution	Memory (alternativeto:Typora)	undecidable -> out, undecidable rule (frame-review section 4): in where the list text says it opens, reads, writes, edits, previews, renders or presents Markdown files or documents, or its description calls it a Markdown editor, viewer, reader, notebook, notes application or presenter; out where Markdown is only syntax, shortcuts or support, or not named
resolution	WriteMonkey (alternativeto:Typora)	undecidable -> out, undecidable rule (frame-review section 4): in where the list text says it opens, reads, writes, edits, previews, renders or presents Markdown files or documents, or its description calls it a Markdown editor, viewer, reader, notebook, notes application or presenter; out where Markdown is only syntax, shortcuts or support, or not named
resolution	Roam Research (alternativeto:Typora)	undecidable -> out, undecidable rule (frame-review section 4): in where the list text says it opens, reads, writes, edits, previews, renders or presents Markdown files or documents, or its description calls it a Markdown editor, viewer, reader, notebook, notes application or presenter; out where Markdown is only syntax, shortcuts or support, or not named
eligibility	MarkEdit (alternativeto:Typora)	R1 struck: the blurb's subject is a Markdown application, not a converter, linter, theme or snippet tool; out -> in
eligibility	Daino Notes (alternativeto:Typora)	R1 struck: the blurb's subject is a Markdown application, not a converter, linter, theme or snippet tool; out -> in
resolution	Prime Draft (alternativeto:Typora)	undecidable -> out, undecidable rule (frame-review section 4): in where the list text says it opens, reads, writes, edits, previews, renders or presents Markdown files or documents, or its description calls it a Markdown editor, viewer, reader, notebook, notes application or presenter; out where Markdown is only syntax, shortcuts or support, or not named
resolution	Hemingway Editor (alternativeto:Typora)	undecidable -> out, undecidable rule (frame-review section 4): in where the list text says it opens, reads, writes, edits, previews, renders or presents Markdown files or documents, or its description calls it a Markdown editor, viewer, reader, notebook, notes application or presenter; out where Markdown is only syntax, shortcuts or support, or not named
resolution	Zenkit Hypernotes (alternativeto:Typora)	undecidable -> out, undecidable rule (frame-review section 4): in where the list text says it opens, reads, writes, edits, previews, renders or presents Markdown files or documents, or its description calls it a Markdown editor, viewer, reader, notebook, notes application or presenter; out where Markdown is only syntax, shortcuts or support, or not named
resolution	Paper - Writing App (alternativeto:Typora)	undecidable -> out, undecidable rule (frame-review section 4): in where the list text says it opens, reads, writes, edits, previews, renders or presents Markdown files or documents, or its description calls it a Markdown editor, viewer, reader, notebook, notes application or presenter; out where Markdown is only syntax, shortcuts or support, or not named
resolution	Inspire Writer (alternativeto:Typora)	undecidable -> out, undecidable rule (frame-review section 4): in where the list text says it opens, reads, writes, edits, previews, renders or presents Markdown files or documents, or its description calls it a Markdown editor, viewer, reader, notebook, notes application or presenter; out where Markdown is only syntax, shortcuts or support, or not named
resolution	Zotero Better Notes (alternativeto:Typora)	undecidable -> out, undecidable rule (frame-review section 4): in where the list text says it opens, reads, writes, edits, previews, renders or presents Markdown files or documents, or its description calls it a Markdown editor, viewer, reader, notebook, notes application or presenter; out where Markdown is only syntax, shortcuts or support, or not named
resolution	Prism Notes (alternativeto:Typora)	undecidable -> out, undecidable rule (frame-review section 4): in where the list text says it opens, reads, writes, edits, previews, renders or presents Markdown files or documents, or its description calls it a Markdown editor, viewer, reader, notebook, notes application or presenter; out where Markdown is only syntax, shortcuts or support, or not named
resolution	PrivateNotes (alternativeto:Typora)	undecidable -> out, undecidable rule (frame-review section 4): in where the list text says it opens, reads, writes, edits, previews, renders or presents Markdown files or documents, or its description calls it a Markdown editor, viewer, reader, notebook, notes application or presenter; out where Markdown is only syntax, shortcuts or support, or not named
resolution	Nota (Markdown) (alternativeto:Typora)	undecidable -> out, undecidable rule (frame-review section 4): in where the list text says it opens, reads, writes, edits, previews, renders or presents Markdown files or documents, or its description calls it a Markdown editor, viewer, reader, notebook, notes application or presenter; out where Markdown is only syntax, shortcuts or support, or not named
resolution	Zen Editor (alternativeto:Typora)	undecidable -> out, undecidable rule (frame-review section 4): in where the list text says it opens, reads, writes, edits, previews, renders or presents Markdown files or documents, or its description calls it a Markdown editor, viewer, reader, notebook, notes application or presenter; out where Markdown is only syntax, shortcuts or support, or not named
eligibility	MWeb (alternativeto:Typora)	R1 struck: the blurb's subject is a Markdown application, not a converter, linter, theme or snippet tool; out -> in
resolution	Notedrafts (alternativeto:Typora)	undecidable -> out, undecidable rule (frame-review section 4): in where the list text says it opens, reads, writes, edits, previews, renders or presents Markdown files or documents, or its description calls it a Markdown editor, viewer, reader, notebook, notes application or presenter; out where Markdown is only syntax, shortcuts or support, or not named
resolution	Quilter (alternativeto:Typora)	undecidable -> out, undecidable rule (frame-review section 4): in where the list text says it opens, reads, writes, edits, previews, renders or presents Markdown files or documents, or its description calls it a Markdown editor, viewer, reader, notebook, notes application or presenter; out where Markdown is only syntax, shortcuts or support, or not named
resolution	Effie: Write, Mindmap & Note (alternativeto:Typora)	undecidable -> out, undecidable rule (frame-review section 4): in where the list text says it opens, reads, writes, edits, previews, renders or presents Markdown files or documents, or its description calls it a Markdown editor, viewer, reader, notebook, notes application or presenter; out where Markdown is only syntax, shortcuts or support, or not named
resolution	scrutch (alternativeto:Typora)	undecidable -> out, undecidable rule (frame-review section 4): in where the list text says it opens, reads, writes, edits, previews, renders or presents Markdown files or documents, or its description calls it a Markdown editor, viewer, reader, notebook, notes application or presenter; out where Markdown is only syntax, shortcuts or support, or not named
eligibility	Versatil Markdown (alternativeto:Typora)	R1 struck: the blurb's subject is a Markdown application, not a converter, linter, theme or snippet tool; out -> in
resolution	Norka (alternativeto:Typora)	undecidable -> out, undecidable rule (frame-review section 4): in where the list text says it opens, reads, writes, edits, previews, renders or presents Markdown files or documents, or its description calls it a Markdown editor, viewer, reader, notebook, notes application or presenter; out where Markdown is only syntax, shortcuts or support, or not named
resolution	Unfriction (alternativeto:Typora)	undecidable -> out, undecidable rule (frame-review section 4): in where the list text says it opens, reads, writes, edits, previews, renders or presents Markdown files or documents, or its description calls it a Markdown editor, viewer, reader, notebook, notes application or presenter; out where Markdown is only syntax, shortcuts or support, or not named
resolution	Notabase (alternativeto:Typora)	undecidable -> out, undecidable rule (frame-review section 4): in where the list text says it opens, reads, writes, edits, previews, renders or presents Markdown files or documents, or its description calls it a Markdown editor, viewer, reader, notebook, notes application or presenter; out where Markdown is only syntax, shortcuts or support, or not named
eligibility	Marker (alternativeto:Typora)	R1 struck: the blurb's subject is a Markdown application, not a converter, linter, theme or snippet tool; out -> in
resolution	Minimal - Writing & Notes (alternativeto:Typora)	undecidable -> out, undecidable rule (frame-review section 4): in where the list text says it opens, reads, writes, edits, previews, renders or presents Markdown files or documents, or its description calls it a Markdown editor, viewer, reader, notebook, notes application or presenter; out where Markdown is only syntax, shortcuts or support, or not named
eligibility	Inkwell Markdown Editor (alternativeto:Typora)	R1 struck: the blurb's subject is a Markdown application, not a converter, linter, theme or snippet tool; out -> in
resolution	Calmly Writer (alternativeto:Typora)	undecidable -> out, undecidable rule (frame-review section 4): in where the list text says it opens, reads, writes, edits, previews, renders or presents Markdown files or documents, or its description calls it a Markdown editor, viewer, reader, notebook, notes application or presenter; out where Markdown is only syntax, shortcuts or support, or not named
resolution	ZenWriter (alternativeto:Typora)	undecidable -> out, undecidable rule (frame-review section 4): in where the list text says it opens, reads, writes, edits, previews, renders or presents Markdown files or documents, or its description calls it a Markdown editor, viewer, reader, notebook, notes application or presenter; out where Markdown is only syntax, shortcuts or support, or not named
resolution	Tiddly Research (alternativeto:Typora)	undecidable -> out, undecidable rule (frame-review section 4): in where the list text says it opens, reads, writes, edits, previews, renders or presents Markdown files or documents, or its description calls it a Markdown editor, viewer, reader, notebook, notes application or presenter; out where Markdown is only syntax, shortcuts or support, or not named
resolution	uFocus (alternativeto:Typora)	undecidable -> out, undecidable rule (frame-review section 4): in where the list text says it opens, reads, writes, edits, previews, renders or presents Markdown files or documents, or its description calls it a Markdown editor, viewer, reader, notebook, notes application or presenter; out where Markdown is only syntax, shortcuts or support, or not named
resolution	Ivirius Text Editor (alternativeto:Typora)	undecidable -> out, undecidable rule (frame-review section 4): in where the list text says it opens, reads, writes, edits, previews, renders or presents Markdown files or documents, or its description calls it a Markdown editor, viewer, reader, notebook, notes application or presenter; out where Markdown is only syntax, shortcuts or support, or not named
resolution	Beegit (alternativeto:Typora)	undecidable -> out, undecidable rule (frame-review section 4): in where the list text says it opens, reads, writes, edits, previews, renders or presents Markdown files or documents, or its description calls it a Markdown editor, viewer, reader, notebook, notes application or presenter; out where Markdown is only syntax, shortcuts or support, or not named
resolution	FoxyNotes (alternativeto:Typora)	undecidable -> out, undecidable rule (frame-review section 4): in where the list text says it opens, reads, writes, edits, previews, renders or presents Markdown files or documents, or its description calls it a Markdown editor, viewer, reader, notebook, notes application or presenter; out where Markdown is only syntax, shortcuts or support, or not named
resolution	Buho (alternativeto:Typora)	undecidable -> out, undecidable rule (frame-review section 4): in where the list text says it opens, reads, writes, edits, previews, renders or presents Markdown files or documents, or its description calls it a Markdown editor, viewer, reader, notebook, notes application or presenter; out where Markdown is only syntax, shortcuts or support, or not named
resolution	NoteSR (alternativeto:Typora)	undecidable -> out, undecidable rule (frame-review section 4): in where the list text says it opens, reads, writes, edits, previews, renders or presents Markdown files or documents, or its description calls it a Markdown editor, viewer, reader, notebook, notes application or presenter; out where Markdown is only syntax, shortcuts or support, or not named
resolution	Cold Turkey Writer (alternativeto:Typora)	undecidable -> out, undecidable rule (frame-review section 4): in where the list text says it opens, reads, writes, edits, previews, renders or presents Markdown files or documents, or its description calls it a Markdown editor, viewer, reader, notebook, notes application or presenter; out where Markdown is only syntax, shortcuts or support, or not named
resolution	Enso - Write now,  edit later. (alternativeto:Typora)	undecidable -> out, undecidable rule (frame-review section 4): in where the list text says it opens, reads, writes, edits, previews, renders or presents Markdown files or documents, or its description calls it a Markdown editor, viewer, reader, notebook, notes application or presenter; out where Markdown is only syntax, shortcuts or support, or not named
resolution	Nottodbox (alternativeto:Typora)	undecidable -> out, undecidable rule (frame-review section 4): in where the list text says it opens, reads, writes, edits, previews, renders or presents Markdown files or documents, or its description calls it a Markdown editor, viewer, reader, notebook, notes application or presenter; out where Markdown is only syntax, shortcuts or support, or not named
resolution	The Archive (alternativeto:Typora)	undecidable -> out, undecidable rule (frame-review section 4): in where the list text says it opens, reads, writes, edits, previews, renders or presents Markdown files or documents, or its description calls it a Markdown editor, viewer, reader, notebook, notes application or presenter; out where Markdown is only syntax, shortcuts or support, or not named
resolution	ZenWriter Online (alternativeto:Typora)	undecidable -> out, undecidable rule (frame-review section 4): in where the list text says it opens, reads, writes, edits, previews, renders or presents Markdown files or documents, or its description calls it a Markdown editor, viewer, reader, notebook, notes application or presenter; out where Markdown is only syntax, shortcuts or support, or not named
resolution	OmmWriter (alternativeto:Typora)	undecidable -> out, undecidable rule (frame-review section 4): in where the list text says it opens, reads, writes, edits, previews, renders or presents Markdown files or documents, or its description calls it a Markdown editor, viewer, reader, notebook, notes application or presenter; out where Markdown is only syntax, shortcuts or support, or not named
resolution	Notes (PFA) (alternativeto:Typora)	undecidable -> out, undecidable rule (frame-review section 4): in where the list text says it opens, reads, writes, edits, previews, renders or presents Markdown files or documents, or its description calls it a Markdown editor, viewer, reader, notebook, notes application or presenter; out where Markdown is only syntax, shortcuts or support, or not named
resolution	Dark Note (alternativeto:Typora)	undecidable -> out, undecidable rule (frame-review section 4): in where the list text says it opens, reads, writes, edits, previews, renders or presents Markdown files or documents, or its description calls it a Markdown editor, viewer, reader, notebook, notes application or presenter; out where Markdown is only syntax, shortcuts or support, or not named
eligibility	(Un)colored (alternativeto:Typora)	R1 struck: the blurb's subject is a Markdown application, not a converter, linter, theme or snippet tool; out -> in
eligibility	Theorylog (alternativeto:Typora)	R1 struck: the blurb's subject is a Markdown application, not a converter, linter, theme or snippet tool; out -> in
resolution	Idaesbasic (alternativeto:Typora)	undecidable -> out, undecidable rule (frame-review section 4): in where the list text says it opens, reads, writes, edits, previews, renders or presents Markdown files or documents, or its description calls it a Markdown editor, viewer, reader, notebook, notes application or presenter; out where Markdown is only syntax, shortcuts or support, or not named
resolution	WeNote (alternativeto:Typora)	undecidable -> out, undecidable rule (frame-review section 4): in where the list text says it opens, reads, writes, edits, previews, renders or presents Markdown files or documents, or its description calls it a Markdown editor, viewer, reader, notebook, notes application or presenter; out where Markdown is only syntax, shortcuts or support, or not named
resolution	Editorially (alternativeto:Typora)	undecidable -> out, undecidable rule (frame-review section 4): in where the list text says it opens, reads, writes, edits, previews, renders or presents Markdown files or documents, or its description calls it a Markdown editor, viewer, reader, notebook, notes application or presenter; out where Markdown is only syntax, shortcuts or support, or not named
resolution	TowPad (alternativeto:Typora)	undecidable -> out, undecidable rule (frame-review section 4): in where the list text says it opens, reads, writes, edits, previews, renders or presents Markdown files or documents, or its description calls it a Markdown editor, viewer, reader, notebook, notes application or presenter; out where Markdown is only syntax, shortcuts or support, or not named
resolution	WriteDown (alternativeto:Typora)	undecidable -> out, undecidable rule (frame-review section 4): in where the list text says it opens, reads, writes, edits, previews, renders or presents Markdown files or documents, or its description calls it a Markdown editor, viewer, reader, notebook, notes application or presenter; out where Markdown is only syntax, shortcuts or support, or not named
eligibility	SpringNotes (alternativeto:Typora)	R1 struck: the blurb's subject is a Markdown application, not a converter, linter, theme or snippet tool; out -> in
resolution	SSuite NoteBook Editor (alternativeto:Typora)	undecidable -> out, undecidable rule (frame-review section 4): in where the list text says it opens, reads, writes, edits, previews, renders or presents Markdown files or documents, or its description calls it a Markdown editor, viewer, reader, notebook, notes application or presenter; out where Markdown is only syntax, shortcuts or support, or not named
resolution	Curiota (alternativeto:Typora)	undecidable -> out, undecidable rule (frame-review section 4): in where the list text says it opens, reads, writes, edits, previews, renders or presents Markdown files or documents, or its description calls it a Markdown editor, viewer, reader, notebook, notes application or presenter; out where Markdown is only syntax, shortcuts or support, or not named
resolution	Organizedly (alternativeto:Typora)	undecidable -> out, undecidable rule (frame-review section 4): in where the list text says it opens, reads, writes, edits, previews, renders or presents Markdown files or documents, or its description calls it a Markdown editor, viewer, reader, notebook, notes application or presenter; out where Markdown is only syntax, shortcuts or support, or not named
resolution	Govel (alternativeto:Typora)	undecidable -> out, undecidable rule (frame-review section 4): in where the list text says it opens, reads, writes, edits, previews, renders or presents Markdown files or documents, or its description calls it a Markdown editor, viewer, reader, notebook, notes application or presenter; out where Markdown is only syntax, shortcuts or support, or not named
resolution	Solo Notes (alternativeto:Typora)	undecidable -> out, undecidable rule (frame-review section 4): in where the list text says it opens, reads, writes, edits, previews, renders or presents Markdown files or documents, or its description calls it a Markdown editor, viewer, reader, notebook, notes application or presenter; out where Markdown is only syntax, shortcuts or support, or not named
resolution	Notah AI (alternativeto:Typora)	undecidable -> out, undecidable rule (frame-review section 4): in where the list text says it opens, reads, writes, edits, previews, renders or presents Markdown files or documents, or its description calls it a Markdown editor, viewer, reader, notebook, notes application or presenter; out where Markdown is only syntax, shortcuts or support, or not named
resolution	Writeopia (alternativeto:Typora)	undecidable -> out, undecidable rule (frame-review section 4): in where the list text says it opens, reads, writes, edits, previews, renders or presents Markdown files or documents, or its description calls it a Markdown editor, viewer, reader, notebook, notes application or presenter; out where Markdown is only syntax, shortcuts or support, or not named
resolution	Qilin Editor (alternativeto:Typora)	undecidable -> out, undecidable rule (frame-review section 4): in where the list text says it opens, reads, writes, edits, previews, renders or presents Markdown files or documents, or its description calls it a Markdown editor, viewer, reader, notebook, notes application or presenter; out where Markdown is only syntax, shortcuts or support, or not named
resolution	Desk (alternativeto:Typora)	undecidable -> out, undecidable rule (frame-review section 4): in where the list text says it opens, reads, writes, edits, previews, renders or presents Markdown files or documents, or its description calls it a Markdown editor, viewer, reader, notebook, notes application or presenter; out where Markdown is only syntax, shortcuts or support, or not named
resolution	FuzPad (alternativeto:Typora)	undecidable -> out, undecidable rule (frame-review section 4): in where the list text says it opens, reads, writes, edits, previews, renders or presents Markdown files or documents, or its description calls it a Markdown editor, viewer, reader, notebook, notes application or presenter; out where Markdown is only syntax, shortcuts or support, or not named
resolution	Windi (alternativeto:Typora)	undecidable -> out, undecidable rule (frame-review section 4): in where the list text says it opens, reads, writes, edits, previews, renders or presents Markdown files or documents, or its description calls it a Markdown editor, viewer, reader, notebook, notes application or presenter; out where Markdown is only syntax, shortcuts or support, or not named
resolution	AsciidocFX (alternativeto:Typora)	undecidable -> out, undecidable rule (frame-review section 4): in where the list text says it opens, reads, writes, edits, previews, renders or presents Markdown files or documents, or its description calls it a Markdown editor, viewer, reader, notebook, notes application or presenter; out where Markdown is only syntax, shortcuts or support, or not named
resolution	Skrifa (alternativeto:Typora)	undecidable -> out, undecidable rule (frame-review section 4): in where the list text says it opens, reads, writes, edits, previews, renders or presents Markdown files or documents, or its description calls it a Markdown editor, viewer, reader, notebook, notes application or presenter; out where Markdown is only syntax, shortcuts or support, or not named
resolution	ERA (alternativeto:Typora)	undecidable -> out, undecidable rule (frame-review section 4): in where the list text says it opens, reads, writes, edits, previews, renders or presents Markdown files or documents, or its description calls it a Markdown editor, viewer, reader, notebook, notes application or presenter; out where Markdown is only syntax, shortcuts or support, or not named
resolution	Ballistic (alternativeto:Typora)	undecidable -> out, undecidable rule (frame-review section 4): in where the list text says it opens, reads, writes, edits, previews, renders or presents Markdown files or documents, or its description calls it a Markdown editor, viewer, reader, notebook, notes application or presenter; out where Markdown is only syntax, shortcuts or support, or not named
resolution	Soma AI Notes (alternativeto:Typora)	undecidable -> out, undecidable rule (frame-review section 4): in where the list text says it opens, reads, writes, edits, previews, renders or presents Markdown files or documents, or its description calls it a Markdown editor, viewer, reader, notebook, notes application or presenter; out where Markdown is only syntax, shortcuts or support, or not named
resolution	Tolstoy Compose (alternativeto:Typora)	undecidable -> out, undecidable rule (frame-review section 4): in where the list text says it opens, reads, writes, edits, previews, renders or presents Markdown files or documents, or its description calls it a Markdown editor, viewer, reader, notebook, notes application or presenter; out where Markdown is only syntax, shortcuts or support, or not named
resolution	Strokes (alternativeto:Typora)	undecidable -> out, undecidable rule (frame-review section 4): in where the list text says it opens, reads, writes, edits, previews, renders or presents Markdown files or documents, or its description calls it a Markdown editor, viewer, reader, notebook, notes application or presenter; out where Markdown is only syntax, shortcuts or support, or not named
resolution	Nodes App (alternativeto:Typora)	undecidable -> out, undecidable rule (frame-review section 4): in where the list text says it opens, reads, writes, edits, previews, renders or presents Markdown files or documents, or its description calls it a Markdown editor, viewer, reader, notebook, notes application or presenter; out where Markdown is only syntax, shortcuts or support, or not named
resolution	Chat Notes (alternativeto:Typora)	undecidable -> out, undecidable rule (frame-review section 4): in where the list text says it opens, reads, writes, edits, previews, renders or presents Markdown files or documents, or its description calls it a Markdown editor, viewer, reader, notebook, notes application or presenter; out where Markdown is only syntax, shortcuts or support, or not named
eligibility	MarkView (alternativeto:Typora)	R1 struck: the blurb's subject is a Markdown application, not a converter, linter, theme or snippet tool; out -> in
resolution	NoteDiscovery (alternativeto:Typora)	undecidable -> out, undecidable rule (frame-review section 4): in where the list text says it opens, reads, writes, edits, previews, renders or presents Markdown files or documents, or its description calls it a Markdown editor, viewer, reader, notebook, notes application or presenter; out where Markdown is only syntax, shortcuts or support, or not named
resolution	Protowords (alternativeto:Typora)	undecidable -> out, undecidable rule (frame-review section 4): in where the list text says it opens, reads, writes, edits, previews, renders or presents Markdown files or documents, or its description calls it a Markdown editor, viewer, reader, notebook, notes application or presenter; out where Markdown is only syntax, shortcuts or support, or not named
resolution	freewrite (alternativeto:Typora)	undecidable -> out, undecidable rule (frame-review section 4): in where the list text says it opens, reads, writes, edits, previews, renders or presents Markdown files or documents, or its description calls it a Markdown editor, viewer, reader, notebook, notes application or presenter; out where Markdown is only syntax, shortcuts or support, or not named
resolution	Anotalos (alternativeto:Typora)	undecidable -> out, undecidable rule (frame-review section 4): in where the list text says it opens, reads, writes, edits, previews, renders or presents Markdown files or documents, or its description calls it a Markdown editor, viewer, reader, notebook, notes application or presenter; out where Markdown is only syntax, shortcuts or support, or not named
resolution	Zettlr (alternativeto:Obsidian)	undecidable -> out, undecidable rule (frame-review section 4): in where the list text says it opens, reads, writes, edits, previews, renders or presents Markdown files or documents, or its description calls it a Markdown editor, viewer, reader, notebook, notes application or presenter; out where Markdown is only syntax, shortcuts or support, or not named
resolution	sNotes – Students Notes (alternativeto:Obsidian)	undecidable -> out, undecidable rule (frame-review section 4): in where the list text says it opens, reads, writes, edits, previews, renders or presents Markdown files or documents, or its description calls it a Markdown editor, viewer, reader, notebook, notes application or presenter; out where Markdown is only syntax, shortcuts or support, or not named
resolution	Notion (alternativeto:Obsidian)	undecidable -> out, undecidable rule (frame-review section 4): in where the list text says it opens, reads, writes, edits, previews, renders or presents Markdown files or documents, or its description calls it a Markdown editor, viewer, reader, notebook, notes application or presenter; out where Markdown is only syntax, shortcuts or support, or not named
resolution	Standard Notes (alternativeto:Obsidian)	undecidable -> out, undecidable rule (frame-review section 4): in where the list text says it opens, reads, writes, edits, previews, renders or presents Markdown files or documents, or its description calls it a Markdown editor, viewer, reader, notebook, notes application or presenter; out where Markdown is only syntax, shortcuts or support, or not named
resolution	Microsoft OneNote (alternativeto:Obsidian)	undecidable -> out, undecidable rule (frame-review section 4): in where the list text says it opens, reads, writes, edits, previews, renders or presents Markdown files or documents, or its description calls it a Markdown editor, viewer, reader, notebook, notes application or presenter; out where Markdown is only syntax, shortcuts or support, or not named
resolution	AppFlowy (alternativeto:Obsidian)	undecidable -> out, undecidable rule (frame-review section 4): in where the list text says it opens, reads, writes, edits, previews, renders or presents Markdown files or documents, or its description calls it a Markdown editor, viewer, reader, notebook, notes application or presenter; out where Markdown is only syntax, shortcuts or support, or not named
resolution	Google Keep (alternativeto:Obsidian)	undecidable -> out, undecidable rule (frame-review section 4): in where the list text says it opens, reads, writes, edits, previews, renders or presents Markdown files or documents, or its description calls it a Markdown editor, viewer, reader, notebook, notes application or presenter; out where Markdown is only syntax, shortcuts or support, or not named
resolution	Zim (alternativeto:Obsidian)	undecidable -> out, undecidable rule (frame-review section 4): in where the list text says it opens, reads, writes, edits, previews, renders or presents Markdown files or documents, or its description calls it a Markdown editor, viewer, reader, notebook, notes application or presenter; out where Markdown is only syntax, shortcuts or support, or not named
resolution	Trilium Notes (alternativeto:Obsidian)	undecidable -> out, undecidable rule (frame-review section 4): in where the list text says it opens, reads, writes, edits, previews, renders or presents Markdown files or documents, or its description calls it a Markdown editor, viewer, reader, notebook, notes application or presenter; out where Markdown is only syntax, shortcuts or support, or not named
resolution	CherryTree (alternativeto:Obsidian)	undecidable -> out, undecidable rule (frame-review section 4): in where the list text says it opens, reads, writes, edits, previews, renders or presents Markdown files or documents, or its description calls it a Markdown editor, viewer, reader, notebook, notes application or presenter; out where Markdown is only syntax, shortcuts or support, or not named
resolution	GNU Emacs (alternativeto:Obsidian)	undecidable -> out, undecidable rule (frame-review section 4): in where the list text says it opens, reads, writes, edits, previews, renders or presents Markdown files or documents, or its description calls it a Markdown editor, viewer, reader, notebook, notes application or presenter; out where Markdown is only syntax, shortcuts or support, or not named
resolution	Beaver Notes (alternativeto:Obsidian)	undecidable -> out, undecidable rule (frame-review section 4): in where the list text says it opens, reads, writes, edits, previews, renders or presents Markdown files or documents, or its description calls it a Markdown editor, viewer, reader, notebook, notes application or presenter; out where Markdown is only syntax, shortcuts or support, or not named
resolution	PrivacyNotes (alternativeto:Obsidian)	undecidable -> out, undecidable rule (frame-review section 4): in where the list text says it opens, reads, writes, edits, previews, renders or presents Markdown files or documents, or its description calls it a Markdown editor, viewer, reader, notebook, notes application or presenter; out where Markdown is only syntax, shortcuts or support, or not named
resolution	Docmost (alternativeto:Obsidian)	undecidable -> out, undecidable rule (frame-review section 4): in where the list text says it opens, reads, writes, edits, previews, renders or presents Markdown files or documents, or its description calls it a Markdown editor, viewer, reader, notebook, notes application or presenter; out where Markdown is only syntax, shortcuts or support, or not named
resolution	Deta Surf (alternativeto:Obsidian)	undecidable -> out, undecidable rule (frame-review section 4): in where the list text says it opens, reads, writes, edits, previews, renders or presents Markdown files or documents, or its description calls it a Markdown editor, viewer, reader, notebook, notes application or presenter; out where Markdown is only syntax, shortcuts or support, or not named
resolution	RemNote (alternativeto:Obsidian)	undecidable -> out, undecidable rule (frame-review section 4): in where the list text says it opens, reads, writes, edits, previews, renders or presents Markdown files or documents, or its description calls it a Markdown editor, viewer, reader, notebook, notes application or presenter; out where Markdown is only syntax, shortcuts or support, or not named
eligibility	jotty·page (alternativeto:Obsidian)	R1 struck: the blurb's subject is a Markdown application, not a converter, linter, theme or snippet tool; out -> in
eligibility	Trudido (alternativeto:Obsidian)	R1 struck: the blurb's subject is a Markdown application, not a converter, linter, theme or snippet tool; out -> in
resolution	Lockbook (alternativeto:Obsidian)	undecidable -> out, undecidable rule (frame-review section 4): in where the list text says it opens, reads, writes, edits, previews, renders or presents Markdown files or documents, or its description calls it a Markdown editor, viewer, reader, notebook, notes application or presenter; out where Markdown is only syntax, shortcuts or support, or not named
resolution	La Suite Docs (alternativeto:Obsidian)	undecidable -> out, undecidable rule (frame-review section 4): in where the list text says it opens, reads, writes, edits, previews, renders or presents Markdown files or documents, or its description calls it a Markdown editor, viewer, reader, notebook, notes application or presenter; out where Markdown is only syntax, shortcuts or support, or not named
resolution	Foam (alternativeto:Obsidian)	undecidable -> out, undecidable rule (frame-review section 4): in where the list text says it opens, reads, writes, edits, previews, renders or presents Markdown files or documents, or its description calls it a Markdown editor, viewer, reader, notebook, notes application or presenter; out where Markdown is only syntax, shortcuts or support, or not named
resolution	DeepNotes (alternativeto:Obsidian)	undecidable -> out, undecidable rule (frame-review section 4): in where the list text says it opens, reads, writes, edits, previews, renders or presents Markdown files or documents, or its description calls it a Markdown editor, viewer, reader, notebook, notes application or presenter; out where Markdown is only syntax, shortcuts or support, or not named
resolution	Anchor (alternativeto:Obsidian)	undecidable -> out, undecidable rule (frame-review section 4): in where the list text says it opens, reads, writes, edits, previews, renders or presents Markdown files or documents, or its description calls it a Markdown editor, viewer, reader, notebook, notes application or presenter; out where Markdown is only syntax, shortcuts or support, or not named
resolution	Marknote (alternativeto:Obsidian)	undecidable -> out, undecidable rule (frame-review section 4): in where the list text says it opens, reads, writes, edits, previews, renders or presents Markdown files or documents, or its description calls it a Markdown editor, viewer, reader, notebook, notes application or presenter; out where Markdown is only syntax, shortcuts or support, or not named
resolution	Capacities (alternativeto:Obsidian)	undecidable -> out, undecidable rule (frame-review section 4): in where the list text says it opens, reads, writes, edits, previews, renders or presents Markdown files or documents, or its description calls it a Markdown editor, viewer, reader, notebook, notes application or presenter; out where Markdown is only syntax, shortcuts or support, or not named
resolution	Nuclino (alternativeto:Obsidian)	undecidable -> out, undecidable rule (frame-review section 4): in where the list text says it opens, reads, writes, edits, previews, renders or presents Markdown files or documents, or its description calls it a Markdown editor, viewer, reader, notebook, notes application or presenter; out where Markdown is only syntax, shortcuts or support, or not named
resolution	Craft (alternativeto:Obsidian)	undecidable -> out, undecidable rule (frame-review section 4): in where the list text says it opens, reads, writes, edits, previews, renders or presents Markdown files or documents, or its description calls it a Markdown editor, viewer, reader, notebook, notes application or presenter; out where Markdown is only syntax, shortcuts or support, or not named
resolution	Tangent Notes (alternativeto:Obsidian)	undecidable -> out, undecidable rule (frame-review section 4): in where the list text says it opens, reads, writes, edits, previews, renders or presents Markdown files or documents, or its description calls it a Markdown editor, viewer, reader, notebook, notes application or presenter; out where Markdown is only syntax, shortcuts or support, or not named
resolution	Roam Research (alternativeto:Obsidian)	undecidable -> out, undecidable rule (frame-review section 4): in where the list text says it opens, reads, writes, edits, previews, renders or presents Markdown files or documents, or its description calls it a Markdown editor, viewer, reader, notebook, notes application or presenter; out where Markdown is only syntax, shortcuts or support, or not named
resolution	EasyNotes (alternativeto:Obsidian)	undecidable -> out, undecidable rule (frame-review section 4): in where the list text says it opens, reads, writes, edits, previews, renders or presents Markdown files or documents, or its description calls it a Markdown editor, viewer, reader, notebook, notes application or presenter; out where Markdown is only syntax, shortcuts or support, or not named
resolution	Notefox (alternativeto:Obsidian)	undecidable -> out, undecidable rule (frame-review section 4): in where the list text says it opens, reads, writes, edits, previews, renders or presents Markdown files or documents, or its description calls it a Markdown editor, viewer, reader, notebook, notes application or presenter; out where Markdown is only syntax, shortcuts or support, or not named
resolution	XWiki (alternativeto:Obsidian)	undecidable -> out, undecidable rule (frame-review section 4): in where the list text says it opens, reads, writes, edits, previews, renders or presents Markdown files or documents, or its description calls it a Markdown editor, viewer, reader, notebook, notes application or presenter; out where Markdown is only syntax, shortcuts or support, or not named
resolution	DEVONthink (alternativeto:Obsidian)	undecidable -> out, undecidable rule (frame-review section 4): in where the list text says it opens, reads, writes, edits, previews, renders or presents Markdown files or documents, or its description calls it a Markdown editor, viewer, reader, notebook, notes application or presenter; out where Markdown is only syntax, shortcuts or support, or not named
resolution	UpNote (alternativeto:Obsidian)	undecidable -> out, undecidable rule (frame-review section 4): in where the list text says it opens, reads, writes, edits, previews, renders or presents Markdown files or documents, or its description calls it a Markdown editor, viewer, reader, notebook, notes application or presenter; out where Markdown is only syntax, shortcuts or support, or not named
resolution	WriteOn (alternativeto:Obsidian)	undecidable -> out, undecidable rule (frame-review section 4): in where the list text says it opens, reads, writes, edits, previews, renders or presents Markdown files or documents, or its description calls it a Markdown editor, viewer, reader, notebook, notes application or presenter; out where Markdown is only syntax, shortcuts or support, or not named
resolution	acreom (alternativeto:Obsidian)	undecidable -> out, undecidable rule (frame-review section 4): in where the list text says it opens, reads, writes, edits, previews, renders or presents Markdown files or documents, or its description calls it a Markdown editor, viewer, reader, notebook, notes application or presenter; out where Markdown is only syntax, shortcuts or support, or not named
resolution	Mimiri Notes (alternativeto:Obsidian)	undecidable -> out, undecidable rule (frame-review section 4): in where the list text says it opens, reads, writes, edits, previews, renders or presents Markdown files or documents, or its description calls it a Markdown editor, viewer, reader, notebook, notes application or presenter; out where Markdown is only syntax, shortcuts or support, or not named
resolution	Microsoft Loop (alternativeto:Obsidian)	undecidable -> out, undecidable rule (frame-review section 4): in where the list text says it opens, reads, writes, edits, previews, renders or presents Markdown files or documents, or its description calls it a Markdown editor, viewer, reader, notebook, notes application or presenter; out where Markdown is only syntax, shortcuts or support, or not named
resolution	mymind (alternativeto:Obsidian)	undecidable -> out, undecidable rule (frame-review section 4): in where the list text says it opens, reads, writes, edits, previews, renders or presents Markdown files or documents, or its description calls it a Markdown editor, viewer, reader, notebook, notes application or presenter; out where Markdown is only syntax, shortcuts or support, or not named
resolution	Silverbullet (alternativeto:Obsidian)	undecidable -> out, undecidable rule (frame-review section 4): in where the list text says it opens, reads, writes, edits, previews, renders or presents Markdown files or documents, or its description calls it a Markdown editor, viewer, reader, notebook, notes application or presenter; out where Markdown is only syntax, shortcuts or support, or not named
resolution	Jottify (alternativeto:Obsidian)	undecidable -> out, undecidable rule (frame-review section 4): in where the list text says it opens, reads, writes, edits, previews, renders or presents Markdown files or documents, or its description calls it a Markdown editor, viewer, reader, notebook, notes application or presenter; out where Markdown is only syntax, shortcuts or support, or not named
resolution	Heptabase (alternativeto:Obsidian)	undecidable -> out, undecidable rule (frame-review section 4): in where the list text says it opens, reads, writes, edits, previews, renders or presents Markdown files or documents, or its description calls it a Markdown editor, viewer, reader, notebook, notes application or presenter; out where Markdown is only syntax, shortcuts or support, or not named
resolution	Outline (alternativeto:Obsidian)	undecidable -> out, undecidable rule (frame-review section 4): in where the list text says it opens, reads, writes, edits, previews, renders or presents Markdown files or documents, or its description calls it a Markdown editor, viewer, reader, notebook, notes application or presenter; out where Markdown is only syntax, shortcuts or support, or not named
resolution	Focal - Notes & Tasks (alternativeto:Obsidian)	undecidable -> out, undecidable rule (frame-review section 4): in where the list text says it opens, reads, writes, edits, previews, renders or presents Markdown files or documents, or its description calls it a Markdown editor, viewer, reader, notebook, notes application or presenter; out where Markdown is only syntax, shortcuts or support, or not named
resolution	Org-roam (alternativeto:Obsidian)	undecidable -> out, undecidable rule (frame-review section 4): in where the list text says it opens, reads, writes, edits, previews, renders or presents Markdown files or documents, or its description calls it a Markdown editor, viewer, reader, notebook, notes application or presenter; out where Markdown is only syntax, shortcuts or support, or not named
resolution	nb (alternativeto:Obsidian)	undecidable -> out, undecidable rule (frame-review section 4): in where the list text says it opens, reads, writes, edits, previews, renders or presents Markdown files or documents, or its description calls it a Markdown editor, viewer, reader, notebook, notes application or presenter; out where Markdown is only syntax, shortcuts or support, or not named
resolution	#Pad (alternativeto:Obsidian)	undecidable -> out, undecidable rule (frame-review section 4): in where the list text says it opens, reads, writes, edits, previews, renders or presents Markdown files or documents, or its description calls it a Markdown editor, viewer, reader, notebook, notes application or presenter; out where Markdown is only syntax, shortcuts or support, or not named
resolution	Quillpad (alternativeto:Obsidian)	undecidable -> out, undecidable rule (frame-review section 4): in where the list text says it opens, reads, writes, edits, previews, renders or presents Markdown files or documents, or its description calls it a Markdown editor, viewer, reader, notebook, notes application or presenter; out where Markdown is only syntax, shortcuts or support, or not named
resolution	Darkwrite (alternativeto:Obsidian)	undecidable -> out, undecidable rule (frame-review section 4): in where the list text says it opens, reads, writes, edits, previews, renders or presents Markdown files or documents, or its description calls it a Markdown editor, viewer, reader, notebook, notes application or presenter; out where Markdown is only syntax, shortcuts or support, or not named
resolution	OpenNotas (alternativeto:Obsidian)	undecidable -> out, undecidable rule (frame-review section 4): in where the list text says it opens, reads, writes, edits, previews, renders or presents Markdown files or documents, or its description calls it a Markdown editor, viewer, reader, notebook, notes application or presenter; out where Markdown is only syntax, shortcuts or support, or not named
resolution	Zotero Better Notes (alternativeto:Obsidian)	undecidable -> out, undecidable rule (frame-review section 4): in where the list text says it opens, reads, writes, edits, previews, renders or presents Markdown files or documents, or its description calls it a Markdown editor, viewer, reader, notebook, notes application or presenter; out where Markdown is only syntax, shortcuts or support, or not named
resolution	Strflow (alternativeto:Obsidian)	undecidable -> out, undecidable rule (frame-review section 4): in where the list text says it opens, reads, writes, edits, previews, renders or presents Markdown files or documents, or its description calls it a Markdown editor, viewer, reader, notebook, notes application or presenter; out where Markdown is only syntax, shortcuts or support, or not named
resolution	GoodNotes (alternativeto:Obsidian)	undecidable -> out, undecidable rule (frame-review section 4): in where the list text says it opens, reads, writes, edits, previews, renders or presents Markdown files or documents, or its description calls it a Markdown editor, viewer, reader, notebook, notes application or presenter; out where Markdown is only syntax, shortcuts or support, or not named
resolution	Prism Notes (alternativeto:Obsidian)	undecidable -> out, undecidable rule (frame-review section 4): in where the list text says it opens, reads, writes, edits, previews, renders or presents Markdown files or documents, or its description calls it a Markdown editor, viewer, reader, notebook, notes application or presenter; out where Markdown is only syntax, shortcuts or support, or not named
resolution	Quentier (alternativeto:Obsidian)	undecidable -> out, undecidable rule (frame-review section 4): in where the list text says it opens, reads, writes, edits, previews, renders or presents Markdown files or documents, or its description calls it a Markdown editor, viewer, reader, notebook, notes application or presenter; out where Markdown is only syntax, shortcuts or support, or not named
resolution	Frontdoor (alternativeto:Obsidian)	undecidable -> out, undecidable rule (frame-review section 4): in where the list text says it opens, reads, writes, edits, previews, renders or presents Markdown files or documents, or its description calls it a Markdown editor, viewer, reader, notebook, notes application or presenter; out where Markdown is only syntax, shortcuts or support, or not named
resolution	Notion Electron (alternativeto:Obsidian)	undecidable -> out, undecidable rule (frame-review section 4): in where the list text says it opens, reads, writes, edits, previews, renders or presents Markdown files or documents, or its description calls it a Markdown editor, viewer, reader, notebook, notes application or presenter; out where Markdown is only syntax, shortcuts or support, or not named
resolution	PeekNote (alternativeto:Obsidian)	undecidable -> out, undecidable rule (frame-review section 4): in where the list text says it opens, reads, writes, edits, previews, renders or presents Markdown files or documents, or its description calls it a Markdown editor, viewer, reader, notebook, notes application or presenter; out where Markdown is only syntax, shortcuts or support, or not named
resolution	MemexAI (alternativeto:Obsidian)	undecidable -> out, undecidable rule (frame-review section 4): in where the list text says it opens, reads, writes, edits, previews, renders or presents Markdown files or documents, or its description calls it a Markdown editor, viewer, reader, notebook, notes application or presenter; out where Markdown is only syntax, shortcuts or support, or not named
resolution	CogniGuide (alternativeto:Obsidian)	undecidable -> out, undecidable rule (frame-review section 4): in where the list text says it opens, reads, writes, edits, previews, renders or presents Markdown files or documents, or its description calls it a Markdown editor, viewer, reader, notebook, notes application or presenter; out where Markdown is only syntax, shortcuts or support, or not named
resolution	PrivateNotes (alternativeto:Obsidian)	undecidable -> out, undecidable rule (frame-review section 4): in where the list text says it opens, reads, writes, edits, previews, renders or presents Markdown files or documents, or its description calls it a Markdown editor, viewer, reader, notebook, notes application or presenter; out where Markdown is only syntax, shortcuts or support, or not named
eligibility	Rook (alternativeto:Obsidian)	R1 struck: the blurb's subject is a Markdown application, not a converter, linter, theme or snippet tool; out -> in
resolution	Notedrafts (alternativeto:Obsidian)	undecidable -> out, undecidable rule (frame-review section 4): in where the list text says it opens, reads, writes, edits, previews, renders or presents Markdown files or documents, or its description calls it a Markdown editor, viewer, reader, notebook, notes application or presenter; out where Markdown is only syntax, shortcuts or support, or not named
resolution	notenote.cc (alternativeto:Obsidian)	undecidable -> out, undecidable rule (frame-review section 4): in where the list text says it opens, reads, writes, edits, previews, renders or presents Markdown files or documents, or its description calls it a Markdown editor, viewer, reader, notebook, notes application or presenter; out where Markdown is only syntax, shortcuts or support, or not named
resolution	Fluster (alternativeto:Obsidian)	undecidable -> out, undecidable rule (frame-review section 4): in where the list text says it opens, reads, writes, edits, previews, renders or presents Markdown files or documents, or its description calls it a Markdown editor, viewer, reader, notebook, notes application or presenter; out where Markdown is only syntax, shortcuts or support, or not named
resolution	CubyText (alternativeto:Obsidian)	undecidable -> out, undecidable rule (frame-review section 4): in where the list text says it opens, reads, writes, edits, previews, renders or presents Markdown files or documents, or its description calls it a Markdown editor, viewer, reader, notebook, notes application or presenter; out where Markdown is only syntax, shortcuts or support, or not named
resolution	Notability (alternativeto:Obsidian)	undecidable -> out, undecidable rule (frame-review section 4): in where the list text says it opens, reads, writes, edits, previews, renders or presents Markdown files or documents, or its description calls it a Markdown editor, viewer, reader, notebook, notes application or presenter; out where Markdown is only syntax, shortcuts or support, or not named
resolution	Cimanote (alternativeto:Obsidian)	undecidable -> out, undecidable rule (frame-review section 4): in where the list text says it opens, reads, writes, edits, previews, renders or presents Markdown files or documents, or its description calls it a Markdown editor, viewer, reader, notebook, notes application or presenter; out where Markdown is only syntax, shortcuts or support, or not named
resolution	Lattics (alternativeto:Obsidian)	undecidable -> out, undecidable rule (frame-review section 4): in where the list text says it opens, reads, writes, edits, previews, renders or presents Markdown files or documents, or its description calls it a Markdown editor, viewer, reader, notebook, notes application or presenter; out where Markdown is only syntax, shortcuts or support, or not named
eligibility	Inkwell Markdown Editor (alternativeto:Obsidian)	R1 struck: the blurb's subject is a Markdown application, not a converter, linter, theme or snippet tool; out -> in
resolution	Iotas (alternativeto:Obsidian)	undecidable -> out, undecidable rule (frame-review section 4): in where the list text says it opens, reads, writes, edits, previews, renders or presents Markdown files or documents, or its description calls it a Markdown editor, viewer, reader, notebook, notes application or presenter; out where Markdown is only syntax, shortcuts or support, or not named
resolution	Buho (alternativeto:Obsidian)	undecidable -> out, undecidable rule (frame-review section 4): in where the list text says it opens, reads, writes, edits, previews, renders or presents Markdown files or documents, or its description calls it a Markdown editor, viewer, reader, notebook, notes application or presenter; out where Markdown is only syntax, shortcuts or support, or not named
resolution	Hejour (alternativeto:Obsidian)	undecidable -> out, undecidable rule (frame-review section 4): in where the list text says it opens, reads, writes, edits, previews, renders or presents Markdown files or documents, or its description calls it a Markdown editor, viewer, reader, notebook, notes application or presenter; out where Markdown is only syntax, shortcuts or support, or not named
eligibility	Yank Note (alternativeto:Obsidian)	R1 struck: the blurb's subject is a Markdown application, not a converter, linter, theme or snippet tool; out -> in
resolution	Vimwiki (alternativeto:Obsidian)	undecidable -> out, undecidable rule (frame-review section 4): in where the list text says it opens, reads, writes, edits, previews, renders or presents Markdown files or documents, or its description calls it a Markdown editor, viewer, reader, notebook, notes application or presenter; out where Markdown is only syntax, shortcuts or support, or not named
resolution	Logycore (alternativeto:Obsidian)	undecidable -> out, undecidable rule (frame-review section 4): in where the list text says it opens, reads, writes, edits, previews, renders or presents Markdown files or documents, or its description calls it a Markdown editor, viewer, reader, notebook, notes application or presenter; out where Markdown is only syntax, shortcuts or support, or not named
resolution	Kanbito (alternativeto:Obsidian)	undecidable -> out, undecidable rule (frame-review section 4): in where the list text says it opens, reads, writes, edits, previews, renders or presents Markdown files or documents, or its description calls it a Markdown editor, viewer, reader, notebook, notes application or presenter; out where Markdown is only syntax, shortcuts or support, or not named
resolution	Treedome (alternativeto:Obsidian)	undecidable -> out, undecidable rule (frame-review section 4): in where the list text says it opens, reads, writes, edits, previews, renders or presents Markdown files or documents, or its description calls it a Markdown editor, viewer, reader, notebook, notes application or presenter; out where Markdown is only syntax, shortcuts or support, or not named
resolution	Jade Note (alternativeto:Obsidian)	undecidable -> out, undecidable rule (frame-review section 4): in where the list text says it opens, reads, writes, edits, previews, renders or presents Markdown files or documents, or its description calls it a Markdown editor, viewer, reader, notebook, notes application or presenter; out where Markdown is only syntax, shortcuts or support, or not named
resolution	Nodeland (alternativeto:Obsidian)	undecidable -> out, undecidable rule (frame-review section 4): in where the list text says it opens, reads, writes, edits, previews, renders or presents Markdown files or documents, or its description calls it a Markdown editor, viewer, reader, notebook, notes application or presenter; out where Markdown is only syntax, shortcuts or support, or not named
resolution	ProtoText (alternativeto:Obsidian)	undecidable -> out, undecidable rule (frame-review section 4): in where the list text says it opens, reads, writes, edits, previews, renders or presents Markdown files or documents, or its description calls it a Markdown editor, viewer, reader, notebook, notes application or presenter; out where Markdown is only syntax, shortcuts or support, or not named
resolution	Noteup (alternativeto:Obsidian)	undecidable -> out, undecidable rule (frame-review section 4): in where the list text says it opens, reads, writes, edits, previews, renders or presents Markdown files or documents, or its description calls it a Markdown editor, viewer, reader, notebook, notes application or presenter; out where Markdown is only syntax, shortcuts or support, or not named
resolution	Workspace Pro (alternativeto:Obsidian)	undecidable -> out, undecidable rule (frame-review section 4): in where the list text says it opens, reads, writes, edits, previews, renders or presents Markdown files or documents, or its description calls it a Markdown editor, viewer, reader, notebook, notes application or presenter; out where Markdown is only syntax, shortcuts or support, or not named
resolution	Luckynote (alternativeto:Obsidian)	undecidable -> out, undecidable rule (frame-review section 4): in where the list text says it opens, reads, writes, edits, previews, renders or presents Markdown files or documents, or its description calls it a Markdown editor, viewer, reader, notebook, notes application or presenter; out where Markdown is only syntax, shortcuts or support, or not named
resolution	Yaranga (alternativeto:Obsidian)	undecidable -> out, undecidable rule (frame-review section 4): in where the list text says it opens, reads, writes, edits, previews, renders or presents Markdown files or documents, or its description calls it a Markdown editor, viewer, reader, notebook, notes application or presenter; out where Markdown is only syntax, shortcuts or support, or not named
resolution	21M Notes (alternativeto:Obsidian)	undecidable -> out, undecidable rule (frame-review section 4): in where the list text says it opens, reads, writes, edits, previews, renders or presents Markdown files or documents, or its description calls it a Markdown editor, viewer, reader, notebook, notes application or presenter; out where Markdown is only syntax, shortcuts or support, or not named
resolution	TagJournal (alternativeto:Obsidian)	undecidable -> out, undecidable rule (frame-review section 4): in where the list text says it opens, reads, writes, edits, previews, renders or presents Markdown files or documents, or its description calls it a Markdown editor, viewer, reader, notebook, notes application or presenter; out where Markdown is only syntax, shortcuts or support, or not named
resolution	Nodalist AI (alternativeto:Obsidian)	undecidable -> out, undecidable rule (frame-review section 4): in where the list text says it opens, reads, writes, edits, previews, renders or presents Markdown files or documents, or its description calls it a Markdown editor, viewer, reader, notebook, notes application or presenter; out where Markdown is only syntax, shortcuts or support, or not named
resolution	Cotoami (alternativeto:Obsidian)	undecidable -> out, undecidable rule (frame-review section 4): in where the list text says it opens, reads, writes, edits, previews, renders or presents Markdown files or documents, or its description calls it a Markdown editor, viewer, reader, notebook, notes application or presenter; out where Markdown is only syntax, shortcuts or support, or not named
resolution	Sorana (alternativeto:Obsidian)	undecidable -> out, undecidable rule (frame-review section 4): in where the list text says it opens, reads, writes, edits, previews, renders or presents Markdown files or documents, or its description calls it a Markdown editor, viewer, reader, notebook, notes application or presenter; out where Markdown is only syntax, shortcuts or support, or not named
resolution	WeNote (alternativeto:Obsidian)	undecidable -> out, undecidable rule (frame-review section 4): in where the list text says it opens, reads, writes, edits, previews, renders or presents Markdown files or documents, or its description calls it a Markdown editor, viewer, reader, notebook, notes application or presenter; out where Markdown is only syntax, shortcuts or support, or not named
resolution	Sorael (alternativeto:Obsidian)	undecidable -> out, undecidable rule (frame-review section 4): in where the list text says it opens, reads, writes, edits, previews, renders or presents Markdown files or documents, or its description calls it a Markdown editor, viewer, reader, notebook, notes application or presenter; out where Markdown is only syntax, shortcuts or support, or not named
resolution	Railnote (alternativeto:Obsidian)	undecidable -> out, undecidable rule (frame-review section 4): in where the list text says it opens, reads, writes, edits, previews, renders or presents Markdown files or documents, or its description calls it a Markdown editor, viewer, reader, notebook, notes application or presenter; out where Markdown is only syntax, shortcuts or support, or not named
resolution	Idaesbasic (alternativeto:Obsidian)	undecidable -> out, undecidable rule (frame-review section 4): in where the list text says it opens, reads, writes, edits, previews, renders or presents Markdown files or documents, or its description calls it a Markdown editor, viewer, reader, notebook, notes application or presenter; out where Markdown is only syntax, shortcuts or support, or not named
resolution	Notes (PFA) (alternativeto:Obsidian)	undecidable -> out, undecidable rule (frame-review section 4): in where the list text says it opens, reads, writes, edits, previews, renders or presents Markdown files or documents, or its description calls it a Markdown editor, viewer, reader, notebook, notes application or presenter; out where Markdown is only syntax, shortcuts or support, or not named
resolution	Webtrotion (alternativeto:Obsidian)	undecidable -> out, undecidable rule (frame-review section 4): in where the list text says it opens, reads, writes, edits, previews, renders or presents Markdown files or documents, or its description calls it a Markdown editor, viewer, reader, notebook, notes application or presenter; out where Markdown is only syntax, shortcuts or support, or not named
resolution	Topilo Notes (alternativeto:Obsidian)	undecidable -> out, undecidable rule (frame-review section 4): in where the list text says it opens, reads, writes, edits, previews, renders or presents Markdown files or documents, or its description calls it a Markdown editor, viewer, reader, notebook, notes application or presenter; out where Markdown is only syntax, shortcuts or support, or not named
resolution	smasi (alternativeto:Obsidian)	undecidable -> out, undecidable rule (frame-review section 4): in where the list text says it opens, reads, writes, edits, previews, renders or presents Markdown files or documents, or its description calls it a Markdown editor, viewer, reader, notebook, notes application or presenter; out where Markdown is only syntax, shortcuts or support, or not named
resolution	PenPage (alternativeto:Obsidian)	undecidable -> out, undecidable rule (frame-review section 4): in where the list text says it opens, reads, writes, edits, previews, renders or presents Markdown files or documents, or its description calls it a Markdown editor, viewer, reader, notebook, notes application or presenter; out where Markdown is only syntax, shortcuts or support, or not named
resolution	Sigilla (alternativeto:Obsidian)	undecidable -> out, undecidable rule (frame-review section 4): in where the list text says it opens, reads, writes, edits, previews, renders or presents Markdown files or documents, or its description calls it a Markdown editor, viewer, reader, notebook, notes application or presenter; out where Markdown is only syntax, shortcuts or support, or not named
resolution	FoxyNotes (alternativeto:Obsidian)	undecidable -> out, undecidable rule (frame-review section 4): in where the list text says it opens, reads, writes, edits, previews, renders or presents Markdown files or documents, or its description calls it a Markdown editor, viewer, reader, notebook, notes application or presenter; out where Markdown is only syntax, shortcuts or support, or not named
resolution	Material Notes (alternativeto:Obsidian)	undecidable -> out, undecidable rule (frame-review section 4): in where the list text says it opens, reads, writes, edits, previews, renders or presents Markdown files or documents, or its description calls it a Markdown editor, viewer, reader, notebook, notes application or presenter; out where Markdown is only syntax, shortcuts or support, or not named
resolution	NoteSR (alternativeto:Obsidian)	undecidable -> out, undecidable rule (frame-review section 4): in where the list text says it opens, reads, writes, edits, previews, renders or presents Markdown files or documents, or its description calls it a Markdown editor, viewer, reader, notebook, notes application or presenter; out where Markdown is only syntax, shortcuts or support, or not named
resolution	Lokus (alternativeto:Obsidian)	undecidable -> out, undecidable rule (frame-review section 4): in where the list text says it opens, reads, writes, edits, previews, renders or presents Markdown files or documents, or its description calls it a Markdown editor, viewer, reader, notebook, notes application or presenter; out where Markdown is only syntax, shortcuts or support, or not named
resolution	Decks (alternativeto:Obsidian)	undecidable -> out, undecidable rule (frame-review section 4): in where the list text says it opens, reads, writes, edits, previews, renders or presents Markdown files or documents, or its description calls it a Markdown editor, viewer, reader, notebook, notes application or presenter; out where Markdown is only syntax, shortcuts or support, or not named
resolution	Panto (alternativeto:Obsidian)	undecidable -> out, undecidable rule (frame-review section 4): in where the list text says it opens, reads, writes, edits, previews, renders or presents Markdown files or documents, or its description calls it a Markdown editor, viewer, reader, notebook, notes application or presenter; out where Markdown is only syntax, shortcuts or support, or not named
resolution	NoteDock AI (alternativeto:Obsidian)	undecidable -> out, undecidable rule (frame-review section 4): in where the list text says it opens, reads, writes, edits, previews, renders or presents Markdown files or documents, or its description calls it a Markdown editor, viewer, reader, notebook, notes application or presenter; out where Markdown is only syntax, shortcuts or support, or not named
resolution	NoteFolio (alternativeto:Obsidian)	undecidable -> out, undecidable rule (frame-review section 4): in where the list text says it opens, reads, writes, edits, previews, renders or presents Markdown files or documents, or its description calls it a Markdown editor, viewer, reader, notebook, notes application or presenter; out where Markdown is only syntax, shortcuts or support, or not named
resolution	HiGGSi (alternativeto:Obsidian)	undecidable -> out, undecidable rule (frame-review section 4): in where the list text says it opens, reads, writes, edits, previews, renders or presents Markdown files or documents, or its description calls it a Markdown editor, viewer, reader, notebook, notes application or presenter; out where Markdown is only syntax, shortcuts or support, or not named
resolution	Ikarus (alternativeto:Obsidian)	undecidable -> out, undecidable rule (frame-review section 4): in where the list text says it opens, reads, writes, edits, previews, renders or presents Markdown files or documents, or its description calls it a Markdown editor, viewer, reader, notebook, notes application or presenter; out where Markdown is only syntax, shortcuts or support, or not named
resolution	Nottodbox (alternativeto:Obsidian)	undecidable -> out, undecidable rule (frame-review section 4): in where the list text says it opens, reads, writes, edits, previews, renders or presents Markdown files or documents, or its description calls it a Markdown editor, viewer, reader, notebook, notes application or presenter; out where Markdown is only syntax, shortcuts or support, or not named
resolution	CortexOS (alternativeto:Obsidian)	undecidable -> out, undecidable rule (frame-review section 4): in where the list text says it opens, reads, writes, edits, previews, renders or presents Markdown files or documents, or its description calls it a Markdown editor, viewer, reader, notebook, notes application or presenter; out where Markdown is only syntax, shortcuts or support, or not named
resolution	NeatNotes (alternativeto:Obsidian)	undecidable -> out, undecidable rule (frame-review section 4): in where the list text says it opens, reads, writes, edits, previews, renders or presents Markdown files or documents, or its description calls it a Markdown editor, viewer, reader, notebook, notes application or presenter; out where Markdown is only syntax, shortcuts or support, or not named
resolution	Dark Note (alternativeto:Obsidian)	undecidable -> out, undecidable rule (frame-review section 4): in where the list text says it opens, reads, writes, edits, previews, renders or presents Markdown files or documents, or its description calls it a Markdown editor, viewer, reader, notebook, notes application or presenter; out where Markdown is only syntax, shortcuts or support, or not named
resolution	Kraa.io (alternativeto:Obsidian)	undecidable -> out, undecidable rule (frame-review section 4): in where the list text says it opens, reads, writes, edits, previews, renders or presents Markdown files or documents, or its description calls it a Markdown editor, viewer, reader, notebook, notes application or presenter; out where Markdown is only syntax, shortcuts or support, or not named
resolution	Anotalos (alternativeto:Obsidian)	undecidable -> out, undecidable rule (frame-review section 4): in where the list text says it opens, reads, writes, edits, previews, renders or presents Markdown files or documents, or its description calls it a Markdown editor, viewer, reader, notebook, notes application or presenter; out where Markdown is only syntax, shortcuts or support, or not named
resolution	Poznote (alternativeto:Obsidian)	undecidable -> out, undecidable rule (frame-review section 4): in where the list text says it opens, reads, writes, edits, previews, renders or presents Markdown files or documents, or its description calls it a Markdown editor, viewer, reader, notebook, notes application or presenter; out where Markdown is only syntax, shortcuts or support, or not named
resolution	InkyCap (alternativeto:Obsidian)	undecidable -> out, undecidable rule (frame-review section 4): in where the list text says it opens, reads, writes, edits, previews, renders or presents Markdown files or documents, or its description calls it a Markdown editor, viewer, reader, notebook, notes application or presenter; out where Markdown is only syntax, shortcuts or support, or not named
resolution	zk (alternativeto:Obsidian)	undecidable -> out, undecidable rule (frame-review section 4): in where the list text says it opens, reads, writes, edits, previews, renders or presents Markdown files or documents, or its description calls it a Markdown editor, viewer, reader, notebook, notes application or presenter; out where Markdown is only syntax, shortcuts or support, or not named
resolution	AirNote (alternativeto:Obsidian)	undecidable -> out, undecidable rule (frame-review section 4): in where the list text says it opens, reads, writes, edits, previews, renders or presents Markdown files or documents, or its description calls it a Markdown editor, viewer, reader, notebook, notes application or presenter; out where Markdown is only syntax, shortcuts or support, or not named
resolution	Note hero (alternativeto:Obsidian)	undecidable -> out, undecidable rule (frame-review section 4): in where the list text says it opens, reads, writes, edits, previews, renders or presents Markdown files or documents, or its description calls it a Markdown editor, viewer, reader, notebook, notes application or presenter; out where Markdown is only syntax, shortcuts or support, or not named
resolution	TreeTime (alternativeto:Obsidian)	undecidable -> out, undecidable rule (frame-review section 4): in where the list text says it opens, reads, writes, edits, previews, renders or presents Markdown files or documents, or its description calls it a Markdown editor, viewer, reader, notebook, notes application or presenter; out where Markdown is only syntax, shortcuts or support, or not named
resolution	Saner.ai (alternativeto:Obsidian)	undecidable -> out, undecidable rule (frame-review section 4): in where the list text says it opens, reads, writes, edits, previews, renders or presents Markdown files or documents, or its description calls it a Markdown editor, viewer, reader, notebook, notes application or presenter; out where Markdown is only syntax, shortcuts or support, or not named
resolution	Knowledge Canvas (alternativeto:Obsidian)	undecidable -> out, undecidable rule (frame-review section 4): in where the list text says it opens, reads, writes, edits, previews, renders or presents Markdown files or documents, or its description calls it a Markdown editor, viewer, reader, notebook, notes application or presenter; out where Markdown is only syntax, shortcuts or support, or not named
resolution	Notah AI (alternativeto:Obsidian)	undecidable -> out, undecidable rule (frame-review section 4): in where the list text says it opens, reads, writes, edits, previews, renders or presents Markdown files or documents, or its description calls it a Markdown editor, viewer, reader, notebook, notes application or presenter; out where Markdown is only syntax, shortcuts or support, or not named
resolution	Templata (alternativeto:Obsidian)	undecidable -> out, undecidable rule (frame-review section 4): in where the list text says it opens, reads, writes, edits, previews, renders or presents Markdown files or documents, or its description calls it a Markdown editor, viewer, reader, notebook, notes application or presenter; out where Markdown is only syntax, shortcuts or support, or not named
resolution	Moolight (alternativeto:Obsidian)	undecidable -> out, undecidable rule (frame-review section 4): in where the list text says it opens, reads, writes, edits, previews, renders or presents Markdown files or documents, or its description calls it a Markdown editor, viewer, reader, notebook, notes application or presenter; out where Markdown is only syntax, shortcuts or support, or not named
resolution	MindNote (alternativeto:Obsidian)	undecidable -> out, undecidable rule (frame-review section 4): in where the list text says it opens, reads, writes, edits, previews, renders or presents Markdown files or documents, or its description calls it a Markdown editor, viewer, reader, notebook, notes application or presenter; out where Markdown is only syntax, shortcuts or support, or not named
resolution	Easy Notes (alternativeto:Obsidian)	undecidable -> out, undecidable rule (frame-review section 4): in where the list text says it opens, reads, writes, edits, previews, renders or presents Markdown files or documents, or its description calls it a Markdown editor, viewer, reader, notebook, notes application or presenter; out where Markdown is only syntax, shortcuts or support, or not named
resolution	TriliumDroid (alternativeto:Obsidian)	undecidable -> out, undecidable rule (frame-review section 4): in where the list text says it opens, reads, writes, edits, previews, renders or presents Markdown files or documents, or its description calls it a Markdown editor, viewer, reader, notebook, notes application or presenter; out where Markdown is only syntax, shortcuts or support, or not named
resolution	Notestudio (alternativeto:Obsidian)	undecidable -> out, undecidable rule (frame-review section 4): in where the list text says it opens, reads, writes, edits, previews, renders or presents Markdown files or documents, or its description calls it a Markdown editor, viewer, reader, notebook, notes application or presenter; out where Markdown is only syntax, shortcuts or support, or not named
resolution	jott.ing (alternativeto:Obsidian)	undecidable -> out, undecidable rule (frame-review section 4): in where the list text says it opens, reads, writes, edits, previews, renders or presents Markdown files or documents, or its description calls it a Markdown editor, viewer, reader, notebook, notes application or presenter; out where Markdown is only syntax, shortcuts or support, or not named
resolution	Sticki.ly (alternativeto:Obsidian)	undecidable -> out, undecidable rule (frame-review section 4): in where the list text says it opens, reads, writes, edits, previews, renders or presents Markdown files or documents, or its description calls it a Markdown editor, viewer, reader, notebook, notes application or presenter; out where Markdown is only syntax, shortcuts or support, or not named
resolution	NoteUX (alternativeto:Obsidian)	undecidable -> out, undecidable rule (frame-review section 4): in where the list text says it opens, reads, writes, edits, previews, renders or presents Markdown files or documents, or its description calls it a Markdown editor, viewer, reader, notebook, notes application or presenter; out where Markdown is only syntax, shortcuts or support, or not named
resolution	Buildin.AI (alternativeto:Obsidian)	undecidable -> out, undecidable rule (frame-review section 4): in where the list text says it opens, reads, writes, edits, previews, renders or presents Markdown files or documents, or its description calls it a Markdown editor, viewer, reader, notebook, notes application or presenter; out where Markdown is only syntax, shortcuts or support, or not named
resolution	SourCherry (alternativeto:Obsidian)	undecidable -> out, undecidable rule (frame-review section 4): in where the list text says it opens, reads, writes, edits, previews, renders or presents Markdown files or documents, or its description calls it a Markdown editor, viewer, reader, notebook, notes application or presenter; out where Markdown is only syntax, shortcuts or support, or not named
resolution	adhdhub (alternativeto:Obsidian)	undecidable -> out, undecidable rule (frame-review section 4): in where the list text says it opens, reads, writes, edits, previews, renders or presents Markdown files or documents, or its description calls it a Markdown editor, viewer, reader, notebook, notes application or presenter; out where Markdown is only syntax, shortcuts or support, or not named
resolution	Ariv (alternativeto:Obsidian)	undecidable -> out, undecidable rule (frame-review section 4): in where the list text says it opens, reads, writes, edits, previews, renders or presents Markdown files or documents, or its description calls it a Markdown editor, viewer, reader, notebook, notes application or presenter; out where Markdown is only syntax, shortcuts or support, or not named
resolution	LumifyHub (alternativeto:Obsidian)	undecidable -> out, undecidable rule (frame-review section 4): in where the list text says it opens, reads, writes, edits, previews, renders or presents Markdown files or documents, or its description calls it a Markdown editor, viewer, reader, notebook, notes application or presenter; out where Markdown is only syntax, shortcuts or support, or not named
resolution	Filarr (alternativeto:Obsidian)	undecidable -> out, undecidable rule (frame-review section 4): in where the list text says it opens, reads, writes, edits, previews, renders or presents Markdown files or documents, or its description calls it a Markdown editor, viewer, reader, notebook, notes application or presenter; out where Markdown is only syntax, shortcuts or support, or not named
resolution	YouTube Video Note Taking (alternativeto:Obsidian)	undecidable -> out, undecidable rule (frame-review section 4): in where the list text says it opens, reads, writes, edits, previews, renders or presents Markdown files or documents, or its description calls it a Markdown editor, viewer, reader, notebook, notes application or presenter; out where Markdown is only syntax, shortcuts or support, or not named
resolution	hako (alternativeto:Obsidian)	undecidable -> out, undecidable rule (frame-review section 4): in where the list text says it opens, reads, writes, edits, previews, renders or presents Markdown files or documents, or its description calls it a Markdown editor, viewer, reader, notebook, notes application or presenter; out where Markdown is only syntax, shortcuts or support, or not named
resolution	Dokyo (alternativeto:Obsidian)	undecidable -> out, undecidable rule (frame-review section 4): in where the list text says it opens, reads, writes, edits, previews, renders or presents Markdown files or documents, or its description calls it a Markdown editor, viewer, reader, notebook, notes application or presenter; out where Markdown is only syntax, shortcuts or support, or not named
resolution	Fyka Notes (alternativeto:Obsidian)	undecidable -> out, undecidable rule (frame-review section 4): in where the list text says it opens, reads, writes, edits, previews, renders or presents Markdown files or documents, or its description calls it a Markdown editor, viewer, reader, notebook, notes application or presenter; out where Markdown is only syntax, shortcuts or support, or not named
resolution	Minne (alternativeto:Obsidian)	undecidable -> out, undecidable rule (frame-review section 4): in where the list text says it opens, reads, writes, edits, previews, renders or presents Markdown files or documents, or its description calls it a Markdown editor, viewer, reader, notebook, notes application or presenter; out where Markdown is only syntax, shortcuts or support, or not named
resolution	Xenith (alternativeto:Obsidian)	undecidable -> out, undecidable rule (frame-review section 4): in where the list text says it opens, reads, writes, edits, previews, renders or presents Markdown files or documents, or its description calls it a Markdown editor, viewer, reader, notebook, notes application or presenter; out where Markdown is only syntax, shortcuts or support, or not named
resolution	Note Taker (alternativeto:Obsidian)	undecidable -> out, undecidable rule (frame-review section 4): in where the list text says it opens, reads, writes, edits, previews, renders or presents Markdown files or documents, or its description calls it a Markdown editor, viewer, reader, notebook, notes application or presenter; out where Markdown is only syntax, shortcuts or support, or not named
resolution	MyParticularNotes (alternativeto:Obsidian)	undecidable -> out, undecidable rule (frame-review section 4): in where the list text says it opens, reads, writes, edits, previews, renders or presents Markdown files or documents, or its description calls it a Markdown editor, viewer, reader, notebook, notes application or presenter; out where Markdown is only syntax, shortcuts or support, or not named
resolution	NotePro++ (alternativeto:Obsidian)	undecidable -> out, undecidable rule (frame-review section 4): in where the list text says it opens, reads, writes, edits, previews, renders or presents Markdown files or documents, or its description calls it a Markdown editor, viewer, reader, notebook, notes application or presenter; out where Markdown is only syntax, shortcuts or support, or not named
resolution	FloHub (alternativeto:Obsidian)	undecidable -> out, undecidable rule (frame-review section 4): in where the list text says it opens, reads, writes, edits, previews, renders or presents Markdown files or documents, or its description calls it a Markdown editor, viewer, reader, notebook, notes application or presenter; out where Markdown is only syntax, shortcuts or support, or not named
resolution	NoteGod (alternativeto:Obsidian)	undecidable -> out, undecidable rule (frame-review section 4): in where the list text says it opens, reads, writes, edits, previews, renders or presents Markdown files or documents, or its description calls it a Markdown editor, viewer, reader, notebook, notes application or presenter; out where Markdown is only syntax, shortcuts or support, or not named
resolution	TextTree (alternativeto:Obsidian)	undecidable -> out, undecidable rule (frame-review section 4): in where the list text says it opens, reads, writes, edits, previews, renders or presents Markdown files or documents, or its description calls it a Markdown editor, viewer, reader, notebook, notes application or presenter; out where Markdown is only syntax, shortcuts or support, or not named
eligibility	Jylos (alternativeto:Obsidian)	R1 struck: the blurb's subject is a Markdown application, not a converter, linter, theme or snippet tool; out -> in
resolution	Sticky Wall (alternativeto:Obsidian)	undecidable -> out, undecidable rule (frame-review section 4): in where the list text says it opens, reads, writes, edits, previews, renders or presents Markdown files or documents, or its description calls it a Markdown editor, viewer, reader, notebook, notes application or presenter; out where Markdown is only syntax, shortcuts or support, or not named
resolution	Noteon (alternativeto:Obsidian)	undecidable -> out, undecidable rule (frame-review section 4): in where the list text says it opens, reads, writes, edits, previews, renders or presents Markdown files or documents, or its description calls it a Markdown editor, viewer, reader, notebook, notes application or presenter; out where Markdown is only syntax, shortcuts or support, or not named
resolution	Dim0 (alternativeto:Obsidian)	undecidable -> out, undecidable rule (frame-review section 4): in where the list text says it opens, reads, writes, edits, previews, renders or presents Markdown files or documents, or its description calls it a Markdown editor, viewer, reader, notebook, notes application or presenter; out where Markdown is only syntax, shortcuts or support, or not named
resolution	ExtMemo (alternativeto:Obsidian)	undecidable -> out, undecidable rule (frame-review section 4): in where the list text says it opens, reads, writes, edits, previews, renders or presents Markdown files or documents, or its description calls it a Markdown editor, viewer, reader, notebook, notes application or presenter; out where Markdown is only syntax, shortcuts or support, or not named
resolution	Knogra (alternativeto:Obsidian)	undecidable -> out, undecidable rule (frame-review section 4): in where the list text says it opens, reads, writes, edits, previews, renders or presents Markdown files or documents, or its description calls it a Markdown editor, viewer, reader, notebook, notes application or presenter; out where Markdown is only syntax, shortcuts or support, or not named
resolution	notetka (alternativeto:Obsidian)	undecidable -> out, undecidable rule (frame-review section 4): in where the list text says it opens, reads, writes, edits, previews, renders or presents Markdown files or documents, or its description calls it a Markdown editor, viewer, reader, notebook, notes application or presenter; out where Markdown is only syntax, shortcuts or support, or not named
resolution	Canto Notebook (alternativeto:Obsidian)	undecidable -> out, undecidable rule (frame-review section 4): in where the list text says it opens, reads, writes, edits, previews, renders or presents Markdown files or documents, or its description calls it a Markdown editor, viewer, reader, notebook, notes application or presenter; out where Markdown is only syntax, shortcuts or support, or not named
resolution	Mindcup (alternativeto:Obsidian)	undecidable -> out, undecidable rule (frame-review section 4): in where the list text says it opens, reads, writes, edits, previews, renders or presents Markdown files or documents, or its description calls it a Markdown editor, viewer, reader, notebook, notes application or presenter; out where Markdown is only syntax, shortcuts or support, or not named
resolution	Penqwin (alternativeto:Obsidian)	undecidable -> out, undecidable rule (frame-review section 4): in where the list text says it opens, reads, writes, edits, previews, renders or presents Markdown files or documents, or its description calls it a Markdown editor, viewer, reader, notebook, notes application or presenter; out where Markdown is only syntax, shortcuts or support, or not named
resolution	NoteDiscovery (alternativeto:Obsidian)	undecidable -> out, undecidable rule (frame-review section 4): in where the list text says it opens, reads, writes, edits, previews, renders or presents Markdown files or documents, or its description calls it a Markdown editor, viewer, reader, notebook, notes application or presenter; out where Markdown is only syntax, shortcuts or support, or not named
resolution	LitMemo (alternativeto:Obsidian)	undecidable -> out, undecidable rule (frame-review section 4): in where the list text says it opens, reads, writes, edits, previews, renders or presents Markdown files or documents, or its description calls it a Markdown editor, viewer, reader, notebook, notes application or presenter; out where Markdown is only syntax, shortcuts or support, or not named
resolution	itsnotes (alternativeto:Obsidian)	undecidable -> out, undecidable rule (frame-review section 4): in where the list text says it opens, reads, writes, edits, previews, renders or presents Markdown files or documents, or its description calls it a Markdown editor, viewer, reader, notebook, notes application or presenter; out where Markdown is only syntax, shortcuts or support, or not named
resolution	Anzora Notepad (alternativeto:Obsidian)	undecidable -> out, undecidable rule (frame-review section 4): in where the list text says it opens, reads, writes, edits, previews, renders or presents Markdown files or documents, or its description calls it a Markdown editor, viewer, reader, notebook, notes application or presenter; out where Markdown is only syntax, shortcuts or support, or not named
resolution	Parmind (alternativeto:Obsidian)	undecidable -> out, undecidable rule (frame-review section 4): in where the list text says it opens, reads, writes, edits, previews, renders or presents Markdown files or documents, or its description calls it a Markdown editor, viewer, reader, notebook, notes application or presenter; out where Markdown is only syntax, shortcuts or support, or not named
resolution	SnapMind (alternativeto:Obsidian)	undecidable -> out, undecidable rule (frame-review section 4): in where the list text says it opens, reads, writes, edits, previews, renders or presents Markdown files or documents, or its description calls it a Markdown editor, viewer, reader, notebook, notes application or presenter; out where Markdown is only syntax, shortcuts or support, or not named
resolution	StarNote (alternativeto:Obsidian)	undecidable -> out, undecidable rule (frame-review section 4): in where the list text says it opens, reads, writes, edits, previews, renders or presents Markdown files or documents, or its description calls it a Markdown editor, viewer, reader, notebook, notes application or presenter; out where Markdown is only syntax, shortcuts or support, or not named
resolution	Soma AI Notes (alternativeto:Obsidian)	undecidable -> out, undecidable rule (frame-review section 4): in where the list text says it opens, reads, writes, edits, previews, renders or presents Markdown files or documents, or its description calls it a Markdown editor, viewer, reader, notebook, notes application or presenter; out where Markdown is only syntax, shortcuts or support, or not named
resolution	Yuhimo (alternativeto:Obsidian)	undecidable -> out, undecidable rule (frame-review section 4): in where the list text says it opens, reads, writes, edits, previews, renders or presents Markdown files or documents, or its description calls it a Markdown editor, viewer, reader, notebook, notes application or presenter; out where Markdown is only syntax, shortcuts or support, or not named
resolution	ais (alternativeto:Obsidian)	undecidable -> out, undecidable rule (frame-review section 4): in where the list text says it opens, reads, writes, edits, previews, renders or presents Markdown files or documents, or its description calls it a Markdown editor, viewer, reader, notebook, notes application or presenter; out where Markdown is only syntax, shortcuts or support, or not named
resolution	Strokes (alternativeto:Obsidian)	undecidable -> out, undecidable rule (frame-review section 4): in where the list text says it opens, reads, writes, edits, previews, renders or presents Markdown files or documents, or its description calls it a Markdown editor, viewer, reader, notebook, notes application or presenter; out where Markdown is only syntax, shortcuts or support, or not named
resolution	Minditly (alternativeto:Obsidian)	undecidable -> out, undecidable rule (frame-review section 4): in where the list text says it opens, reads, writes, edits, previews, renders or presents Markdown files or documents, or its description calls it a Markdown editor, viewer, reader, notebook, notes application or presenter; out where Markdown is only syntax, shortcuts or support, or not named
resolution	Muse Notebook (alternativeto:Obsidian)	undecidable -> out, undecidable rule (frame-review section 4): in where the list text says it opens, reads, writes, edits, previews, renders or presents Markdown files or documents, or its description calls it a Markdown editor, viewer, reader, notebook, notes application or presenter; out where Markdown is only syntax, shortcuts or support, or not named
resolution	Journal it! (alternativeto:Obsidian)	undecidable -> out, undecidable rule (frame-review section 4): in where the list text says it opens, reads, writes, edits, previews, renders or presents Markdown files or documents, or its description calls it a Markdown editor, viewer, reader, notebook, notes application or presenter; out where Markdown is only syntax, shortcuts or support, or not named
resolution	SimplyNote (alternativeto:Obsidian)	undecidable -> out, undecidable rule (frame-review section 4): in where the list text says it opens, reads, writes, edits, previews, renders or presents Markdown files or documents, or its description calls it a Markdown editor, viewer, reader, notebook, notes application or presenter; out where Markdown is only syntax, shortcuts or support, or not named
resolution	Jots (alternativeto:Obsidian)	undecidable -> out, undecidable rule (frame-review section 4): in where the list text says it opens, reads, writes, edits, previews, renders or presents Markdown files or documents, or its description calls it a Markdown editor, viewer, reader, notebook, notes application or presenter; out where Markdown is only syntax, shortcuts or support, or not named
resolution	PicoNote (alternativeto:Obsidian)	undecidable -> out, undecidable rule (frame-review section 4): in where the list text says it opens, reads, writes, edits, previews, renders or presents Markdown files or documents, or its description calls it a Markdown editor, viewer, reader, notebook, notes application or presenter; out where Markdown is only syntax, shortcuts or support, or not named
resolution	Keepsake (alternativeto:Obsidian)	undecidable -> out, undecidable rule (frame-review section 4): in where the list text says it opens, reads, writes, edits, previews, renders or presents Markdown files or documents, or its description calls it a Markdown editor, viewer, reader, notebook, notes application or presenter; out where Markdown is only syntax, shortcuts or support, or not named
resolution	MindNest (alternativeto:Obsidian)	undecidable -> out, undecidable rule (frame-review section 4): in where the list text says it opens, reads, writes, edits, previews, renders or presents Markdown files or documents, or its description calls it a Markdown editor, viewer, reader, notebook, notes application or presenter; out where Markdown is only syntax, shortcuts or support, or not named
resolution	monthlet (alternativeto:Obsidian)	undecidable -> out, undecidable rule (frame-review section 4): in where the list text says it opens, reads, writes, edits, previews, renders or presents Markdown files or documents, or its description calls it a Markdown editor, viewer, reader, notebook, notes application or presenter; out where Markdown is only syntax, shortcuts or support, or not named
resolution	MyEncryptedNotes (alternativeto:Obsidian)	undecidable -> out, undecidable rule (frame-review section 4): in where the list text says it opens, reads, writes, edits, previews, renders or presents Markdown files or documents, or its description calls it a Markdown editor, viewer, reader, notebook, notes application or presenter; out where Markdown is only syntax, shortcuts or support, or not named
resolution	Personal Note Manager (PNM) (alternativeto:Obsidian)	undecidable -> out, undecidable rule (frame-review section 4): in where the list text says it opens, reads, writes, edits, previews, renders or presents Markdown files or documents, or its description calls it a Markdown editor, viewer, reader, notebook, notes application or presenter; out where Markdown is only syntax, shortcuts or support, or not named
resolution	NoteRich (alternativeto:Obsidian)	undecidable -> out, undecidable rule (frame-review section 4): in where the list text says it opens, reads, writes, edits, previews, renders or presents Markdown files or documents, or its description calls it a Markdown editor, viewer, reader, notebook, notes application or presenter; out where Markdown is only syntax, shortcuts or support, or not named
resolution	DayApp (alternativeto:Obsidian)	undecidable -> out, undecidable rule (frame-review section 4): in where the list text says it opens, reads, writes, edits, previews, renders or presents Markdown files or documents, or its description calls it a Markdown editor, viewer, reader, notebook, notes application or presenter; out where Markdown is only syntax, shortcuts or support, or not named
resolution	dullnote (alternativeto:Obsidian)	undecidable -> out, undecidable rule (frame-review section 4): in where the list text says it opens, reads, writes, edits, previews, renders or presents Markdown files or documents, or its description calls it a Markdown editor, viewer, reader, notebook, notes application or presenter; out where Markdown is only syntax, shortcuts or support, or not named
resolution	Hjarni (alternativeto:Obsidian)	undecidable -> out, undecidable rule (frame-review section 4): in where the list text says it opens, reads, writes, edits, previews, renders or presents Markdown files or documents, or its description calls it a Markdown editor, viewer, reader, notebook, notes application or presenter; out where Markdown is only syntax, shortcuts or support, or not named
resolution	NoteLess (alternativeto:Obsidian)	undecidable -> out, undecidable rule (frame-review section 4): in where the list text says it opens, reads, writes, edits, previews, renders or presents Markdown files or documents, or its description calls it a Markdown editor, viewer, reader, notebook, notes application or presenter; out where Markdown is only syntax, shortcuts or support, or not named
resolution	LocArk (alternativeto:Obsidian)	undecidable -> out, undecidable rule (frame-review section 4): in where the list text says it opens, reads, writes, edits, previews, renders or presents Markdown files or documents, or its description calls it a Markdown editor, viewer, reader, notebook, notes application or presenter; out where Markdown is only syntax, shortcuts or support, or not named
resolution	Oatpad (alternativeto:Obsidian)	undecidable -> out, undecidable rule (frame-review section 4): in where the list text says it opens, reads, writes, edits, previews, renders or presents Markdown files or documents, or its description calls it a Markdown editor, viewer, reader, notebook, notes application or presenter; out where Markdown is only syntax, shortcuts or support, or not named
resolution	Blink Vault (alternativeto:Obsidian)	undecidable -> out, undecidable rule (frame-review section 4): in where the list text says it opens, reads, writes, edits, previews, renders or presents Markdown files or documents, or its description calls it a Markdown editor, viewer, reader, notebook, notes application or presenter; out where Markdown is only syntax, shortcuts or support, or not named
resolution	localmd (alternativeto:Obsidian)	undecidable -> out, undecidable rule (frame-review section 4): in where the list text says it opens, reads, writes, edits, previews, renders or presents Markdown files or documents, or its description calls it a Markdown editor, viewer, reader, notebook, notes application or presenter; out where Markdown is only syntax, shortcuts or support, or not named
resolution	Skrivla (alternativeto:Obsidian)	undecidable -> out, undecidable rule (frame-review section 4): in where the list text says it opens, reads, writes, edits, previews, renders or presents Markdown files or documents, or its description calls it a Markdown editor, viewer, reader, notebook, notes application or presenter; out where Markdown is only syntax, shortcuts or support, or not named
resolution	Leynir Notes (alternativeto:Obsidian)	undecidable -> out, undecidable rule (frame-review section 4): in where the list text says it opens, reads, writes, edits, previews, renders or presents Markdown files or documents, or its description calls it a Markdown editor, viewer, reader, notebook, notes application or presenter; out where Markdown is only syntax, shortcuts or support, or not named
resolution	Elasticnote (alternativeto:Obsidian)	undecidable -> out, undecidable rule (frame-review section 4): in where the list text says it opens, reads, writes, edits, previews, renders or presents Markdown files or documents, or its description calls it a Markdown editor, viewer, reader, notebook, notes application or presenter; out where Markdown is only syntax, shortcuts or support, or not named
resolution	Onuri (alternativeto:Obsidian)	undecidable -> out, undecidable rule (frame-review section 4): in where the list text says it opens, reads, writes, edits, previews, renders or presents Markdown files or documents, or its description calls it a Markdown editor, viewer, reader, notebook, notes application or presenter; out where Markdown is only syntax, shortcuts or support, or not named
resolution	WitNote (alternativeto:Obsidian)	undecidable -> out, undecidable rule (frame-review section 4): in where the list text says it opens, reads, writes, edits, previews, renders or presents Markdown files or documents, or its description calls it a Markdown editor, viewer, reader, notebook, notes application or presenter; out where Markdown is only syntax, shortcuts or support, or not named
resolution	Compendio (alternativeto:Obsidian)	undecidable -> out, undecidable rule (frame-review section 4): in where the list text says it opens, reads, writes, edits, previews, renders or presents Markdown files or documents, or its description calls it a Markdown editor, viewer, reader, notebook, notes application or presenter; out where Markdown is only syntax, shortcuts or support, or not named
resolution	Secure Notes Vault (alternativeto:Obsidian)	undecidable -> out, undecidable rule (frame-review section 4): in where the list text says it opens, reads, writes, edits, previews, renders or presents Markdown files or documents, or its description calls it a Markdown editor, viewer, reader, notebook, notes application or presenter; out where Markdown is only syntax, shortcuts or support, or not named
resolution	AbelNotes (alternativeto:Obsidian)	undecidable -> out, undecidable rule (frame-review section 4): in where the list text says it opens, reads, writes, edits, previews, renders or presents Markdown files or documents, or its description calls it a Markdown editor, viewer, reader, notebook, notes application or presenter; out where Markdown is only syntax, shortcuts or support, or not named
resolution	asambl (alternativeto:Obsidian)	undecidable -> out, undecidable rule (frame-review section 4): in where the list text says it opens, reads, writes, edits, previews, renders or presents Markdown files or documents, or its description calls it a Markdown editor, viewer, reader, notebook, notes application or presenter; out where Markdown is only syntax, shortcuts or support, or not named
resolution	Dexi (alternativeto:Obsidian)	undecidable -> out, undecidable rule (frame-review section 4): in where the list text says it opens, reads, writes, edits, previews, renders or presents Markdown files or documents, or its description calls it a Markdown editor, viewer, reader, notebook, notes application or presenter; out where Markdown is only syntax, shortcuts or support, or not named
resolution	TheJotter (alternativeto:Obsidian)	undecidable -> out, undecidable rule (frame-review section 4): in where the list text says it opens, reads, writes, edits, previews, renders or presents Markdown files or documents, or its description calls it a Markdown editor, viewer, reader, notebook, notes application or presenter; out where Markdown is only syntax, shortcuts or support, or not named
resolution	TreeProjects (alternativeto:Obsidian)	undecidable -> out, undecidable rule (frame-review section 4): in where the list text says it opens, reads, writes, edits, previews, renders or presents Markdown files or documents, or its description calls it a Markdown editor, viewer, reader, notebook, notes application or presenter; out where Markdown is only syntax, shortcuts or support, or not named
resolution	Altretta (alternativeto:Obsidian)	undecidable -> out, undecidable rule (frame-review section 4): in where the list text says it opens, reads, writes, edits, previews, renders or presents Markdown files or documents, or its description calls it a Markdown editor, viewer, reader, notebook, notes application or presenter; out where Markdown is only syntax, shortcuts or support, or not named
resolution	SNOQ (alternativeto:Obsidian)	undecidable -> out, undecidable rule (frame-review section 4): in where the list text says it opens, reads, writes, edits, previews, renders or presents Markdown files or documents, or its description calls it a Markdown editor, viewer, reader, notebook, notes application or presenter; out where Markdown is only syntax, shortcuts or support, or not named
resolution	Coline (alternativeto:Obsidian)	undecidable -> out, undecidable rule (frame-review section 4): in where the list text says it opens, reads, writes, edits, previews, renders or presents Markdown files or documents, or its description calls it a Markdown editor, viewer, reader, notebook, notes application or presenter; out where Markdown is only syntax, shortcuts or support, or not named
resolution	Ikkendo (alternativeto:Obsidian)	undecidable -> out, undecidable rule (frame-review section 4): in where the list text says it opens, reads, writes, edits, previews, renders or presents Markdown files or documents, or its description calls it a Markdown editor, viewer, reader, notebook, notes application or presenter; out where Markdown is only syntax, shortcuts or support, or not named
resolution	Yarnboard (alternativeto:Obsidian)	undecidable -> out, undecidable rule (frame-review section 4): in where the list text says it opens, reads, writes, edits, previews, renders or presents Markdown files or documents, or its description calls it a Markdown editor, viewer, reader, notebook, notes application or presenter; out where Markdown is only syntax, shortcuts or support, or not named
resolution	Harbor Notes (alternativeto:Obsidian)	undecidable -> out, undecidable rule (frame-review section 4): in where the list text says it opens, reads, writes, edits, previews, renders or presents Markdown files or documents, or its description calls it a Markdown editor, viewer, reader, notebook, notes application or presenter; out where Markdown is only syntax, shortcuts or support, or not named
resolution	Notte - AI Workspace (alternativeto:Obsidian)	undecidable -> out, undecidable rule (frame-review section 4): in where the list text says it opens, reads, writes, edits, previews, renders or presents Markdown files or documents, or its description calls it a Markdown editor, viewer, reader, notebook, notes application or presenter; out where Markdown is only syntax, shortcuts or support, or not named
resolution	Reattend (alternativeto:Obsidian)	undecidable -> out, undecidable rule (frame-review section 4): in where the list text says it opens, reads, writes, edits, previews, renders or presents Markdown files or documents, or its description calls it a Markdown editor, viewer, reader, notebook, notes application or presenter; out where Markdown is only syntax, shortcuts or support, or not named
resolution	Snipcabin (alternativeto:Obsidian)	undecidable -> out, undecidable rule (frame-review section 4): in where the list text says it opens, reads, writes, edits, previews, renders or presents Markdown files or documents, or its description calls it a Markdown editor, viewer, reader, notebook, notes application or presenter; out where Markdown is only syntax, shortcuts or support, or not named
resolution	Inline Note (alternativeto:Obsidian)	undecidable -> out, undecidable rule (frame-review section 4): in where the list text says it opens, reads, writes, edits, previews, renders or presents Markdown files or documents, or its description calls it a Markdown editor, viewer, reader, notebook, notes application or presenter; out where Markdown is only syntax, shortcuts or support, or not named
resolution	Onyka (alternativeto:Obsidian)	undecidable -> out, undecidable rule (frame-review section 4): in where the list text says it opens, reads, writes, edits, previews, renders or presents Markdown files or documents, or its description calls it a Markdown editor, viewer, reader, notebook, notes application or presenter; out where Markdown is only syntax, shortcuts or support, or not named
resolution	StashSync.app (alternativeto:Obsidian)	undecidable -> out, undecidable rule (frame-review section 4): in where the list text says it opens, reads, writes, edits, previews, renders or presents Markdown files or documents, or its description calls it a Markdown editor, viewer, reader, notebook, notes application or presenter; out where Markdown is only syntax, shortcuts or support, or not named
resolution	EpicNotes (alternativeto:Obsidian)	undecidable -> out, undecidable rule (frame-review section 4): in where the list text says it opens, reads, writes, edits, previews, renders or presents Markdown files or documents, or its description calls it a Markdown editor, viewer, reader, notebook, notes application or presenter; out where Markdown is only syntax, shortcuts or support, or not named
resolution	PlyLoom (alternativeto:Obsidian)	undecidable -> out, undecidable rule (frame-review section 4): in where the list text says it opens, reads, writes, edits, previews, renders or presents Markdown files or documents, or its description calls it a Markdown editor, viewer, reader, notebook, notes application or presenter; out where Markdown is only syntax, shortcuts or support, or not named
resolution	sudonotes (alternativeto:Obsidian)	undecidable -> out, undecidable rule (frame-review section 4): in where the list text says it opens, reads, writes, edits, previews, renders or presents Markdown files or documents, or its description calls it a Markdown editor, viewer, reader, notebook, notes application or presenter; out where Markdown is only syntax, shortcuts or support, or not named
resolution	Focusbae (alternativeto:Obsidian)	undecidable -> out, undecidable rule (frame-review section 4): in where the list text says it opens, reads, writes, edits, previews, renders or presents Markdown files or documents, or its description calls it a Markdown editor, viewer, reader, notebook, notes application or presenter; out where Markdown is only syntax, shortcuts or support, or not named
resolution	WorkContext (alternativeto:Obsidian)	undecidable -> out, undecidable rule (frame-review section 4): in where the list text says it opens, reads, writes, edits, previews, renders or presents Markdown files or documents, or its description calls it a Markdown editor, viewer, reader, notebook, notes application or presenter; out where Markdown is only syntax, shortcuts or support, or not named
resolution	shizumu (alternativeto:Obsidian)	undecidable -> out, undecidable rule (frame-review section 4): in where the list text says it opens, reads, writes, edits, previews, renders or presents Markdown files or documents, or its description calls it a Markdown editor, viewer, reader, notebook, notes application or presenter; out where Markdown is only syntax, shortcuts or support, or not named
resolution	HyNote (alternativeto:Obsidian)	undecidable -> out, undecidable rule (frame-review section 4): in where the list text says it opens, reads, writes, edits, previews, renders or presents Markdown files or documents, or its description calls it a Markdown editor, viewer, reader, notebook, notes application or presenter; out where Markdown is only syntax, shortcuts or support, or not named
resolution	River Notes (alternativeto:Obsidian)	undecidable -> out, undecidable rule (frame-review section 4): in where the list text says it opens, reads, writes, edits, previews, renders or presents Markdown files or documents, or its description calls it a Markdown editor, viewer, reader, notebook, notes application or presenter; out where Markdown is only syntax, shortcuts or support, or not named
resolution	Paso (alternativeto:Obsidian)	undecidable -> out, undecidable rule (frame-review section 4): in where the list text says it opens, reads, writes, edits, previews, renders or presents Markdown files or documents, or its description calls it a Markdown editor, viewer, reader, notebook, notes application or presenter; out where Markdown is only syntax, shortcuts or support, or not named
resolution	Understory: Writing Notes (alternativeto:Obsidian)	undecidable -> out, undecidable rule (frame-review section 4): in where the list text says it opens, reads, writes, edits, previews, renders or presents Markdown files or documents, or its description calls it a Markdown editor, viewer, reader, notebook, notes application or presenter; out where Markdown is only syntax, shortcuts or support, or not named
resolution	Study Focus (alternativeto:Obsidian)	undecidable -> out, undecidable rule (frame-review section 4): in where the list text says it opens, reads, writes, edits, previews, renders or presents Markdown files or documents, or its description calls it a Markdown editor, viewer, reader, notebook, notes application or presenter; out where Markdown is only syntax, shortcuts or support, or not named
resolution	BrewMemo (alternativeto:Obsidian)	undecidable -> out, undecidable rule (frame-review section 4): in where the list text says it opens, reads, writes, edits, previews, renders or presents Markdown files or documents, or its description calls it a Markdown editor, viewer, reader, notebook, notes application or presenter; out where Markdown is only syntax, shortcuts or support, or not named
resolution	Chat Notes (alternativeto:Obsidian)	undecidable -> out, undecidable rule (frame-review section 4): in where the list text says it opens, reads, writes, edits, previews, renders or presents Markdown files or documents, or its description calls it a Markdown editor, viewer, reader, notebook, notes application or presenter; out where Markdown is only syntax, shortcuts or support, or not named
resolution	Exsut (alternativeto:Obsidian)	undecidable -> out, undecidable rule (frame-review section 4): in where the list text says it opens, reads, writes, edits, previews, renders or presents Markdown files or documents, or its description calls it a Markdown editor, viewer, reader, notebook, notes application or presenter; out where Markdown is only syntax, shortcuts or support, or not named
resolution	Lithic PKMS (alternativeto:Obsidian)	undecidable -> out, undecidable rule (frame-review section 4): in where the list text says it opens, reads, writes, edits, previews, renders or presents Markdown files or documents, or its description calls it a Markdown editor, viewer, reader, notebook, notes application or presenter; out where Markdown is only syntax, shortcuts or support, or not named
resolution	Aktaba (alternativeto:Obsidian)	undecidable -> out, undecidable rule (frame-review section 4): in where the list text says it opens, reads, writes, edits, previews, renders or presents Markdown files or documents, or its description calls it a Markdown editor, viewer, reader, notebook, notes application or presenter; out where Markdown is only syntax, shortcuts or support, or not named
resolution	Flit (alternativeto:Obsidian)	undecidable -> out, undecidable rule (frame-review section 4): in where the list text says it opens, reads, writes, edits, previews, renders or presents Markdown files or documents, or its description calls it a Markdown editor, viewer, reader, notebook, notes application or presenter; out where Markdown is only syntax, shortcuts or support, or not named
resolution	SimplyBoard (alternativeto:Obsidian)	undecidable -> out, undecidable rule (frame-review section 4): in where the list text says it opens, reads, writes, edits, previews, renders or presents Markdown files or documents, or its description calls it a Markdown editor, viewer, reader, notebook, notes application or presenter; out where Markdown is only syntax, shortcuts or support, or not named
resolution	TUI-Journal (alternativeto:Obsidian)	undecidable -> out, undecidable rule (frame-review section 4): in where the list text says it opens, reads, writes, edits, previews, renders or presents Markdown files or documents, or its description calls it a Markdown editor, viewer, reader, notebook, notes application or presenter; out where Markdown is only syntax, shortcuts or support, or not named
resolution	ThoughtsPlus (alternativeto:Obsidian)	undecidable -> out, undecidable rule (frame-review section 4): in where the list text says it opens, reads, writes, edits, previews, renders or presents Markdown files or documents, or its description calls it a Markdown editor, viewer, reader, notebook, notes application or presenter; out where Markdown is only syntax, shortcuts or support, or not named
resolution	Eleganote (alternativeto:Obsidian)	undecidable -> out, undecidable rule (frame-review section 4): in where the list text says it opens, reads, writes, edits, previews, renders or presents Markdown files or documents, or its description calls it a Markdown editor, viewer, reader, notebook, notes application or presenter; out where Markdown is only syntax, shortcuts or support, or not named
resolution	ExpiNotes (alternativeto:Obsidian)	undecidable -> out, undecidable rule (frame-review section 4): in where the list text says it opens, reads, writes, edits, previews, renders or presents Markdown files or documents, or its description calls it a Markdown editor, viewer, reader, notebook, notes application or presenter; out where Markdown is only syntax, shortcuts or support, or not named
resolution	Safety Note+ (alternativeto:Obsidian)	undecidable -> out, undecidable rule (frame-review section 4): in where the list text says it opens, reads, writes, edits, previews, renders or presents Markdown files or documents, or its description calls it a Markdown editor, viewer, reader, notebook, notes application or presenter; out where Markdown is only syntax, shortcuts or support, or not named
eligibility	MarkText (alternativeto:Marked (AlternativeTo entry for Marked))	R1 struck: the blurb's subject is a Markdown application, not a converter, linter, theme or snippet tool; out -> in
eligibility	Ferrite (alternativeto:Marked (AlternativeTo entry for Marked))	R1 struck: the blurb's subject is a Markdown application, not a converter, linter, theme or snippet tool; out -> in
eligibility	marka.md (alternativeto:Marked (AlternativeTo entry for Marked))	R1 struck: the blurb's subject is a Markdown application, not a converter, linter, theme or snippet tool; out -> in
eligibility	Downright (alternativeto:Marked (AlternativeTo entry for Marked))	R1 struck: the blurb's subject is a Markdown application, not a converter, linter, theme or snippet tool; out -> in
resolution	Hemingway Editor (alternativeto:Marked (AlternativeTo entry for Marked))	undecidable -> out, undecidable rule (frame-review section 4): in where the list text says it opens, reads, writes, edits, previews, renders or presents Markdown files or documents, or its description calls it a Markdown editor, viewer, reader, notebook, notes application or presenter; out where Markdown is only syntax, shortcuts or support, or not named
eligibility	Inkwell Markdown Editor (alternativeto:Marked (AlternativeTo entry for Marked))	R1 struck: the blurb's subject is a Markdown application, not a converter, linter, theme or snippet tool; out -> in
resolution	Norka (alternativeto:Marked (AlternativeTo entry for Marked))	undecidable -> out, undecidable rule (frame-review section 4): in where the list text says it opens, reads, writes, edits, previews, renders or presents Markdown files or documents, or its description calls it a Markdown editor, viewer, reader, notebook, notes application or presenter; out where Markdown is only syntax, shortcuts or support, or not named
resolution	Zen Editor (alternativeto:Marked (AlternativeTo entry for Marked))	undecidable -> out, undecidable rule (frame-review section 4): in where the list text says it opens, reads, writes, edits, previews, renders or presents Markdown files or documents, or its description calls it a Markdown editor, viewer, reader, notebook, notes application or presenter; out where Markdown is only syntax, shortcuts or support, or not named
resolution	Writeopia (alternativeto:Marked (AlternativeTo entry for Marked))	undecidable -> out, undecidable rule (frame-review section 4): in where the list text says it opens, reads, writes, edits, previews, renders or presents Markdown files or documents, or its description calls it a Markdown editor, viewer, reader, notebook, notes application or presenter; out where Markdown is only syntax, shortcuts or support, or not named
eligibility	MWeb (alternativeto:Marked (AlternativeTo entry for Marked))	R1 struck: the blurb's subject is a Markdown application, not a converter, linter, theme or snippet tool; out -> in
resolution	Editorially (alternativeto:Marked (AlternativeTo entry for Marked))	undecidable -> out, undecidable rule (frame-review section 4): in where the list text says it opens, reads, writes, edits, previews, renders or presents Markdown files or documents, or its description calls it a Markdown editor, viewer, reader, notebook, notes application or presenter; out where Markdown is only syntax, shortcuts or support, or not named
eligibility	SpringNotes (alternativeto:Marked (AlternativeTo entry for Marked))	R1 struck: the blurb's subject is a Markdown application, not a converter, linter, theme or snippet tool; out -> in
eligibility	Theorylog (alternativeto:Marked (AlternativeTo entry for Marked))	R1 struck: the blurb's subject is a Markdown application, not a converter, linter, theme or snippet tool; out -> in
eligibility	MarkText (alternativeto:Glow)	R1 struck: the blurb's subject is a Markdown application, not a converter, linter, theme or snippet tool; out -> in
resolution	Hemingway Editor (alternativeto:Glow)	undecidable -> out, undecidable rule (frame-review section 4): in where the list text says it opens, reads, writes, edits, previews, renders or presents Markdown files or documents, or its description calls it a Markdown editor, viewer, reader, notebook, notes application or presenter; out where Markdown is only syntax, shortcuts or support, or not named
resolution	Zen Editor (alternativeto:Glow)	undecidable -> out, undecidable rule (frame-review section 4): in where the list text says it opens, reads, writes, edits, previews, renders or presents Markdown files or documents, or its description calls it a Markdown editor, viewer, reader, notebook, notes application or presenter; out where Markdown is only syntax, shortcuts or support, or not named
eligibility	MWeb (alternativeto:Glow)	R1 struck: the blurb's subject is a Markdown application, not a converter, linter, theme or snippet tool; out -> in
resolution	Editorially (alternativeto:Glow)	undecidable -> out, undecidable rule (frame-review section 4): in where the list text says it opens, reads, writes, edits, previews, renders or presents Markdown files or documents, or its description calls it a Markdown editor, viewer, reader, notebook, notes application or presenter; out where Markdown is only syntax, shortcuts or support, or not named
eligibility	Theorylog (alternativeto:Glow)	R1 struck: the blurb's subject is a Markdown application, not a converter, linter, theme or snippet tool; out -> in
resolution	MDXG Redline (awesome-claude-code)	undecidable -> out, undecidable rule (frame-review section 4): in where the list text says it opens, reads, writes, edits, previews, renders or presents Markdown files or documents, or its description calls it a Markdown editor, viewer, reader, notebook, notes application or presenter; out where Markdown is only syntax, shortcuts or support, or not named
resolution	Agent Workbench (awesome-claude-code)	undecidable -> out, undecidable rule (frame-review section 4): in where the list text says it opens, reads, writes, edits, previews, renders or presents Markdown files or documents, or its description calls it a Markdown editor, viewer, reader, notebook, notes application or presenter; out where Markdown is only syntax, shortcuts or support, or not named
resolution	CloudCLI (Claude Code UI) (awesome-claude-code)	undecidable -> out, undecidable rule (frame-review section 4): in where the list text says it opens, reads, writes, edits, previews, renders or presents Markdown files or documents, or its description calls it a Markdown editor, viewer, reader, notebook, notes application or presenter; out where Markdown is only syntax, shortcuts or support, or not named
resolution	FlyCrys (awesome-claude-code)	undecidable -> in, undecidable rule (frame-review section 4): in where the list text says it opens, reads, writes, edits, previews, renders or presents Markdown files or documents, or its description calls it a Markdown editor, viewer, reader, notebook, notes application or presenter; out where Markdown is only syntax, shortcuts or support, or not named
resolution	Sidekick for Max (awesome-claude-code)	undecidable -> out, undecidable rule (frame-review section 4): in where the list text says it opens, reads, writes, edits, previews, renders or presents Markdown files or documents, or its description calls it a Markdown editor, viewer, reader, notebook, notes application or presenter; out where Markdown is only syntax, shortcuts or support, or not named
resolution	claude-replay (awesome-claude-code)	undecidable -> out, undecidable rule (frame-review section 4): in where the list text says it opens, reads, writes, edits, previews, renders or presents Markdown files or documents, or its description calls it a Markdown editor, viewer, reader, notebook, notes application or presenter; out where Markdown is only syntax, shortcuts or support, or not named
resolution	Plannotator (awesome-claude-code)	undecidable -> out, undecidable rule (frame-review section 4): in where the list text says it opens, reads, writes, edits, previews, renders or presents Markdown files or documents, or its description calls it a Markdown editor, viewer, reader, notebook, notes application or presenter; out where Markdown is only syntax, shortcuts or support, or not named
resolution	Callimachus (awesome-claude-code)	undecidable -> out, undecidable rule (frame-review section 4): in where the list text says it opens, reads, writes, edits, previews, renders or presents Markdown files or documents, or its description calls it a Markdown editor, viewer, reader, notebook, notes application or presenter; out where Markdown is only syntax, shortcuts or support, or not named
resolution	CC Harness (awesome-claude-code)	undecidable -> out, undecidable rule (frame-review section 4): in where the list text says it opens, reads, writes, edits, previews, renders or presents Markdown files or documents, or its description calls it a Markdown editor, viewer, reader, notebook, notes application or presenter; out where Markdown is only syntax, shortcuts or support, or not named
resolution	seedeep (awesome-claude-code)	undecidable -> out, undecidable rule (frame-review section 4): in where the list text says it opens, reads, writes, edits, previews, renders or presents Markdown files or documents, or its description calls it a Markdown editor, viewer, reader, notebook, notes application or presenter; out where Markdown is only syntax, shortcuts or support, or not named
resolution	claude-control (awesome-claude-code)	undecidable -> out, undecidable rule (frame-review section 4): in where the list text says it opens, reads, writes, edits, previews, renders or presents Markdown files or documents, or its description calls it a Markdown editor, viewer, reader, notebook, notes application or presenter; out where Markdown is only syntax, shortcuts or support, or not named
resolution	ccxray (awesome-claude-code)	undecidable -> out, undecidable rule (frame-review section 4): in where the list text says it opens, reads, writes, edits, previews, renders or presents Markdown files or documents, or its description calls it a Markdown editor, viewer, reader, notebook, notes application or presenter; out where Markdown is only syntax, shortcuts or support, or not named
resolution	agents-observe (awesome-claude-code)	undecidable -> out, undecidable rule (frame-review section 4): in where the list text says it opens, reads, writes, edits, previews, renders or presents Markdown files or documents, or its description calls it a Markdown editor, viewer, reader, notebook, notes application or presenter; out where Markdown is only syntax, shortcuts or support, or not named
resolution	claude-esp (awesome-claude-code)	undecidable -> out, undecidable rule (frame-review section 4): in where the list text says it opens, reads, writes, edits, previews, renders or presents Markdown files or documents, or its description calls it a Markdown editor, viewer, reader, notebook, notes application or presenter; out where Markdown is only syntax, shortcuts or support, or not named
resolution	claude-code-tools (awesome-claude-code)	undecidable -> out, undecidable rule (frame-review section 4): in where the list text says it opens, reads, writes, edits, previews, renders or presents Markdown files or documents, or its description calls it a Markdown editor, viewer, reader, notebook, notes application or presenter; out where Markdown is only syntax, shortcuts or support, or not named
resolution	Markdown Here (chrome-web-store)	undecidable -> in, undecidable rule (frame-review section 4): in where the list text says it opens, reads, writes, edits, previews, renders or presents Markdown files or documents, or its description calls it a Markdown editor, viewer, reader, notebook, notes application or presenter; out where Markdown is only syntax, shortcuts or support, or not named
resolution	GitHub Markdown Printer (chrome-web-store)	undecidable -> in, undecidable rule (frame-review section 4): in where the list text says it opens, reads, writes, edits, previews, renders or presents Markdown files or documents, or its description calls it a Markdown editor, viewer, reader, notebook, notes application or presenter; out where Markdown is only syntax, shortcuts or support, or not named
resolution	elpa-olivetti (debian:apt-cache search markdown)	undecidable -> out, undecidable rule (frame-review section 4): in where the list text says it opens, reads, writes, edits, previews, renders or presents Markdown files or documents, or its description calls it a Markdown editor, viewer, reader, notebook, notes application or presenter; out where Markdown is only syntax, shortcuts or support, or not named
resolution	iotas (debian:apt-cache search markdown)	undecidable -> out, undecidable rule (frame-review section 4): in where the list text says it opens, reads, writes, edits, previews, renders or presents Markdown files or documents, or its description calls it a Markdown editor, viewer, reader, notebook, notes application or presenter; out where Markdown is only syntax, shortcuts or support, or not named
resolution	klevernotes (debian:apt-cache search markdown)	undecidable -> out, undecidable rule (frame-review section 4): in where the list text says it opens, reads, writes, edits, previews, renders or presents Markdown files or documents, or its description calls it a Markdown editor, viewer, reader, notebook, notes application or presenter; out where Markdown is only syntax, shortcuts or support, or not named
resolution	kookbook (debian:apt-cache search markdown)	undecidable -> in, undecidable rule (frame-review section 4): in where the list text says it opens, reads, writes, edits, previews, renders or presents Markdown files or documents, or its description calls it a Markdown editor, viewer, reader, notebook, notes application or presenter; out where Markdown is only syntax, shortcuts or support, or not named
resolution	lookatme (debian:apt-cache search markdown)	undecidable -> out, undecidable rule (frame-review section 4): in where the list text says it opens, reads, writes, edits, previews, renders or presents Markdown files or documents, or its description calls it a Markdown editor, viewer, reader, notebook, notes application or presenter; out where Markdown is only syntax, shortcuts or support, or not named
resolution	md2term (debian:apt-cache search markdown)	undecidable -> in, undecidable rule (frame-review section 4): in where the list text says it opens, reads, writes, edits, previews, renders or presents Markdown files or documents, or its description calls it a Markdown editor, viewer, reader, notebook, notes application or presenter; out where Markdown is only syntax, shortcuts or support, or not named
resolution	mdp (debian:apt-cache search markdown)	undecidable -> in, undecidable rule (frame-review section 4): in where the list text says it opens, reads, writes, edits, previews, renders or presents Markdown files or documents, or its description calls it a Markdown editor, viewer, reader, notebook, notes application or presenter; out where Markdown is only syntax, shortcuts or support, or not named
resolution	minder (debian:apt-cache search markdown)	undecidable -> out, undecidable rule (frame-review section 4): in where the list text says it opens, reads, writes, edits, previews, renders or presents Markdown files or documents, or its description calls it a Markdown editor, viewer, reader, notebook, notes application or presenter; out where Markdown is only syntax, shortcuts or support, or not named
resolution	okular-extra-backends (debian:apt-cache search markdown)	undecidable -> out, undecidable rule (frame-review section 4): in where the list text says it opens, reads, writes, edits, previews, renders or presents Markdown files or documents, or its description calls it a Markdown editor, viewer, reader, notebook, notes application or presenter; out where Markdown is only syntax, shortcuts or support, or not named
resolution	pampi (debian:apt-cache search markdown)	undecidable -> in, undecidable rule (frame-review section 4): in where the list text says it opens, reads, writes, edits, previews, renders or presents Markdown files or documents, or its description calls it a Markdown editor, viewer, reader, notebook, notes application or presenter; out where Markdown is only syntax, shortcuts or support, or not named
resolution	vim-link-vim (debian:apt-cache search markdown)	undecidable -> out, undecidable rule (frame-review section 4): in where the list text says it opens, reads, writes, edits, previews, renders or presents Markdown files or documents, or its description calls it a Markdown editor, viewer, reader, notebook, notes application or presenter; out where Markdown is only syntax, shortcuts or support, or not named
resolution	vim-vimwiki (debian:apt-cache search markdown)	undecidable -> out, undecidable rule (frame-review section 4): in where the list text says it opens, reads, writes, edits, previews, renders or presents Markdown files or documents, or its description calls it a Markdown editor, viewer, reader, notebook, notes application or presenter; out where Markdown is only syntax, shortcuts or support, or not named
resolution	vim-voom (debian:apt-cache search markdown)	undecidable -> out, undecidable rule (frame-review section 4): in where the list text says it opens, reads, writes, edits, previews, renders or presents Markdown files or documents, or its description calls it a Markdown editor, viewer, reader, notebook, notes application or presenter; out where Markdown is only syntax, shortcuts or support, or not named
resolution	Norka (Flathub)	undecidable -> out, undecidable rule (frame-review section 4): in where the list text says it opens, reads, writes, edits, previews, renders or presents Markdown files or documents, or its description calls it a Markdown editor, viewer, reader, notebook, notes application or presenter; out where Markdown is only syntax, shortcuts or support, or not named
resolution	2dTaskBoard (Flathub)	undecidable -> out, undecidable rule (frame-review section 4): in where the list text says it opens, reads, writes, edits, previews, renders or presents Markdown files or documents, or its description calls it a Markdown editor, viewer, reader, notebook, notes application or presenter; out where Markdown is only syntax, shortcuts or support, or not named
resolution	smasi (Flathub)	undecidable -> out, undecidable rule (frame-review section 4): in where the list text says it opens, reads, writes, edits, previews, renders or presents Markdown files or documents, or its description calls it a Markdown editor, viewer, reader, notebook, notes application or presenter; out where Markdown is only syntax, shortcuts or support, or not named
resolution	Reinschrift (Flathub)	undecidable -> in, undecidable rule (frame-review section 4): in where the list text says it opens, reads, writes, edits, previews, renders or presents Markdown files or documents, or its description calls it a Markdown editor, viewer, reader, notebook, notes application or presenter; out where Markdown is only syntax, shortcuts or support, or not named
resolution	Simplenote (Flathub)	undecidable -> out, undecidable rule (frame-review section 4): in where the list text says it opens, reads, writes, edits, previews, renders or presents Markdown files or documents, or its description calls it a Markdown editor, viewer, reader, notebook, notes application or presenter; out where Markdown is only syntax, shortcuts or support, or not named
resolution	Essentialist (Flathub)	undecidable -> in, undecidable rule (frame-review section 4): in where the list text says it opens, reads, writes, edits, previews, renders or presents Markdown files or documents, or its description calls it a Markdown editor, viewer, reader, notebook, notes application or presenter; out where Markdown is only syntax, shortcuts or support, or not named
resolution	pd4d10/hashmd (github-topics:markdown-viewer)	undecidable -> in, undecidable rule (frame-review section 4): in where the list text says it opens, reads, writes, edits, previews, renders or presents Markdown files or documents, or its description calls it a Markdown editor, viewer, reader, notebook, notes application or presenter; out where Markdown is only syntax, shortcuts or support, or not named
resolution	d0c-s4vage/lookatme (github-topics:markdown-viewer)	undecidable -> in, undecidable rule (frame-review section 4): in where the list text says it opens, reads, writes, edits, previews, renders or presents Markdown files or documents, or its description calls it a Markdown editor, viewer, reader, notebook, notes application or presenter; out where Markdown is only syntax, shortcuts or support, or not named
resolution	Houfeng/mditor (github-topics:markdown-viewer)	undecidable -> out, undecidable rule (frame-review section 4): in where the list text says it opens, reads, writes, edits, previews, renders or presents Markdown files or documents, or its description calls it a Markdown editor, viewer, reader, notebook, notes application or presenter; out where Markdown is only syntax, shortcuts or support, or not named
resolution	Linbreux/wikmd (github-topics:markdown-viewer)	undecidable -> in, undecidable rule (frame-review section 4): in where the list text says it opens, reads, writes, edits, previews, renders or presents Markdown files or documents, or its description calls it a Markdown editor, viewer, reader, notebook, notes application or presenter; out where Markdown is only syntax, shortcuts or support, or not named
resolution	boolean-maybe/tiki (github-topics:markdown-viewer)	undecidable -> out, undecidable rule (frame-review section 4): in where the list text says it opens, reads, writes, edits, previews, renders or presents Markdown files or documents, or its description calls it a Markdown editor, viewer, reader, notebook, notes application or presenter; out where Markdown is only syntax, shortcuts or support, or not named
resolution	foambubble/foam (github-topics:markdown-editor)	undecidable -> out, undecidable rule (frame-review section 4): in where the list text says it opens, reads, writes, edits, previews, renders or presents Markdown files or documents, or its description calls it a Markdown editor, viewer, reader, notebook, notes application or presenter; out where Markdown is only syntax, shortcuts or support, or not named
resolution	doocs/md (github-topics:markdown-editor)	undecidable -> in, undecidable rule (frame-review section 4): in where the list text says it opens, reads, writes, edits, previews, renders or presents Markdown files or documents, or its description calls it a Markdown editor, viewer, reader, notebook, notes application or presenter; out where Markdown is only syntax, shortcuts or support, or not named
resolution	genspark-ai/genoffice (github-topics:markdown-editor)	undecidable -> in, undecidable rule (frame-review section 4): in where the list text says it opens, reads, writes, edits, previews, renders or presents Markdown files or documents, or its description calls it a Markdown editor, viewer, reader, notebook, notes application or presenter; out where Markdown is only syntax, shortcuts or support, or not named
resolution	dendronhq/dendron (github-topics:markdown-editor)	undecidable -> out, undecidable rule (frame-review section 4): in where the list text says it opens, reads, writes, edits, previews, renders or presents Markdown files or documents, or its description calls it a Markdown editor, viewer, reader, notebook, notes application or presenter; out where Markdown is only syntax, shortcuts or support, or not named
resolution	taniarascia/takenote (github-topics:markdown-editor)	undecidable -> out, undecidable rule (frame-review section 4): in where the list text says it opens, reads, writes, edits, previews, renders or presents Markdown files or documents, or its description calls it a Markdown editor, viewer, reader, notebook, notes application or presenter; out where Markdown is only syntax, shortcuts or support, or not named
resolution	pd4d10/hashmd (github-topics:markdown-editor)	undecidable -> in, undecidable rule (frame-review section 4): in where the list text says it opens, reads, writes, edits, previews, renders or presents Markdown files or documents, or its description calls it a Markdown editor, viewer, reader, notebook, notes application or presenter; out where Markdown is only syntax, shortcuts or support, or not named
resolution	nimbalyst/nimbalyst (github-topics:markdown-editor)	undecidable -> in, undecidable rule (frame-review section 4): in where the list text says it opens, reads, writes, edits, previews, renders or presents Markdown files or documents, or its description calls it a Markdown editor, viewer, reader, notebook, notes application or presenter; out where Markdown is only syntax, shortcuts or support, or not named
resolution	tianyaxiang/neurapress (github-topics:markdown-editor)	undecidable -> in, undecidable rule (frame-review section 4): in where the list text says it opens, reads, writes, edits, previews, renders or presents Markdown files or documents, or its description calls it a Markdown editor, viewer, reader, notebook, notes application or presenter; out where Markdown is only syntax, shortcuts or support, or not named
resolution	maqi1520/mdx-notes (github-topics:markdown-editor)	undecidable -> out, undecidable rule (frame-review section 4): in where the list text says it opens, reads, writes, edits, previews, renders or presents Markdown files or documents, or its description calls it a Markdown editor, viewer, reader, notebook, notes application or presenter; out where Markdown is only syntax, shortcuts or support, or not named
resolution	growilabs/growi (github-topics:markdown-editor)	undecidable -> in, undecidable rule (frame-review section 4): in where the list text says it opens, reads, writes, edits, previews, renders or presents Markdown files or documents, or its description calls it a Markdown editor, viewer, reader, notebook, notes application or presenter; out where Markdown is only syntax, shortcuts or support, or not named
resolution	nubasedev/potato (github-topics:markdown-editor)	undecidable -> out, undecidable rule (frame-review section 4): in where the list text says it opens, reads, writes, edits, previews, renders or presents Markdown files or documents, or its description calls it a Markdown editor, viewer, reader, notebook, notes application or presenter; out where Markdown is only syntax, shortcuts or support, or not named
resolution	shuaiplus/inkstone (github-topics:markdown-editor)	undecidable -> in, undecidable rule (frame-review section 4): in where the list text says it opens, reads, writes, edits, previews, renders or presents Markdown files or documents, or its description calls it a Markdown editor, viewer, reader, notebook, notes application or presenter; out where Markdown is only syntax, shortcuts or support, or not named
resolution	liuxiaopai-ai/raphael-publish (github-topics:markdown-editor)	undecidable -> out, undecidable rule (frame-review section 4): in where the list text says it opens, reads, writes, edits, previews, renders or presents Markdown files or documents, or its description calls it a Markdown editor, viewer, reader, notebook, notes application or presenter; out where Markdown is only syntax, shortcuts or support, or not named
resolution	tenngoxars/WeMD (github-topics:markdown-editor)	undecidable -> in, undecidable rule (frame-review section 4): in where the list text says it opens, reads, writes, edits, previews, renders or presents Markdown files or documents, or its description calls it a Markdown editor, viewer, reader, notebook, notes application or presenter; out where Markdown is only syntax, shortcuts or support, or not named
resolution	mdSilo/mdSilo-app (github-topics:markdown-editor)	undecidable -> out, undecidable rule (frame-review section 4): in where the list text says it opens, reads, writes, edits, previews, renders or presents Markdown files or documents, or its description calls it a Markdown editor, viewer, reader, notebook, notes application or presenter; out where Markdown is only syntax, shortcuts or support, or not named
resolution	Cveinnt/LetsMarkdown.com (github-topics:markdown-editor)	undecidable -> in, undecidable rule (frame-review section 4): in where the list text says it opens, reads, writes, edits, previews, renders or presents Markdown files or documents, or its description calls it a Markdown editor, viewer, reader, notebook, notes application or presenter; out where Markdown is only syntax, shortcuts or support, or not named
resolution	nextcloud/notes (github-topics:markdown-editor)	undecidable -> out, undecidable rule (frame-review section 4): in where the list text says it opens, reads, writes, edits, previews, renders or presents Markdown files or documents, or its description calls it a Markdown editor, viewer, reader, notebook, notes application or presenter; out where Markdown is only syntax, shortcuts or support, or not named
resolution	junian/markdown-resume (github-topics:markdown-editor)	undecidable -> in, undecidable rule (frame-review section 4): in where the list text says it opens, reads, writes, edits, previews, renders or presents Markdown files or documents, or its description calls it a Markdown editor, viewer, reader, notebook, notes application or presenter; out where Markdown is only syntax, shortcuts or support, or not named
resolution	terrylinooo/githuber-md (github-topics:markdown-editor)	undecidable -> in, undecidable rule (frame-review section 4): in where the list text says it opens, reads, writes, edits, previews, renders or presents Markdown files or documents, or its description calls it a Markdown editor, viewer, reader, notebook, notes application or presenter; out where Markdown is only syntax, shortcuts or support, or not named
resolution	Gram-ax/gramax (github-topics:markdown-editor)	undecidable -> in, undecidable rule (frame-review section 4): in where the list text says it opens, reads, writes, edits, previews, renders or presents Markdown files or documents, or its description calls it a Markdown editor, viewer, reader, notebook, notes application or presenter; out where Markdown is only syntax, shortcuts or support, or not named
resolution	suchnsuch/Tangent (github-topics:markdown-editor)	undecidable -> out, undecidable rule (frame-review section 4): in where the list text says it opens, reads, writes, edits, previews, renders or presents Markdown files or documents, or its description calls it a Markdown editor, viewer, reader, notebook, notes application or presenter; out where Markdown is only syntax, shortcuts or support, or not named
resolution	jaywcjlove/wxmp (github-topics:markdown-editor)	undecidable -> in, undecidable rule (frame-review section 4): in where the list text says it opens, reads, writes, edits, previews, renders or presents Markdown files or documents, or its description calls it a Markdown editor, viewer, reader, notebook, notes application or presenter; out where Markdown is only syntax, shortcuts or support, or not named
resolution	Houfeng/mditor (github-topics:markdown-editor)	undecidable -> out, undecidable rule (frame-review section 4): in where the list text says it opens, reads, writes, edits, previews, renders or presents Markdown files or documents, or its description calls it a Markdown editor, viewer, reader, notebook, notes application or presenter; out where Markdown is only syntax, shortcuts or support, or not named
resolution	ApostropheEditor/Apostrophe (github-topics:markdown-editor)	undecidable -> out, undecidable rule (frame-review section 4): in where the list text says it opens, reads, writes, edits, previews, renders or presents Markdown files or documents, or its description calls it a Markdown editor, viewer, reader, notebook, notes application or presenter; out where Markdown is only syntax, shortcuts or support, or not named
resolution	r3bl-org/r3bl-open-core (github-topics:markdown-editor)	undecidable -> out, undecidable rule (frame-review section 4): in where the list text says it opens, reads, writes, edits, previews, renders or presents Markdown files or documents, or its description calls it a Markdown editor, viewer, reader, notebook, notes application or presenter; out where Markdown is only syntax, shortcuts or support, or not named
resolution	text2future/flowix (github-topics:markdown-editor)	undecidable -> out, undecidable rule (frame-review section 4): in where the list text says it opens, reads, writes, edits, previews, renders or presents Markdown files or documents, or its description calls it a Markdown editor, viewer, reader, notebook, notes application or presenter; out where Markdown is only syntax, shortcuts or support, or not named
resolution	Linbreux/wikmd (github-topics:markdown-editor)	undecidable -> in, undecidable rule (frame-review section 4): in where the list text says it opens, reads, writes, edits, previews, renders or presents Markdown files or documents, or its description calls it a Markdown editor, viewer, reader, notebook, notes application or presenter; out where Markdown is only syntax, shortcuts or support, or not named
resolution	lainsce/quilter (github-topics:markdown-editor)	undecidable -> out, undecidable rule (frame-review section 4): in where the list text says it opens, reads, writes, edits, previews, renders or presents Markdown files or documents, or its description calls it a Markdown editor, viewer, reader, notebook, notes application or presenter; out where Markdown is only syntax, shortcuts or support, or not named
resolution	johansatge/obsidian-automatic-table-of-contents (github-topics:markdown-editor)	undecidable -> out, undecidable rule (frame-review section 4): in where the list text says it opens, reads, writes, edits, previews, renders or presents Markdown files or documents, or its description calls it a Markdown editor, viewer, reader, notebook, notes application or presenter; out where Markdown is only syntax, shortcuts or support, or not named
resolution	wbrawner/SimpleMarkdown (github-topics:markdown-editor)	undecidable -> out, undecidable rule (frame-review section 4): in where the list text says it opens, reads, writes, edits, previews, renders or presents Markdown files or documents, or its description calls it a Markdown editor, viewer, reader, notebook, notes application or presenter; out where Markdown is only syntax, shortcuts or support, or not named
resolution	laogou717/md-wechat (github-topics:markdown-editor)	undecidable -> in, undecidable rule (frame-review section 4): in where the list text says it opens, reads, writes, edits, previews, renders or presents Markdown files or documents, or its description calls it a Markdown editor, viewer, reader, notebook, notes application or presenter; out where Markdown is only syntax, shortcuts or support, or not named
resolution	markboard-io/markboard (github-topics:markdown-editor)	undecidable -> in, undecidable rule (frame-review section 4): in where the list text says it opens, reads, writes, edits, previews, renders or presents Markdown files or documents, or its description calls it a Markdown editor, viewer, reader, notebook, notes application or presenter; out where Markdown is only syntax, shortcuts or support, or not named
resolution	toonote/desktop-legacy (github-topics:markdown-editor)	undecidable -> out, undecidable rule (frame-review section 4): in where the list text says it opens, reads, writes, edits, previews, renders or presents Markdown files or documents, or its description calls it a Markdown editor, viewer, reader, notebook, notes application or presenter; out where Markdown is only syntax, shortcuts or support, or not named
resolution	JP1016/Markdown (github-topics:markdown-editor)	undecidable -> out, undecidable rule (frame-review section 4): in where the list text says it opens, reads, writes, edits, previews, renders or presents Markdown files or documents, or its description calls it a Markdown editor, viewer, reader, notebook, notes application or presenter; out where Markdown is only syntax, shortcuts or support, or not named
resolution	georgeOsdDev/markdown-edit (github-topics:markdown-editor)	undecidable -> in, undecidable rule (frame-review section 4): in where the list text says it opens, reads, writes, edits, previews, renders or presents Markdown files or documents, or its description calls it a Markdown editor, viewer, reader, notebook, notes application or presenter; out where Markdown is only syntax, shortcuts or support, or not named
resolution	rotbit/xedit (github-topics:markdown-editor)	undecidable -> in, undecidable rule (frame-review section 4): in where the list text says it opens, reads, writes, edits, previews, renders or presents Markdown files or documents, or its description calls it a Markdown editor, viewer, reader, notebook, notes application or presenter; out where Markdown is only syntax, shortcuts or support, or not named
resolution	mindolph/Mindolph (github-topics:markdown-editor)	undecidable -> out, undecidable rule (frame-review section 4): in where the list text says it opens, reads, writes, edits, previews, renders or presents Markdown files or documents, or its description calls it a Markdown editor, viewer, reader, notebook, notes application or presenter; out where Markdown is only syntax, shortcuts or support, or not named
resolution	richardr1126/openreader (github-topics:markdown-reader)	undecidable -> in, undecidable rule (frame-review section 4): in where the list text says it opens, reads, writes, edits, previews, renders or presents Markdown files or documents, or its description calls it a Markdown editor, viewer, reader, notebook, notes application or presenter; out where Markdown is only syntax, shortcuts or support, or not named
resolution	backlog-md (homebrew:formula)	undecidable -> out, undecidable rule (frame-review section 4): in where the list text says it opens, reads, writes, edits, previews, renders or presents Markdown files or documents, or its description calls it a Markdown editor, viewer, reader, notebook, notes application or presenter; out where Markdown is only syntax, shortcuts or support, or not named
resolution	deck (homebrew:formula)	undecidable -> out, undecidable rule (frame-review section 4): in where the list text says it opens, reads, writes, edits, previews, renders or presents Markdown files or documents, or its description calls it a Markdown editor, viewer, reader, notebook, notes application or presenter; out where Markdown is only syntax, shortcuts or support, or not named
resolution	mdp (homebrew:formula)	undecidable -> in, undecidable rule (frame-review section 4): in where the list text says it opens, reads, writes, edits, previews, renders or presents Markdown files or documents, or its description calls it a Markdown editor, viewer, reader, notebook, notes application or presenter; out where Markdown is only syntax, shortcuts or support, or not named
resolution	reveal-md (homebrew:formula)	undecidable -> in, undecidable rule (frame-review section 4): in where the list text says it opens, reads, writes, edits, previews, renders or presents Markdown files or documents, or its description calls it a Markdown editor, viewer, reader, notebook, notes application or presenter; out where Markdown is only syntax, shortcuts or support, or not named
resolution	deckset (homebrew:cask)	undecidable -> in, undecidable rule (frame-review section 4): in where the list text says it opens, reads, writes, edits, previews, renders or presents Markdown files or documents, or its description calls it a Markdown editor, viewer, reader, notebook, notes application or presenter; out where Markdown is only syntax, shortcuts or support, or not named
resolution	ia-presenter (homebrew:cask)	undecidable -> in, undecidable rule (frame-review section 4): in where the list text says it opens, reads, writes, edits, previews, renders or presents Markdown files or documents, or its description calls it a Markdown editor, viewer, reader, notebook, notes application or presenter; out where Markdown is only syntax, shortcuts or support, or not named
resolution	markdown-service-tools (homebrew:cask)	undecidable -> out, undecidable rule (frame-review section 4): in where the list text says it opens, reads, writes, edits, previews, renders or presents Markdown files or documents, or its description calls it a Markdown editor, viewer, reader, notebook, notes application or presenter; out where Markdown is only syntax, shortcuts or support, or not named
resolution	tableflip (homebrew:cask)	undecidable -> in, undecidable rule (frame-review section 4): in where the list text says it opens, reads, writes, edits, previews, renders or presents Markdown files or documents, or its description calls it a Markdown editor, viewer, reader, notebook, notes application or presenter; out where Markdown is only syntax, shortcuts or support, or not named
resolution	Ulysses: Writing App (Mac App Store)	undecidable -> out, undecidable rule (frame-review section 4): in where the list text says it opens, reads, writes, edits, previews, renders or presents Markdown files or documents, or its description calls it a Markdown editor, viewer, reader, notebook, notes application or presenter; out where Markdown is only syntax, shortcuts or support, or not named
resolution	Markdown to PDF Converter－Fast (Mac App Store)	undecidable -> in, undecidable rule (frame-review section 4): in where the list text says it opens, reads, writes, edits, previews, renders or presents Markdown files or documents, or its description calls it a Markdown editor, viewer, reader, notebook, notes application or presenter; out where Markdown is only syntax, shortcuts or support, or not named
resolution	BigWrite Markdown (Mac App Store)	undecidable -> out, undecidable rule (frame-review section 4): in where the list text says it opens, reads, writes, edits, previews, renders or presents Markdown files or documents, or its description calls it a Markdown editor, viewer, reader, notebook, notes application or presenter; out where Markdown is only syntax, shortcuts or support, or not named
resolution	RetroNotes Markdown (Mac App Store)	undecidable -> out, undecidable rule (frame-review section 4): in where the list text says it opens, reads, writes, edits, previews, renders or presents Markdown files or documents, or its description calls it a Markdown editor, viewer, reader, notebook, notes application or presenter; out where Markdown is only syntax, shortcuts or support, or not named
resolution	Decoupage Markdown Studio (Mac App Store)	undecidable -> in, undecidable rule (frame-review section 4): in where the list text says it opens, reads, writes, edits, previews, renders or presents Markdown files or documents, or its description calls it a Markdown editor, viewer, reader, notebook, notes application or presenter; out where Markdown is only syntax, shortcuts or support, or not named
resolution	Quick Draft: Notes & Markdown (Mac App Store)	undecidable -> out, undecidable rule (frame-review section 4): in where the list text says it opens, reads, writes, edits, previews, renders or presents Markdown files or documents, or its description calls it a Markdown editor, viewer, reader, notebook, notes application or presenter; out where Markdown is only syntax, shortcuts or support, or not named
resolution	Minimal | Notes (Mac App Store)	undecidable -> out, undecidable rule (frame-review section 4): in where the list text says it opens, reads, writes, edits, previews, renders or presents Markdown files or documents, or its description calls it a Markdown editor, viewer, reader, notebook, notes application or presenter; out where Markdown is only syntax, shortcuts or support, or not named
resolution	Simpletext (Mac App Store)	undecidable -> out, undecidable rule (frame-review section 4): in where the list text says it opens, reads, writes, edits, previews, renders or presents Markdown files or documents, or its description calls it a Markdown editor, viewer, reader, notebook, notes application or presenter; out where Markdown is only syntax, shortcuts or support, or not named
resolution	Kosshi Outliner (Mac App Store)	undecidable -> out, undecidable rule (frame-review section 4): in where the list text says it opens, reads, writes, edits, previews, renders or presents Markdown files or documents, or its description calls it a Markdown editor, viewer, reader, notebook, notes application or presenter; out where Markdown is only syntax, shortcuts or support, or not named
resolution	NanoPad: Markdown Notes (Mac App Store)	undecidable -> out, undecidable rule (frame-review section 4): in where the list text says it opens, reads, writes, edits, previews, renders or presents Markdown files or documents, or its description calls it a Markdown editor, viewer, reader, notebook, notes application or presenter; out where Markdown is only syntax, shortcuts or support, or not named
resolution	Breveto (Mac App Store)	undecidable -> out, undecidable rule (frame-review section 4): in where the list text says it opens, reads, writes, edits, previews, renders or presents Markdown files or documents, or its description calls it a Markdown editor, viewer, reader, notebook, notes application or presenter; out where Markdown is only syntax, shortcuts or support, or not named
resolution	SlidesWeft (Snap Store)	undecidable -> in, undecidable rule (frame-review section 4): in where the list text says it opens, reads, writes, edits, previews, renders or presents Markdown files or documents, or its description calls it a Markdown editor, viewer, reader, notebook, notes application or presenter; out where Markdown is only syntax, shortcuts or support, or not named
resolution	UpNote (Snap Store)	undecidable -> out, undecidable rule (frame-review section 4): in where the list text says it opens, reads, writes, edits, previews, renders or presents Markdown files or documents, or its description calls it a Markdown editor, viewer, reader, notebook, notes application or presenter; out where Markdown is only syntax, shortcuts or support, or not named
resolution	bulletty (Snap Store)	undecidable -> out, undecidable rule (frame-review section 4): in where the list text says it opens, reads, writes, edits, previews, renders or presents Markdown files or documents, or its description calls it a Markdown editor, viewer, reader, notebook, notes application or presenter; out where Markdown is only syntax, shortcuts or support, or not named
resolution	docflow (Snap Store)	undecidable -> out, undecidable rule (frame-review section 4): in where the list text says it opens, reads, writes, edits, previews, renders or presents Markdown files or documents, or its description calls it a Markdown editor, viewer, reader, notebook, notes application or presenter; out where Markdown is only syntax, shortcuts or support, or not named
resolution	Notesnook (Snap Store)	undecidable -> in, undecidable rule (frame-review section 4): in where the list text says it opens, reads, writes, edits, previews, renders or presents Markdown files or documents, or its description calls it a Markdown editor, viewer, reader, notebook, notes application or presenter; out where Markdown is only syntax, shortcuts or support, or not named
resolution	Notes (Snap Store)	undecidable -> out, undecidable rule (frame-review section 4): in where the list text says it opens, reads, writes, edits, previews, renders or presents Markdown files or documents, or its description calls it a Markdown editor, viewer, reader, notebook, notes application or presenter; out where Markdown is only syntax, shortcuts or support, or not named
resolution	OpenHabitTracker (Snap Store)	undecidable -> out, undecidable rule (frame-review section 4): in where the list text says it opens, reads, writes, edits, previews, renders or presents Markdown files or documents, or its description calls it a Markdown editor, viewer, reader, notebook, notes application or presenter; out where Markdown is only syntax, shortcuts or support, or not named
resolution	OpenTodoList (Snap Store)	undecidable -> out, undecidable rule (frame-review section 4): in where the list text says it opens, reads, writes, edits, previews, renders or presents Markdown files or documents, or its description calls it a Markdown editor, viewer, reader, notebook, notes application or presenter; out where Markdown is only syntax, shortcuts or support, or not named
resolution	Sticky Notes (Snap Store)	undecidable -> in, undecidable rule (frame-review section 4): in where the list text says it opens, reads, writes, edits, previews, renders or presents Markdown files or documents, or its description calls it a Markdown editor, viewer, reader, notebook, notes application or presenter; out where Markdown is only syntax, shortcuts or support, or not named
resolution	Lunatask: Tasks, Habits, Journal & Notes (Snap Store)	undecidable -> out, undecidable rule (frame-review section 4): in where the list text says it opens, reads, writes, edits, previews, renders or presents Markdown files or documents, or its description calls it a Markdown editor, viewer, reader, notebook, notes application or presenter; out where Markdown is only syntax, shortcuts or support, or not named
resolution	CommonMark (tcl-wiki-markdown)	undecidable -> out, undecidable rule (frame-review section 4): in where the list text says it opens, reads, writes, edits, previews, renders or presents Markdown files or documents, or its description calls it a Markdown editor, viewer, reader, notebook, notes application or presenter; out where Markdown is only syntax, shortcuts or support, or not named
resolution	jimsoldout / TclSoldout (tcl-wiki-markdown)	undecidable -> out, undecidable rule (frame-review section 4): in where the list text says it opens, reads, writes, edits, previews, renders or presents Markdown files or documents, or its description calls it a Markdown editor, viewer, reader, notebook, notes application or presenter; out where Markdown is only syntax, shortcuts or support, or not named
resolution	ruff (tcl-wiki-markdown)	undecidable -> out, undecidable rule (frame-review section 4): in where the list text says it opens, reads, writes, edits, previews, renders or presents Markdown files or documents, or its description calls it a Markdown editor, viewer, reader, notebook, notes application or presenter; out where Markdown is only syntax, shortcuts or support, or not named
resolution	mkdoc::mkdoc (tcl-wiki-markdown)	undecidable -> out, undecidable rule (frame-review section 4): in where the list text says it opens, reads, writes, edits, previews, renders or presents Markdown files or documents, or its description calls it a Markdown editor, viewer, reader, notebook, notes application or presenter; out where Markdown is only syntax, shortcuts or support, or not named
resolution	tmdoc::tmdoc (tcl-wiki-markdown)	undecidable -> out, undecidable rule (frame-review section 4): in where the list text says it opens, reads, writes, edits, previews, renders or presents Markdown files or documents, or its description calls it a Markdown editor, viewer, reader, notebook, notes application or presenter; out where Markdown is only syntax, shortcuts or support, or not named
resolution	mkdic (tcl-wiki-markdown)	undecidable -> out, undecidable rule (frame-review section 4): in where the list text says it opens, reads, writes, edits, previews, renders or presents Markdown files or documents, or its description calls it a Markdown editor, viewer, reader, notebook, notes application or presenter; out where Markdown is only syntax, shortcuts or support, or not named
eligibility	tkdown (teatotal)	the operator's own component (coordinator confirmed 2026-10-09): in -> excluded from collection and every count, recorded as the operator's, not a comparable
resolution	Markdown Preview Mermaid Support (vscode)	undecidable -> out, undecidable rule (frame-review section 4): in where the list text says it opens, reads, writes, edits, previews, renders or presents Markdown files or documents, or its description calls it a Markdown editor, viewer, reader, notebook, notes application or presenter; out where Markdown is only syntax, shortcuts or support, or not named
resolution	Office Viewer (vscode)	undecidable -> in, undecidable rule (frame-review section 4): in where the list text says it opens, reads, writes, edits, previews, renders or presents Markdown files or documents, or its description calls it a Markdown editor, viewer, reader, notebook, notes application or presenter; out where Markdown is only syntax, shortcuts or support, or not named
resolution	Markdown Emoji (vscode)	undecidable -> out, undecidable rule (frame-review section 4): in where the list text says it opens, reads, writes, edits, previews, renders or presents Markdown files or documents, or its description calls it a Markdown editor, viewer, reader, notebook, notes application or presenter; out where Markdown is only syntax, shortcuts or support, or not named
resolution	Markdown Checkboxes (vscode)	undecidable -> out, undecidable rule (frame-review section 4): in where the list text says it opens, reads, writes, edits, previews, renders or presents Markdown files or documents, or its description calls it a Markdown editor, viewer, reader, notebook, notes application or presenter; out where Markdown is only syntax, shortcuts or support, or not named
resolution	MDX (vscode)	undecidable -> out, undecidable rule (frame-review section 4): in where the list text says it opens, reads, writes, edits, previews, renders or presents Markdown files or documents, or its description calls it a Markdown editor, viewer, reader, notebook, notes application or presenter; out where Markdown is only syntax, shortcuts or support, or not named
resolution	Markdown yaml Preamble (vscode)	undecidable -> out, undecidable rule (frame-review section 4): in where the list text says it opens, reads, writes, edits, previews, renders or presents Markdown files or documents, or its description calls it a Markdown editor, viewer, reader, notebook, notes application or presenter; out where Markdown is only syntax, shortcuts or support, or not named
resolution	Markdown Footnotes (vscode)	undecidable -> out, undecidable rule (frame-review section 4): in where the list text says it opens, reads, writes, edits, previews, renders or presents Markdown files or documents, or its description calls it a Markdown editor, viewer, reader, notebook, notes application or presenter; out where Markdown is only syntax, shortcuts or support, or not named
resolution	Marp for VS Code (vscode)	undecidable -> in, undecidable rule (frame-review section 4): in where the list text says it opens, reads, writes, edits, previews, renders or presents Markdown files or documents, or its description calls it a Markdown editor, viewer, reader, notebook, notes application or presenter; out where Markdown is only syntax, shortcuts or support, or not named
resolution	Print (vscode)	undecidable -> in, undecidable rule (frame-review section 4): in where the list text says it opens, reads, writes, edits, previews, renders or presents Markdown files or documents, or its description calls it a Markdown editor, viewer, reader, notebook, notes application or presenter; out where Markdown is only syntax, shortcuts or support, or not named
resolution	Auto-Open Markdown Preview (vscode)	undecidable -> in, undecidable rule (frame-review section 4): in where the list text says it opens, reads, writes, edits, previews, renders or presents Markdown files or documents, or its description calls it a Markdown editor, viewer, reader, notebook, notes application or presenter; out where Markdown is only syntax, shortcuts or support, or not named
resolution	CS50-Flavored Markdown (vscode)	undecidable -> out, undecidable rule (frame-review section 4): in where the list text says it opens, reads, writes, edits, previews, renders or presents Markdown files or documents, or its description calls it a Markdown editor, viewer, reader, notebook, notes application or presenter; out where Markdown is only syntax, shortcuts or support, or not named
resolution	NoteIM: Fast Image & Markdown Sharing (vscode)	undecidable -> out, undecidable rule (frame-review section 4): in where the list text says it opens, reads, writes, edits, previews, renders or presents Markdown files or documents, or its description calls it a Markdown editor, viewer, reader, notebook, notes application or presenter; out where Markdown is only syntax, shortcuts or support, or not named
resolution	learn-markdown (vscode)	undecidable -> out, undecidable rule (frame-review section 4): in where the list text says it opens, reads, writes, edits, previews, renders or presents Markdown files or documents, or its description calls it a Markdown editor, viewer, reader, notebook, notes application or presenter; out where Markdown is only syntax, shortcuts or support, or not named
resolution	Quarto (vscode)	undecidable -> out, undecidable rule (frame-review section 4): in where the list text says it opens, reads, writes, edits, previews, renders or presents Markdown files or documents, or its description calls it a Markdown editor, viewer, reader, notebook, notes application or presenter; out where Markdown is only syntax, shortcuts or support, or not named
resolution	Markdown+Math (vscode)	undecidable -> out, undecidable rule (frame-review section 4): in where the list text says it opens, reads, writes, edits, previews, renders or presents Markdown files or documents, or its description calls it a Markdown editor, viewer, reader, notebook, notes application or presenter; out where Markdown is only syntax, shortcuts or support, or not named
resolution	Markmap (vscode)	undecidable -> in, undecidable rule (frame-review section 4): in where the list text says it opens, reads, writes, edits, previews, renders or presents Markdown files or documents, or its description calls it a Markdown editor, viewer, reader, notebook, notes application or presenter; out where Markdown is only syntax, shortcuts or support, or not named
resolution	MDX Preview (vscode)	undecidable -> out, undecidable rule (frame-review section 4): in where the list text says it opens, reads, writes, edits, previews, renders or presents Markdown files or documents, or its description calls it a Markdown editor, viewer, reader, notebook, notes application or presenter; out where Markdown is only syntax, shortcuts or support, or not named
resolution	vscode-pandoc (vscode)	undecidable -> in, undecidable rule (frame-review section 4): in where the list text says it opens, reads, writes, edits, previews, renders or presents Markdown files or documents, or its description calls it a Markdown editor, viewer, reader, notebook, notes application or presenter; out where Markdown is only syntax, shortcuts or support, or not named
resolution	Markdown Paste (vscode)	undecidable -> out, undecidable rule (frame-review section 4): in where the list text says it opens, reads, writes, edits, previews, renders or presents Markdown files or documents, or its description calls it a Markdown editor, viewer, reader, notebook, notes application or presenter; out where Markdown is only syntax, shortcuts or support, or not named
resolution	dendron (vscode)	undecidable -> out, undecidable rule (frame-review section 4): in where the list text says it opens, reads, writes, edits, previews, renders or presents Markdown files or documents, or its description calls it a Markdown editor, viewer, reader, notebook, notes application or presenter; out where Markdown is only syntax, shortcuts or support, or not named
resolution	Markdown Extended (vscode)	undecidable -> out, undecidable rule (frame-review section 4): in where the list text says it opens, reads, writes, edits, previews, renders or presents Markdown files or documents, or its description calls it a Markdown editor, viewer, reader, notebook, notes application or presenter; out where Markdown is only syntax, shortcuts or support, or not named
resolution	Markdown Image (vscode)	undecidable -> out, undecidable rule (frame-review section 4): in where the list text says it opens, reads, writes, edits, previews, renders or presents Markdown files or documents, or its description calls it a Markdown editor, viewer, reader, notebook, notes application or presenter; out where Markdown is only syntax, shortcuts or support, or not named
resolution	XLSX, CSV, TSV & Markdown Editor (vscode)	undecidable -> in, undecidable rule (frame-review section 4): in where the list text says it opens, reads, writes, edits, previews, renders or presents Markdown files or documents, or its description calls it a Markdown editor, viewer, reader, notebook, notes application or presenter; out where Markdown is only syntax, shortcuts or support, or not named
