slug	V01	V02	V03	V04	V05	V06	V07	V08	V09	V10	V11	V12a	V12b	V13a	V13b	V14	V15	V16a	V16b	V16c	V17	V18	V19	V20	V21	V22	V23	V24	V25	V26	V27a	V27b	V28	V29	V30	V31	V32	V33	V34	V35	V36	V37	R3_pages	R4_gaps	R5_marks	notes
markdown-pro	eligible	Markdown Pro	markdown token in name	single program	not stated	\"write beautiful documentation, notes, essays, term papers\" (purpose phrase, P1)	not stated	desktop application (\"Requires macOS 10.7 or later.\" P1; \"Platforms: Mac\" P5)	editor with rendered view (\"A beautiful and easy to use editor for the popular Markdown markup language, combined with a themed live preview feature\" P5)	macOS (\"Requires macOS 10.7 or later.\" P1)	minimum operating-system version named (\"Requires macOS 10.7 or later.\" P1)	not stated	not stated	tables (\"Table column alignment support\" P1)	not stated	not stated	not stated	\"5.99 USD\" (P1)	undecidable	proprietary or EULA, stated (\"Proprietary and Commercial product.\" P5)	not stated	not stated	not stated	application store listing (P1)	\"http://www.markdownpro.com\" (P1); \"App Store\" (page title tag 'Markdown Pro App - App Store' P1); count 2	through an application store or marketplace (App Store, P1)	payment required before first use, stated (price field 5.99 USD, P1)	not stated	per-licence use limit stated (\"Up to six family members can use this app with Family Sharing enabled.\" P1)	not stated	Sep 9, 2022 (AlternativeTo entry 'last updated', P5; month precision day) ; latest version date 2014-06-11 (version 1.0.9, P1)	not stated	not stated	not stated	not stated	preview updates as you type inside the product, stated (\"See the results as you type.\" P1)	themes provided (\"themed live preview feature\" P5); custom stylesheet (\"Support for adding your own custom CSS Templates\" P1)	export to PDF; export to HTML; export to another named format (\"Export Markdown PRO documents to PDF, HTML and plain text\" P1); copy as rich text or HTML (\"Ability to copy RAW HTML without CSS Styles\" P1)	documentation or guide (\"Improved Markdown Syntax Reference guide\" P1)	not stated	not stated	not stated	P1 https://apps.apple.com/us/app/markdown-pro/id465965038?mt=12&uo=4 (2026-10-09); P2 https://alternativeto.net/software/typora/?p=7 (via fetch); P3 https://alternativeto.net/software/marked/?p=5 (via fetch); P4 https://alternativeto.net/software/glow/?p=4 (via fetch); P5 https://alternativeto.net/software/markdown-pro/about/ (via fetch)	http://www.markdownpro.com HTTP 404 'No such app'; http://www.markdownpro.com/support HTTP 404 'No such app'		V04 coded single program from absence of any named edition or companion. V05: purpose phrase only, see V06. V13: 'Fenced code support in Markdown' quoted, codes nothing (not on word list). V16b undecidable: flat price field '5.99 USD' with no period, no rule says a flat price is a one-time purchase. V23 coded from the price field. V24 not stated: no buy mechanism named. V27a: latest date on any page is the AlternativeTo entry update; latest version date is 'Wed Jun 11 2014 18:27:57 GMT+0000' (version 1.0.9, P1). V30: 'images to be displayed in the Preview pane' is a fix note, local/remote not stated, codes nothing. V32: 'size of the text' is changed via a template, not coded as font or size choice. V34: Support link target is a URL, channel kind not stated. V35: '2 likes' (P5) and structured 'rating: 0' with no figure shown code nothing. V19: Family Sharing line names no sold unit.
markdown-reader	eligible	Markdown Reader ®	markdown token in name; function word in name (reader)	single program	not stated	\"people who want a quiet, practical writing space on the Mac\" (P1); \"Use it for personal notes, daily journals, project documentation, technical drafts, meeting notes, checklists, and long-form writing.\" (P1)	install from a store (button label \"'titles': {'standard': 'Get'}\" P1)	desktop application (\"Markora is a native macOS writing app\" P1)	editor with rendered view (\"Write in Markdown, preview your work\" P1)	macOS (\"Requires macOS 14.0 or later.\" P1)	minimum operating-system version named (\"Requires macOS 14.0 or later.\" P1)	not stated	not stated	task lists; tables (\"Quick insert tools for checklists, tables, images, and links\" P1)	not stated	local, stated (\"Local document and attachment storage\" P1)	no telemetry or tracking, stated (\"The developer does not collect any data from this app.\" P1); telemetry, analytics or crash reports sent, stated (\"We may collect limited technical information needed to operate, secure, and improve the Service, such as device type, app version, crash logs, and basic usage diagnostics.\" P3)	\"\"price\": 0, \"priceCurrency\": \"USD\"\" (P1)	free (\"'isFree': True\" P1)	not stated	not stated	not stated	a copy to download or install (\"Get\" button, P1)	application store listing (P1)	\"https://draveonfl.com/\" (Website link, P1); \"App Store\" (title tag 'Markdown Reader ® App - App Store' P1); count 2	through an application store or marketplace (App Store, P1)	nothing paid before use, stated (\"'isFree': True\", price 0 USD, P1)	not stated	not stated	not stated	2026-07-15 (day; version 1.1.0 date field, P1)	not stated	not stated	undecidable	not stated	not stated	not stated	not stated	not stated	not stated	not stated	not stated	P1 https://apps.apple.com/us/app/markdown-reader/id6782747906?mt=12&uo=4 (2026-10-09); P2 https://draveonfl.com/ (2026-10-09); P3 https://draveonfl.com/privacy (2026-10-09)	none		V02/V08: listing title is 'Markdown Reader ®' (subtitle 'Fast markdown editor') but the description names the app 'Markora'; maker pages P2/P3 do not mention Markdown or Markora (P3 text: 'We are designed for fast movie lookup and redirection to third-party streaming platforms.'). V02 coded from the listing title per rule. V04 single program from absence. V05: 'built for people who want a quiet, practical writing space on the Mac' has a purpose qualifier, no class noun; recorded in V06. V15 both a developer declaration of no collection (P1) and a linked policy page that says it may collect crash logs and diagnostics (P3) are coded; the policy page describes a movie-lookup 'Service', so it may not describe this product. V13a: checklists and tables named only as 'Quick insert tools' (editing claim), coded as task lists and tables. V16b: price 0 USD with isFree True. V29 undecidable: 'Search, tags, favorites, and archive' names no scope and the sentence is not about the open document. V30: 'Quick insert tools for ... images, and links' states no click behaviour, codes nothing. V34: Support link is a bare URL, channel kind not stated. V19 coded from the 'Get' button as a copy to install.
markdown-reader-editor-md	eligible	Markdown Reader & Editor: MD	markdown token in name; function word in name (Reader, Editor)	one program in editions	not stated	not stated	install from a store (button label \"'titles': {'standard': 'Get'}\" P1)	desktop application (\"Requires macOS 14.0 or later.\" P1); mobile application (\"Markdown, beautifully rendered — on iPhone, iPad and Mac.\" P1)	editor with rendered view (\"An editor with a live side-by-side preview that updates as you type\" P1)	iOS (\"Requires iOS 18.0 or later.\" P1); iPadOS (\"Requires iPadOS 18.0 or later.\" P1); macOS (\"Requires macOS 14.0 or later.\" P1)	minimum operating-system version named (\"Requires iOS 18.0 or later.\" P1; \"Requires a device that supports Apple Intelligence (macOS 26 / iOS 26).\" P2)	not stated	not stated	tables; math (\"Full Markdown: headings, bold, italic, strikethrough, nested lists, tables, block quotes, links and images\"; \"LaTeX mathematics typeset with KaTeX\" P1)	not stated	local, stated (\"Your files stay plain .md, yours, and on your device.\" P1; \"We do not upload, copy, or store your documents on MD Reader or Natural Apps servers\" P4)	no telemetry or tracking, stated (\"no account, no sign-up, no analytics, no tracking and no subscription\" P1; \"The developer does not collect any data from this app.\" P1); network used for named features only, stated (\"The only time the app uses the network is to load images your own document links to.\" P1)	\"Reading is free. Pro is a one-time purchase, no subscription.\" (P1); \"$5.99\" (In-App Purchases field, Pro, P1)	free with paid tier or features; one-time purchase (\"Reading is free. Pro is a one-time purchase, no subscription.\" P1)	proprietary or EULA, stated (\"End User License Agreement (EULA)\" P5)	not stated	not stated	a copy to download or install (\"Get\" button P1)	application store listing (P1); maker's own website (P2)	\"https://www.natural-apps.com/MDReader/\" (Website link, P1); count 1	not stated	free use, payment for more (\"Reading and writing are both free.\" and Pro $5.99, P1)	in-app purchase (field \"In-App Purchases\" value \"Yes\" P1)	not stated	not stated	2026-09-19 (day; version 1.1.0 date field, P1)	not stated	outline, contents or headings sidebar (\"Table of contents built from your headings — a sheet on iPhone, a sidebar on Mac\" P1); jump to heading or section (\"In-document links jump straight to any section\" P1)	search within the document (\"Instant search that highlights every match, with a counter and next/previous\" P1)	follows links to headings within the document (\"In-document links jump straight to any section\" P1); shows local images (\"On iPhone, images kept beside the document are shown\" P1)	preview updates as you type inside the product, stated (\"live side-by-side preview that updates as you type\" P1)	themes provided (\"Four themes — GitHub, Aurora, Dark and Apple\" P1); light and dark modes (\"each adapting to light and dark mode\" P1); font or size choice (\"Adjustable text size\"; \"a choice of reading fonts\" P1)	print; export to PDF; export to HTML; copy as rich text or HTML (\"copying with formatting\"); share or send from the product (\"sharing as an image\") (all P1: \"export to PDF and HTML on iPhone, iPad and Mac, and on iPhone and Mac also printing, exporting a single section, sharing as an image and copying with formatting\")	email or contact form (\"The FAQ, guides, and contact pages are ready to answer your questions.\" P2; Support link contact.html P1); documentation or guide (same quote, FAQ and guides)	not stated	AI features in the product (\"AI Markdown — describe what you need and Apple's on-device model writes the Markdown.\" P1)	\"built around one idea: your words stay yours.\" (P1)	P1 https://apps.apple.com/us/app/markdown-reader-editor-md/id6758854494?uo=4; P2 https://www.natural-apps.com/MDReader/; P3 https://www.natural-apps.com/MDReader/faq.html; P4 https://www.natural-apps.com/MDReader/privacy.html; P5 https://www.natural-apps.com/MDReader/terms.html; P6 https://www.natural-apps.com/MDReader/contact.html (captured, not quoted); P7 https://www.natural-apps.com/MDReader/guides.html (captured, not quoted); all 2026-10-09	none		V02: listing title coded; description and maker site call it 'MD Reader'. V04: 'The same purchase includes the full Mac app' and 'Pro' name a free tier and a Pro tier, coded one program in editions. V05 not stated: no audience noun. V08: visionOS 2.0 is named in the compatibility field but is not a kind on the list. V10: visionOS named, not on the platform list, codes nothing. V12a not stated: file-opening routes (Files app, iCloud Drive) are not install routes. V13a: 'headings, bold, italic, strikethrough, nested lists, block quotes, links and images' are forms not on the word list, codes nothing; file extensions .md .markdown .mdown .mkd .mkdn are not forms (P1 and P3 disagree on extensions: P3 says only .md and .markdown). V15: 'no account, no sign-up' is not coded as account required. V16b: both 'free with paid tier or features' (Reading is free; Pro $5.99) and 'one-time purchase' coded. V19: the 'Get' button codes a copy; 'One purchase covers all three' names no per-person or per-device unit. V22 not stated: no V21 entry is a store or registry by words. V26: version dates 2026-08-20, 2026-09-07, 2026-09-19 are not a cadence statement. V30: 'load images your own document links to' does not say remote, so remote images not coded. V34: 'Thanks for the notes and bug reports. Keep them coming:' ends at a colon, channel not captured. V37 coded from the first reason-like sentence; it states a design principle, borderline.
markdown-reader-md-viewer	eligible	MarkDown Reader - MD Viewer	markdown token in name; function word in name (Reader, Viewer)	single program	not stated	\"a free, lightweight viewer for Markdown files\" (purpose phrase, P1)	install from a store (\"Get it free on the App Store\" P2; button label \"'titles': {'standard': 'Get'}\" P1)	desktop application (\"A free, lightweight Markdown viewer for macOS, iOS, and iPadOS.\" P2); mobile application (same quote, iOS and iPadOS)	undecidable	iOS; iPadOS; macOS (\"Requires iOS 17.0 or later.\" \"Requires iPadOS 17.0 or later.\" \"Requires macOS 13.0 or later.\" P1)	minimum operating-system version named (\"Requires macOS 13 or later, or iOS/iPadOS 17 or later.\" P2)	store install (\"Get it free on the App Store … — one download covers Mac, iPhone, and iPad.\" P2)	not stated	tables; syntax-highlighted code blocks; math; task lists (\"Clean rendering of headings, tables, code blocks, and images\" P1; \"Fenced code blocks are syntax highlighted\" P2; \"LaTeX math, typeset offline\" P1; \"Markdown task lists aren’t just for reading.\" P2)	not stated	local, stated (\"MarkDown Reader does not collect, store, or transmit any personal data — the app runs entirely on your Mac, iPhone, or iPad\" P3; \"no cloud sync of any kind\" P3)	works offline, stated (\"LaTeX math, typeset offline\" P1; \"entirely offline\" P2); no telemetry or tracking, stated (\"MarkDown Reader contains no analytics, telemetry, or crash-reporting frameworks.\" P3)	\"Free\" (P2); \"\"price\": 0, \"priceCurrency\": \"USD\"\" (P1)	free (\"MarkDown Reader is a free, lightweight viewer\" P1)	not stated	not stated	not stated	a copy to download or install (\"One free download covers Mac, iPhone, and iPad\" P2)	application store listing (P1); maker's own website (P2)	\"https://snickitybit.com/software/markdown-reader/\" (P1); \"App Store\" (\"Available on the App Store.\" P2); count 2	through an application store or marketplace (App Store, P2)	nothing paid before use, stated (\"Get it free on the App Store\" P2)	not stated	not stated	not stated	2026-10-04 (day; version 1.6 date field, P1)	not stated	outline, contents or headings sidebar (\"Table of contents sidebar for long documents\" P1)	undecidable	not stated	reloads when the file changes on disk, stated (\"Live reload — edit the file elsewhere and the view keeps up\" P1)	light and dark modes; follows the system appearance, stated (\"Light or Dark on your terms: follow the system, or pin the reader to either (macOS)\" P1)	print; export to PDF (\"Zoom, print, and export to PDF\" P1)	email or contact form (\"Questions, bug reports, or feature requests — get in touch\" P2; Support link https://snickitybit.com/contact/ P1)	not stated	undecidable	\"Markdown files are everywhere — READMEs, notes, documentation — but Apple’s platforms have no built-in way to read them rendered.\" (P2, under heading 'Reading Markdown Should Be Effortless')	P1 https://apps.apple.com/us/app/markdown-reader-md-viewer/id6789674087?uo=4; P2 https://snickitybit.com/software/markdown-reader/; P3 https://snickitybit.com/privacy-policy/markdown-reader/; P4 https://snickitybit.com/contact/ (captured, not quoted); all 2026-10-09	none		V04 single program: 'One free download covers Mac, iPhone, and iPad' is one program on three platforms. V09 undecidable: P1 says 'no editor chrome' and 'Everything this app writes is plain Markdown', and P1/P2 say a ticked checkbox 'is written straight back to your .md file' and a note added to a task item is saved; no text says it edits or is read-only, so neither editor nor reader value is settled by the rule. V10: visionOS 1.0 named, not on the list. V15: 'typeset offline' and 'entirely offline' are claims about math and code highlighting; coded works offline stated at that scope. V17 not stated: 'no accounts' is not a statement of no other cost. V29 undecidable: 'Full-text search with match navigation' names no scope. V30 nothing coded: 'a path in a code span opens in your editor' is not an in-product follow, images only named as rendered. V32: 'Zoom' alone not coded as size choice. V34: contact page link, channel kind beyond contact not quoted. V36 undecidable: 'documents generated by AI tools are full of LaTeX' names AI but does not say the product is made for them. V13a: 'code blocks' alone not coded; 'Fenced code blocks are syntax highlighted' (P2) is.
markdown-reader-ream	eligible	Markdown Reader - Ream	markdown token in name; function word in name (Reader)	single program	not stated	\"Reading AI-generated Markdown files with ease\"; \"Reviewing GitHub READMEs and docs on your iPhone\"; \"Browsing your Markdown notes in a clean, readable format\"; \"Anyone looking for a lightweight, distraction-free Markdown viewer\" (all P1)	pay or buy (button label \"'titles': {'standard': '$3.99'}\" P1)	mobile application (\"Requires iOS 26.2 or later.\" P1); desktop application (\"Now available on Mac.\" P1)	reader, stated read-only (\"Markdown Reader is a view-only app\" P1; \"There's no editor.\" P1)	iOS; iPadOS; macOS (\"Requires iOS 26.2 or later.\" \"Requires iPadOS 26.2 or later.\" \"Requires macOS 26.2 or later.\" P1)	minimum operating-system version named (\"Requires iOS 26.2 or later.\" P1)	not stated	not stated	syntax-highlighted code blocks (\"Syntax highlighting for 15 languages\" P1); tables (\"Optimized table rendering.\" P1)	not stated	local, stated (\"your markdown files and content remain private and are not uploaded to any of our servers\" P3)	no telemetry or tracking, stated (\"Ream does not collect, store, or transmit any personal information, user data, or tracking information.\" P3; \"The developer does not collect any data from this app.\" P1)	\"3.99 USD\" (structured data \"price\": 3.99, \"priceCurrency\": \"USD\", P1; \"$3.99\" button P1)	undecidable	not stated	not stated	not stated	not stated	application store listing (P1); maker's own website (P2)	\"https://rakko.app\" (Website link, P1); \"App Store\" (title tag 'Markdown Reader - Ream App - App Store' P1); count 2	through an application store or marketplace (App Store, P1)	payment required before first use, stated (\"'priceFormatted': '$3.99', 'hasInAppPurchases': False, 'isFree': False\" P1)	not stated	per-licence use limit stated (\"Up to six family members can use this app with Family Sharing enabled.\" P1)	not stated	2026-06-02 (day; version 1.4 date field, P1)	not stated	outline, contents or headings sidebar; jump to heading or section (\"Auto-generated table of contents with one-tap navigation\" P1)	not stated	not stated	not stated	themes provided (\"Multiple beautiful themes\"); light and dark modes (\"Dark mode support\"); font or size choice (\"Customizable fonts\"; \"Adjustable font size and line spacing\") (all P1)	not stated	email or contact form (\"Contact Us\" P2)	rating or review score shown on the listing (\"1 Rating\"; \"ratingAverage\": 5 P1)	made for reading or editing AI output (\"Reading AI-generated Markdown files with ease\" P1)	\"With AI tools generating more Markdown files than ever — READMEs, technical docs, meeting notes, reports — we spend more time reading Markdown than writing it.\" (P1)	P1 https://apps.apple.com/us/app/markdown-reader-ream/id6760693732?uo=4; P2 https://rakko.app; P3 https://rakko.app/markdown-reader-privacy-policy/; all 2026-10-09	none		V02: listing title coded; the product is now named 'Ream' (version 1.3 notes: 'Markdown Reader is now Ream.'). V04 single program from absence. V05 not stated: 'Reading AI-generated Markdown files with ease' and 'Anyone looking for a lightweight, distraction-free Markdown viewer' name no person with a class qualifier (hard case C pattern); recorded in V06. V10: visionOS 26.2 named, not on the list. V12a not stated: opening files from iCloud Drive etc. is not an install route. V16b undecidable: flat price '3.99 USD' with no period, no rule says a flat price is a one-time purchase. V19: Family Sharing line names no sold unit. V28: 'Table of contents sections can now be collapsed and expanded' collapses TOC entries, not stated for document sections, so folding is not coded. V34: listing link text 'Support' has no URL. V36 also: 'we spend more time reading Markdown than writing it' (V37).
markdown-shortcuts	eligible	Markdown Shortcuts	markdown token in name	single program	not stated	\"Shortcuts for Markdown editing\" (purpose phrase, P1)	not stated	editor extension (\"Markdown shortcuts extension for Visual Studio Code\" P2)	editor, rendered view not stated (\"Handy shortcuts for editing Markdown (`.md`, `.markdown`) files.\" P1 README)	inside a host program (\"Markdown shortcuts extension for Visual Studio Code\" P2)	host program named (\"Markdown shortcuts extension for Visual Studio Code\" P2)	not stated	not stated	GitHub Flavored Markdown; task lists (\"Make - [ ] check list (Github flavored markdown)\" P1 README)	not stated	not stated	not stated	not stated	not stated	named open-source licence (\"The MIT License (MIT)\" P1 License asset; \"MIT license\" P2)	not stated	not stated	not stated	extension marketplace listing (P1); code repository page (P2)	\"https://github.com/mdickin/vscode-markdown-shortcuts.git\" (property Source, P1); \"https://github.com/mdickin/vscode-markdown-shortcuts\" (property Learn, P1); count 2	by cloning or downloading source and running or building it (Source property, P1)	not stated	not stated	not stated	not stated	2019-11-10 (day; lastUpdated field 2019-11-10T16:08:34.633Z, version 0.12.0, P1)	not stated	not stated	not stated	not stated	not stated	not stated	not stated	not stated	user, download or install count claimed (\"statistic install: 383885\" P1); rating or review score shown on the listing (\"statistic averagerating: 4.91\"; \"statistic ratingcount: 22\" P1)	not stated	not stated	P1 https://marketplace.visualstudio.com/items?itemName=mdickin.markdown-shortcuts (listing fields from gallery API, Details, Changelog, License assets); P2 https://github.com/mdickin/vscode-markdown-shortcuts; both 2026-10-09	none	Marketplace listing data: \"publisher displayName: mdickin (mdickin) flags: verified\"; extension flags: \"validated, public\" (P1)	V01 passes test 2(b): 'Markdown' is in the name and the first paragraph says editing. V04 single program from absence. V06: 'Shortcuts for Markdown editing' is a purpose phrase. V11: 'property Engine: ^1.9.0' is a host version range, not an operating system version. V13a: the README line 'Make - [ ] check list (Github flavored markdown)' names both a check list and GitHub flavoured markdown. V22: coded from the two V21 entries, which are source-repository links labelled Source and Learn by the listing; no instruction to clone is given. V27a: lastUpdated field 2019-11-10; Changelog 'v0.12.0 (November 10, 2019)' agrees; '81 Commits' (P2) carries no date. V34 not stated: Learn link is the repository, no channel is named. V35: '104 stars' and '25 forks' (P2) are repository counts, not coded as user or install counts. V16a/b not stated: licence asset is silent on price.
markdown-sticky	eligible	Markdown Sticky	markdown token in name	single program	not stated	not stated	not stated	desktop application (\"Requires macOS 15.5 or later.\" P1); mobile application (\"Requires iPadOS 18.5 or later.\" P1)	reader, editing not stated (\"Real-time Markdown preview\" P1)	iPadOS (\"Requires iPadOS 18.5 or later.\" P1); macOS (\"Requires macOS 15.5 or later.\" P1); iOS (\"iOS/iPadOS: inside the app's sandbox\" P3)	minimum operating-system version named (\"Requires macOS 15.5 or later.\" P1)	not stated	not stated	markdown named, no form named (\"Real-time Markdown preview\" P1)	not stated	local, stated (\"The sticky-note data this app creates and edits is stored only inside the customer's device (local storage) and is not sent to our servers or third-party servers.\" P3, English rendering)	no telemetry or tracking, stated (\"The developer does not collect any data from this app.\" P1; \"This app collects no personal information at all.\" P3, English rendering)	\"0 USD\" (structured data \"price\": 0, \"priceCurrency\": \"USD\" P1); \"$1.99\" (in-app purchase \"Unlimited Windows\" P1)	free with paid tier or features (\"'hasInAppPurchases': True, 'isFree': True\" P1; \"This app offers in-app purchases for feature expansion.\" P3, English rendering)	not stated	not stated	not stated	not stated	application store listing (P1)	\"https://renalne.com/\" (Website link, P1); \"App Store\" (title tag 'Markdown Sticky App - App Store' P1); count 2	through an application store or marketplace (App Store, P1)	free use, payment for more (\"'hasInAppPurchases': True, 'isFree': True\" P1)	in-app purchase (field \"In-App Purchases\" value \"Yes\" P1)	not stated	not stated	not stated	not stated	not stated	not stated	not stated	not stated	not stated	not stated	not stated	not stated	not stated	not stated	P1 https://apps.apple.com/us/app/markdown-sticky/id6752974998?uo=4; P2 https://renalne.com/ (Japanese, does not mention Markdown Sticky); P3 https://renalne.com/markdown-sticky/privacy (Japanese, English rendering given in profile); all 2026-10-09	none		Language: P3 and P2 are Japanese; V13a/V14/V15/V24 values rest on the profile's English renderings of the quoted Japanese (original quoted in profile: e.g. '本アプリは、個人情報を一切収集しません。' = 'This app collects no personal information at all.'). V01 passes test 2(a): 'Real-time Markdown preview'. V04 single program from absence. V08: Category field 'Developer Tools' is not a kind; kinds from compatibility fields. V09 coded reader, editing not stated: P3 says the app 'creates and edits' sticky-note data (付箋), which is not a statement about editing markdown. V10: P1 lists iPad, Mac, Apple Vision (visionOS not on list) and no iPhone; P3 names 'iOS/iPadOS' storage, so iOS is coded from P3. V13a: markdown named, no form named; P3 mentions loading 'Markdown or text' files by drag and drop. V16c: 'MIT License' in P3 is for the third-party library MarkdownUI, not the product, so no licence coded. V19: 'Unlimited Windows' is the in-app purchase name; it names no sold unit among those listed. V25: 'Unlimited Windows' is not a limit on copies, seats or devices, not coded. V26/V27 not stated: only '© 2025'. V30: MarkdownUI is named as a library, no link behaviour stated. V34: listing link text 'Support' has no URL; maker site Contact link (お問い合わせ) is on a page that does not mention the product, not coded.
markdown-studio-pro	eligible	Markdown Studio Pro	markdown token in name	single program	not stated	\"people who want a beautiful writing surface without giving up portable files\" (P1)	install from a store (button label \"'titles': {'standard': 'Get'}\" P1)	mobile application; desktop application (\"A calm Markdown editor for iPhone, iPad, and Mac.\" P1)	editor with rendered view (\"Write in source or split view, preview live\" P1)	iOS; iPadOS; macOS (\"Requires iOS 17.0 or later.\" \"Requires iPadOS 17.0 or later.\" \"Requires macOS 14.0 or later.\" P1)	minimum operating-system version named (\"Requires macOS 14.0 or later.\" P1)	not stated	not stated	tables (\"real Markdown — headings, lists, tables, code, and images\" P1)	not stated	not stated	no telemetry or tracking, stated (\"It does not include analytics, ads, or tracking.\" P1; \"The developer does not collect any data from this app.\" P1)	\"0 USD\" (\"price\": 0, \"priceCurrency\": \"USD\" P1)	free (\"'isFree': True\" P1)	not stated	not stated	not stated	a copy to download or install (\"Get\" button P1)	application store listing (P1); maker's own website (P2)	\"https://www.markdownstudiopro.com\" (Support link, P1); \"App Store\" (title tag 'Markdown Studio Pro App - App Store' P1); count 2	through an application store or marketplace (App Store, P1)	nothing paid before use, stated (\"'hasInAppPurchases': False, 'isFree': True\" P1)	not stated	not stated	not stated	not stated	not stated	not stated	not stated	not stated	preview updates as you type inside the product, stated (\"Live preview beside your words, or on its own\" P1)	themes provided (\"Shared themes from paper-warm days to ink-quiet nights\" P1); font or size choice (\"size, family, line numbers\" P1)	export to PDF; export to HTML; export to another named format (plain text); print (\"Export to PDF, HTML, or plain text, and print with the system sheet\" P1)	not stated	not stated	not stated	not stated	P1 https://apps.apple.com/us/app/markdown-studio-pro/id6803536007?uo=4; P2 https://www.markdownstudiopro.com (script-rendered, head meta only); P3 https://www.markdownstudiopro.com/privacy (script-rendered, head meta only); all 2026-10-09	P2 and P3 bodies script-rendered, not captured beyond head meta text		V04 single program from absence. V05 not stated: 'built for people who want a beautiful writing surface without giving up portable files' has no class noun; recorded in V06. V10: visionOS 1.0 named, not on the list. V12a not stated: 'Open and save .md ...' describes file types. V13a: 'headings, lists, tables, code, and images' codes tables only; 'code' alone is not syntax highlighting. V14 not stated: 'Documents live where you put them: on device, in the Files app, or in a folder you choose' describes where files are, not that nothing leaves. V17 not stated: 'does not require an account' is not a no-other-cost statement. V19 coded from the Get button. V28 not stated: 'Command palette and Quick Open to move' names no outline, heading jump or fold. V29 not stated: 'Quick Open' names no search. V30 nothing: 'Images embed in the file' states no display behaviour. V26/V27 not stated: only '© 2026'. V34 not stated: Support link is the maker site whose body was not captured. V37 not stated: 'built for people who want ...' is an audience sentence and gives no problem, gap or motive.
markdown-suite-markmywords	eligible	Markdown Suite - MarkMyWords	markdown token in name	one program in editions	Writers and authors (\"MarkMyWords has been specifically developed and designed for authors, who publish their articles on blogs and news-sites.\" P2)	\"Markup for everyone\" (P2); \"Dark Mode for everyone\" (P2); \"Distraction-free mode for focused writing\" (P1); \"For users of MultiMarkdown\" (P2)	pay or buy (\"Buy MarkMyWords\" P2; button label \"'titles': {'standard': '$14.99'}\" P1); install from a store (\"The full version of MarkMyWords is available on the Mac App Store\" P2)	desktop application (\"a powerful yet intuitive Markdown editor for macOS\" P1)	editor with rendered view (\"Markdown editor for macOS that brings writing, editing, previewing, exporting\"; \"Live preview of the formatted text or HTML code\" P1)	macOS (\"MarkMyWords requires macOS 10.13 or higher\" P2)	minimum operating-system version named (\"MarkMyWords requires macOS 10.13 or higher\" P2)	store install (\"The full version of MarkMyWords is available on the Mac App Store\" P2)	not stated	CommonMark; GitHub Flavored Markdown; other named flavour (\"MultiMarkdown, MarkdownExtra, Textile, Wikitext, BBCode and Smark\" P2; \"Kramdown, GFM, MultiMarkdown, CommonMark and ApexMarkdown\" P1; \"CriticMarkup\" P1)	not stated	not stated	no telemetry or tracking, stated (\"The developer does not collect any data from this app.\" P1)	\"14.99 USD\" (\"price\": 14.99, \"priceCurrency\": \"USD\" P1); \"30 days\" demo (\"You can try out the demo version of MarkMyWords for 30 days without any restrictions.\" P2)	free trial, then paid (P2 demo quote with price P1)	not stated	not stated	not stated	not stated	application store listing (P1); maker's own website (P2)	\"Mac App Store\" (P2); \"https://itunes.apple.com/app/markmywords/id406500316\" (P2); \"https://www.xelaton.com/en/Applications/MarkMyWords\" (Website link, P1); count 3	through an application store or marketplace (Mac App Store, P2)	free trial, then payment (P2 demo quote; price P1)	purchase through a store or marketplace (\"The payment process in the Mac App Store is completely handled by Apple\" P3)	per-licence use limit stated (\"Up to six family members can use this app with Family Sharing enabled.\" P1)	not stated	2026-10-01 (day; version 2.14.2 date field, P1)	not stated	outline, contents or headings sidebar (\"Sidebar with details, document outline, and textclips\" P1); jump to heading or section (\"With just one click on a particular headline, the editor can be moved to the desired position.\" P2)	search across files or a folder (\"With the integrated search ... the desired document can be found quickly.\" P2)	shows remote images (\"images from a website can be integrated into your document\" P2)	preview updates as you type inside the product, stated (\"The live preview renders your text in real time\" P1; \"the HTML code updates itself as you write\" P2)	themes provided (\"built-in CSS themes\" P1); custom stylesheet (\"or use your own for the preview\" P1); font or size choice (\"Customize the font, color, size\" P1); light and dark modes (\"manual dark mode\" P2); follows the system appearance, stated (\"automatically adapts to the system settings\" P2)	print (\"Formatted printing\" P1); export to PDF; export to HTML; export to another named format (\"RTF, Doc, ODT, HTML or PDF\" P2)	email or contact form (\"reach out through the contact form for support\" P1)	not stated	not stated	not stated	P1 https://apps.apple.com/us/app/markdown-suite-markmywords/id406500316?mt=12&uo=4; P2 https://www.xelaton.com/en/Applications/MarkMyWords; P3 https://www.xelaton.com/en/Support/Contact; all 2026-10-09	https://www.xelaton.com/en/Privacy linked from the listing, not fetched		V03: 'MarkMyWords' has no separator inside the word, so no function word; 'Markdown' is a markdown token. V04: 'Suite' in the title names no second program; the demo and full versions of the one program are named, coded one program in editions. V05: 'authors, who publish their articles on blogs and news-sites' coded class 1 from the noun 'authors'; the blog qualifier could also fit class 2 but the rule codes by the noun's list. 'users of MultiMarkdown' carries no class. V07: the demo-version invitation names no download link or button, so download a file is not coded. V13a: flavours quoted from P1 and P2; HTML, Textile, Wikitext, BBCode named as supported markup languages and recorded as other named flavours; Textbundle is a file bundle, not coded. V16b: 'one-time purchase' not coded since the price '14.99 USD' has no period and no rule covers that. V19 not stated: Family Sharing line names no sold unit. V26 not stated: version dates only. V30: remote images coded from 'images from a website can be integrated'. V37 not stated: the first sentence about authors is an audience sentence, not a reason.
markdown-table	eligible	Markdown Table	markdown token in name	single program	not stated	not stated	not stated	editor extension (\"A vscode extension to add markdown table features.\" P2)	editor, rendered view not stated (\"Add features to edit markdown table.\" P1)	inside a host program (\"A vscode extension to add markdown table features.\" P2)	host program named (\"A vscode extension to add markdown table features.\" P2)	not stated	not stated	tables (\"Add features to edit markdown table.\" P1); other named flavour (\"[Add] Quarto support (.qmd)\" P1 Changelog)	not stated	not stated	not stated	\"Free\" (\"property Pricing: Free\" P1)	free (\"property Pricing: Free\" P1)	named open-source licence (\"Apache License\" P1 License asset; \"Apache-2.0 license\" P2)	not stated	not stated	not stated	extension marketplace listing (P1); code repository page (P2)	\"https://github.com/takumisoft68/vscode-markdown-table.git\" (property Source); \"https://github.com/takumisoft68/vscode-markdown-table#readme\" (property Learn); \"https://github.com/takumisoft68/vscode-markdown-table/issues\" (property Support) (all P1); count 3	by cloning or downloading source and running or building it (Source property, P1)	nothing paid before use, stated (\"property Pricing: Free\" P1)	not stated	not stated	not stated	2025-01-19 (day; lastUpdated field 2025-01-19T00:59:27.587Z, version 0.13.0, P1)	not stated	not stated	not stated	not stated	not stated	not stated	not stated	issue tracker (\"property Support: https://github.com/takumisoft68/vscode-markdown-table/issues\" P1)	user, download or install count claimed (\"statistic install: 260958\" P1); rating or review score shown on the listing (\"statistic averagerating: 4.93\"; \"statistic ratingcount: 30\" P1)	not stated	not stated	P1 https://marketplace.visualstudio.com/items?itemName=TakumiI.markdowntable (gallery API fields, Details, Changelog, License assets); P2 https://github.com/takumisoft68/vscode-markdown-table; P3 https://github.com/takumisoft68/vscode-markdown-table/issues (captured, not quoted); all 2026-10-09	none	Marketplace listing data: \"publisher displayName: Takumi Ishii (TakumiI) flags: verified\"; extension flags: \"validated, public\" (P1)	V01 passes test 2(b): 'markdown' in name and 'Add features to edit markdown table.' V04 single program from absence. V06 not stated: the short description names a purpose, not who it is for. V11: 'Engine: ^1.80.0' is a host version range. V13a: 'Quarto support (.qmd)' (P1 Changelog 0.10.4) coded as other named flavour; 'Ignore tables in code block' is a setting, not coded separately. V15: 'property ExecutesCode: true' is a marketplace property, not a network or data statement. V22 coded from the Source and Learn properties, no instruction to clone. V33: 'Convert TSV to table.' and 'Convert CSV to table.' are imports, nothing coded. V27a: lastUpdated 2025-01-19, version 0.13.0; changelog dates 2023/3/15 and earlier. V34: README 'Tips' heading is not a documentation invitation.
markdown-to-pdf-converter-fast	eligible	Markdown to PDF Converter－Fast	markdown token in name	undecidable	Students and academics (\"Students and researchers compiling notes and papers\"; \"Free offer to students, teachers and open-source maintainers.\" P1); Developers and coders (\"Developers using an MDX converter for documentation and API docs to PDF\"; \"open-source maintainers\" P1); Writers and authors (\"Writers and authors publishing manuscripts and ebooks\" P1)	\"Social media creators exporting Markdown to image cards for Twitter, LinkedIn, and more\"; \"Anyone who wants batch Markdown to PDF, Word, or HTML conversion\" (both P1)	install from a store (button label \"'titles': {'standard': 'Get'}\" P1); pay or buy (\"Upgrade to Pro for unlimited batch conversion.\" P1)	desktop application (\"the only batch markdown converter and Markdown preview with Quick Look for Mac\" P1); other kind (\"Quick Look preview in Finder\" P1)	undecidable	macOS (\"Requires macOS 12.0 or later.\" P1)	minimum operating-system version named (\"Requires macOS 12.0 or later.\" P1)	not stated	not stated	GitHub Flavored Markdown; tables (\"GitHub Flavored Markdown -- headings, tables, lists, links\" P1); diagrams (\"Mermaid diagrams (.mmd)\" P1); other named flavour (\"MDX files -- JSX expressions wrapped in code blocks\" P1)	undecidable	local, stated (\"Your files stay on your Mac.\"; \"Everything stays on your device. No cloud upload, no data collection, no third-party access.\" P1)	works offline, stated (\"100% offline\"; \"Q: Does it work completely offline? A: Yes.\" P1); no telemetry or tracking, stated (\"The developer does not collect any data from this app.\" P1)	\"One-time purchase -- pay once, use forever, no subscription\" (P1); \"$2.99\" (in-app purchase \"Permanent License\" P1); \"1 times/day in the free version\" (P1)	free with paid tier or features (\"You can Batch Markdown Converter Pro 1 times/day in the free version. Upgrade to Pro for unlimited batch conversion.\" P1); one-time purchase (\"One-time purchase -- pay once, use forever, no subscription\" P1)	not stated	not stated	not stated	a copy to download or install (\"Get\" button P1)	application store listing (P1)	\"https://sites.google.com/view/good-pdf\" (Website link, P1); \"App Store\" (title tag 'Markdown to PDF Converter－Fast App - App Store' P1); count 2	through an application store or marketplace (App Store, P1)	free use, payment for more (\"'hasInAppPurchases': True, 'isFree': True\" P1)	in-app purchase (field \"In-App Purchases\" value \"Yes\" P1)	not stated	frequent or continuous updates claimed, no schedule (\"Constant improvement of Fast Batch Markdown to PDF Converter Pro Edition is our promise to you.\" P1)	2026-09-23 (day; version 2.6.0 date field, P1)	not stated	not stated	not stated	not stated	not stated	not stated	export to PDF; export to HTML; export to another named format; print (\"Export to PDF, Word (.docx), HTML, RTF, TXT, PNG, and JPG\"; \"export or print\" P1)	email or contact form (\"Questions or feedback? Reach us at goodpdfteam@gmail.com. We will reply shortly.\" P1)	not stated	not stated	not stated	P1 https://apps.apple.com/us/app/markdown-to-pdf-converter-fast/id6786398678?mt=12&uo=4; P2 https://sites.google.com/view/good-pdf (does not mention Markdown); P3 https://sites.google.com/view/good-pdf-privacy-policy (names 'the Good PDF Converter application'); all 2026-10-09	none		V01: passes test 2(a) on 'Markdown Preview (Quick Look)' and 'a powerful Markdown viewer and reader right in Finder'. V02: listing title coded; the description calls the product 'Markdown to PDF Converter Pro' and 'Markdown To PDF Pro'. V04 undecidable: P1 offers a free version and a Pro purchase (editions) and 'Included: Markdown Preview (Quick Look)' as a viewer 'included free with your ... purchase'; whether that included Quick Look viewer is a 'companion program or component' (single program excluded), a 'distinct program' (family) or neither is not settled by the value list. V05: 'Social media creators exporting Markdown to image cards' is not clearly 'content creators who publish posts' (class 2), so recorded in V06 only; 'Free offer to students, teachers and open-source maintainers.' (P1) is an offer named for classes 3 and 4 and coded with the listed audience phrases. V07: 'Download the best Markdown to PDF converter for Mac today.' has no link or button, so download a file is not coded; 'Upgrade to Pro for unlimited batch conversion.' codes pay or buy. V08 other kind: 'Quick Look preview in Finder' is an extension to the operating system's quick-preview facility. V09 undecidable: P1 describes a 'Markdown viewer and reader' and its 2.6.0 notes carry the bare line 'Markdown to PDF Pro Editor', which names an editor but does not say the product edits. V12b not stated: 'Free updates included.' says updates are free, not how they arrive. V13b undecidable: P1 says 'MDX files -- JSX expressions wrapped in code blocks' and 'MDX -- JSX expressions automatically stripped for clean output'; two statements about the same unrecognised content give plain-text-like and dropped values and no rule picks. V13a: tables coded from the named list 'headings, tables, lists, links' beside GFM. V16b: 'One-time purchase' and 'free with paid tier or features' both coded. V19: 'Permanent License' names no per-person or per-device unit, so coded from the free download only. V28 not coded: 'Automatic PDF bookmarks from Markdown headings' describes bookmarks in the exported PDF, not navigation in the product. V32: page sizes and margins are not on the appearance list. V17 not stated: 'No registration, No account needed, No subscription' is not a no-other-cost statement. V34: listing link text 'Support' has no URL.
markdown-view	eligible	Markdown View	markdown token in name; function word in name (View)	single program	not stated	\"View markdown files in a browser from the command line.\" (purpose phrase, P1)	install by a package-manager command (\"sudo snap install mdview\" P1; \"yay -S mdview\"; \"deb-get install mdview\" P4); download a file (\"Grab the correct binary for your operating system\" P4); clone or build from source (\"Compile Yourself\" P4)	terminal program (\"Command line tool to view a markdown file in your default web browser.\" P1)	reader, editing not stated (\"Command line tool to view a markdown file in your default web browser.\" P1)	Linux; macOS; Windows; BSD (\"Linux, macOS, Windows, and FreeBSD binaries are all published with every release.\" P4)	not stated	package-manager command (\"sudo snap install mdview\" P1; \"yay -S mdview\"; \"deb-get install mdview\" P4); copy or unpack a binary (\"Grab the correct binary for your operating system\" P4); run an installer or open a package file (\"download the package and install it\" P4); build or run from source (\"go install github.com/mapitman/mdview@latest\"; \"Compile Yourself\" P4)	not stated	GitHub Flavored Markdown; diagrams; tables; task lists (\"Supports GitHub Flavored Markdown, Mermaid diagrams, embedded images, and automatic theme detection.\"; \"Full support for tables, task lists, strikethrough, and more\" P4)	not stated	not stated	works offline, stated (\"Automatically converts relative image paths to data URIs for offline viewing\" P4)	not stated	not stated	named open-source licence (\"License MIT\" P1; \"MIT license\" P3)	not stated	not stated	a copy to download or install (binary releases, P4); a package the system's package manager maintains (\"yay -S mdview\", \"deb-get install mdview\" P4)	application store listing (P1); code repository page (P3); release page (P5)	\"Snap Store\" (P1); \"AUR\" (README Arch Linux (AUR) heading, P4); \"deb-get\" (P4); \"Releases\" (P4); \"go install github.com/mapitman/mdview@latest\" (P4); count 5	through an application store or marketplace (Snap Store P1); through a package repository or package manager (snap, yay, deb-get, go install P1, P4); by downloading a release or binary from the maker (\"Grab the correct binary\" P4); by cloning or downloading source and running or building it (\"Compile Yourself\" P4)	not stated	not stated	not stated	not stated	23 August 2026 (day; snapcraft.io 'latest/edge' line, P1); latest/stable 1.8.0; GitHub release 1.9.0 'released this 21 Aug' (no year, P5)	not stated	not stated	not stated	shows local images (\"Relative image paths are then resolved against the current working directory.\" P4)	not stated	light and dark modes; follows the system appearance, stated (\"Supports dark and light mode automatically\" P1; \"HTML output conforms to your system's light or dark theme setting\" P4)	export to HTML (\"converts markdown files to styled HTML\"; \"Write to a temporary file or specify a custom output location\" P4)	issue tracker (\"Report a bug github.com/mapitman/mdview/issues\" P1); documentation or guide (\"Type mdview --help for options.\" P1)	not stated	undecidable	not stated	P1 https://snapcraft.io/mdview; P2 https://pitman.io (personal blog, no mention of the product); P3 https://github.com/mapitman/mdview; P4 https://raw.githubusercontent.com/mapitman/mdview/main/README.md; P5 https://github.com/mapitman/mdview/releases/latest (final URL .../releases/tag/1.9.0); all 2026-10-09	https://github.com/mapitman/mdview/issues linked from the snap page, not fetched	Snap Store page (P1): \"(Ownership verified) The publisher has verified that they own this domain. It does not guarantee the Snap is an official upload from the upstream project.\"	V02: Snap Store title coded; package name 'mdview'. V04 single program from absence. V11 not stated: 'If you have Golang installed...' and the snap-support line sit inside single install routes among several. V12a: 'go install github.com/mapitman/mdview@latest' is coded as build or run from source (it fetches and builds); a package-manager reading is also possible. V15: 'for offline viewing' concerns the generated HTML's images; coded works offline stated at that scope. V19: coded from the free binaries and the AUR/Debian/snap packages; no price or licence unit named. V27a: P1 reads 'Last updated 25 January 2026 - latest/stable 23 August 2026 - latest/edge'; the latest dated value is the edge channel; P5 'released this 21 Aug 22:38' (1.9.0) gives no year and is not coded as a date. V26 not stated: dates only. V30: 'Renders linked images inline' (P1) does not say local or remote; local coded from relative-path text. V36 undecidable: release notes 1.9.0 (P5) read 'Add CLAUDE.md' and 'Add Claude Code GitHub Workflow'; they name an AI service but state neither that AI made the product nor an integration of the product. V35: '38 stars', '10 forks' (P3) are repository counts, not coded.
markdown-viewditor	eligible	Markdown Viewditor	markdown token in name	single program	not stated	not stated	install by a package-manager command (\"sudo snap install markdown-viewditor\" P1); download a file (\"Pick the file matching your platform:\"; \"Pre-built binaries for Windows, macOS, and Linux\" P3)	desktop application (\"A feature-rich and simple cross-platform markdown viewer and editor ... built with Tauri v2 + Svelte 5.\"; \"Cross-Platform — Windows, macOS, Linux\" P3)	editor with rendered view (\"Live Preview — See your markdown rendered in real-time as you type\"; \"Three View Modes — Editor only, Split, View only\" P3)	Windows; macOS; Linux (\"Cross-Platform — Windows, macOS, Linux\" P3)	not stated	package-manager command (\"sudo snap install markdown-viewditor\" P1); run an installer or open a package file (\"Markdown-Viewditor_*_x64-setup.exe (NSIS) or .msi\"; \".dmg\"; \"*.deb ... or *.rpm\" under platform headings P3)	updates itself, stated (\"All desktop builds ... can check the GitHub Releases feed for updates and install them in place via Help → About → Check for Updates.\" P3)	CommonMark; GitHub Flavored Markdown; tables; task lists; footnotes; raw HTML; front matter; diagrams; math (\"CommonMark core only\"; \"Tables, strikethrough, task lists, bare-URL autolinks, footnotes, raw HTML\"; \"All of GitHub + YAML frontmatter\"; \"Mermaid Diagrams — Flowcharts, sequence diagrams, Gantt charts and more\"; \"Mathematics Formulas in Formats From Most AI Chat Bots\" P3)	warned about, stated (\"soft editor warnings when your document uses features outside the chosen level\" P1)	not stated	not stated	not stated	not stated	named open-source licence (\"MIT — see [LICENSE](LICENSE) for details.\" P3; \"License MIT\" P1)	not stated	not stated	a copy to download or install (pre-built binaries, P3)	application store listing (Snap Store title tag, P1); code repository page (P2); release page (P4)	\"Snap Store\" (title tag 'Install Markdown Viewditor on Linux | Snap Store' P1); \"github.com/paw-hermansen/Markdown-Viewditor/releases/latest\" (P1); \"are published on the Github\" (P3); \"my homepage\" (P3); count 4	through an application store or marketplace (Snap Store, P1); through a package repository or package manager (\"sudo snap install markdown-viewditor\" P1); by downloading a release or binary from the maker (\"Pre-built binaries\" P3)	not stated	not stated	not stated	not stated	2026-09-12 (day; snapcraft 'Last updated 12 September 2026', version 1.5.0, P1; GitHub release 'released this 12 Sep' P4)	not stated	scroll position kept or synchronised (\"Scroll Sync — Editor and view stay synchronized\" P3)	not stated	not stated	preview updates as you type inside the product, stated (\"Live Preview — See your markdown rendered in real-time as you type\" P3)	themes provided (\"8 built-in dark and light themes\" P1); custom stylesheet (\"Full custom styles with CSS\" P1)	export to PDF; export to HTML; export to another named format (ODT); print (\"Export — Self-contained HTML, ODT (most wordprocessors) and PDF/Print\" P3)	issue tracker (\"Anyone may [open an issue](../../issues) (bug reports and suggestions alike)\" P3); documentation or guide (\"Detailed guides for end users:\" P3)	not stated	made for reading or editing AI output (\"Mathematics Formulas in Formats From Most AI Chat Bots\" P3); made with AI, stated (\"This application was built with the help of [OpenCode](https://opencode.ai), an AI-powered coding assistant.\"; \"Also most of the documentation was written by AI.\" P3)	\"I'm still coding for fun and I couldn't find a Markdown viewer and editor that I liked, so I used the summer 2026 to write the Markdown desktop app that is perfect for me and at the same time to test if AI coding assistants are any good.\" (P3)	P1 https://snapcraft.io/markdown-viewditor; P2 https://github.com/paw-hermansen/Markdown-Viewditor; P3 https://raw.githubusercontent.com/paw-hermansen/Markdown-Viewditor/main/README.md; P4 https://github.com/paw-hermansen/Markdown-Viewditor/releases/latest (final URL .../releases/tag/v1.5.0); all 2026-10-09	none	Snap Store page (P1): \"(Ownership verified) The publisher has verified that they own this domain. It does not guarantee the Snap is an official upload from the upstream project.\"	V03: 'Viewditor' is one fused word, so no function word counts; 'Markdown' is the token. V04 single program: 'viewer and editor' is one program. V06 not stated: the tagline names no audience or purpose-for phrase. V07: 'Project Quick Start' is a heading only, no build instruction captured, so source build not coded. V10: 'Mobile (Android, iOS) is technically supported by Tauri v2 but untested.' names platforms as untested, not coded. V11 not stated: SmartScreen and Gatekeeper lines are warnings, not prerequisites; the snap-support line belongs to one route. V12b: the in-app 'Check for Updates' is coded updates itself, stated; 'use the system updater' for Flatpak or the Windows Store fits no value and is not coded. V13b: 'soft editor warnings when your document uses features outside the chosen level' coded warned about, stated; the README adds 'Rendering is never restricted'. V15: update check network use is stated but not as 'only' so not coded. V16a/b not stated: '(to keep releases free)' concerns code signing wording. V32: 'dark and light themes' coded as themes only. V36: made for reading AI output coded from 'Formats From Most AI Chat Bots'; 'SKILL.md handling' and 'AI agents SKILL.md files' describe file support, not an integration, so works with AI agents not coded.
markdown-viewer	eligible	Markdown Viewer	markdown token in name; function word in name (Viewer)	single program	not stated	\"Read Markdown files in a dedicated desktop viewer\" (purpose phrase, P1)	install by a package-manager command (\"sudo snap install markdown-viewer\" P1)	desktop application (\"Desktop Markdown viewer for Linux, Windows, and macOS\" P1)	reader, editing not stated (\"Desktop Markdown viewer for Linux, Windows, and macOS\" P1)	Linux; Windows; macOS (\"Desktop Markdown viewer for Linux, Windows, and macOS\" P1)	not stated	package-manager command (\"sudo snap install markdown-viewer\" P1)	not stated	not stated	not stated	not stated	not stated	not stated	not stated	not stated	not stated	not stated	a package the system's package manager maintains (\"sudo snap install markdown-viewer\" P1)	application store listing (Snap Store, P1)	\"Snap Store\" (P1); count 1	through an application store or marketplace (Snap Store, P1); through a package repository or package manager (\"sudo snap install markdown-viewer\" P1)	not stated	not stated	not stated	not stated	3 October 2026 (day; 'Last updated 3 October 2026 - latest/stable', version 1.1.0, P1)	not stated	not stated	not stated	not stated	not stated	not stated	not stated	not stated	not stated	not stated	not stated	P1 https://snapcraft.io/markdown-viewer (2026-10-09)	none		V01 passes test 2(a): 'Read Markdown files in a dedicated desktop viewer'. V04 single program from absence. V06: 'in a dedicated desktop viewer' is a purpose phrase. V11 not stated: the snap-support line belongs to the one install route. V16: 'License unset' (P1) names no licence and the page shows no price field; all of V16 not stated. V19: coded from 'sudo snap install' as a package the package manager maintains. V35: the 'Where people are using Markdown Viewer' section shows distribution names with no counts, nothing coded. Page lists no website, source or bug-report link; publisher shown as 'Gavle Namdev (namdev)'.
markdown-viewer-editor	eligible	Markdown Viewer Editor	markdown token in name; function word in name (Viewer, Editor)	single program	not stated	not stated	not stated	mobile application; desktop application (\"seamless writing experience across iPhone, iPad, and Mac\" P1)	editor with rendered view (\"four flexible editing modes — WYSIWYG, Source, Preview, and Split View\" P1)	iOS (\"Requires iOS 13.0 or later.\"); iPadOS (\"Requires iPadOS 13.0 or later.\"); macOS (\"Requires macOS 10.15 or later.\") (all P1)	minimum operating-system version named (\"Requires macOS 10.15 or later.\" P1)	not stated	not stated	tables; syntax-highlighted code blocks (\"Complete Markdown syntax: headings, lists, tables, code blocks with syntax highlighting, links, images, and more\" P1); footnotes; front matter (\"GitHub Alerts, footnotes, YAML front matter, [TOC] generation\" P1); math (\"KaTeX math equations\" P1); diagrams (\"Mermaid diagrams — flowcharts, sequence diagrams, Gantt charts\" P1); raw HTML (\"HTML tags: iframe, video, audio, details, kbd, mark, and more\" P1)	not stated	not stated	no telemetry or tracking, stated (\"The developer does not collect any data from this app.\" P1)	\"4.99 USD\" (\"price\": 4.99, \"priceCurrency\": \"USD\"; \"priceFormatted\": \"$4.99\" P1)	undecidable	not stated	not stated	not stated	not stated	application store listing (P1)	\"https://iothub.cloud\" (Website link, P1); \"App Store\" (title tag 'Markdown Viewer Editor App - App Store' P1); count 2	through an application store or marketplace (App Store, P1)	payment required before first use, stated (\"'priceFormatted': '$4.99', 'hasInAppPurchases': False, 'isFree': False\" P1)	not stated	per-licence use limit stated (\"Up to six family members can use this app with Family Sharing enabled.\" P1)	not stated	2026-07-10 (day; version 1.0.5 date field, P1)	not stated	outline, contents or headings sidebar (\"Document outline panel — auto-extracted heading structure with click-to-navigate\" P1; \"[TOC] generation\" inserted); jump to heading or section (\"click-to-navigate\" P1); scroll position kept or synchronised (\"synchronized scrolling\" P1)	search across files or a folder (\"Search across all open documents\"; \"fuzzy search across your workspace\" P1); regular-expression search; find and replace (\"Find and replace with regex and case-sensitivity options\" P1)	not stated	both stated (\"External file change detection with reload prompt\"; \"Live Preview — High-quality rendered preview with full Markdown support\" P1)	themes provided (\"12 built-in themes — 6 light + 6 dark\" P1); light and dark modes; follows the system appearance, stated (\"Dark / Light mode — follow system or toggle manually\" P1); custom stylesheet (\"Custom CSS themes for preview styling\" P1); font or size choice (\"Adjustable font size and zoom level\" P1)	export to PDF; export to HTML; export to another named format (\"Export to PDF, HTML (GitHub-styled), Word (.docx), LaTeX (.tex), EPUB, and PNG long image\" P1)	not stated	not stated	AI features in the product (\"AI-POWERED WRITING ASSISTANT • Continue writing, summarize, translate, polish, or explain selected text\" P1)	not stated	P1 https://apps.apple.com/us/app/markdown-viewer-editor/id6762539454?uo=4; P2 https://iothub.cloud (Chinese; IoT and intranet-penetration service, no Markdown); P3 https://docs.iothub.cloud/privacyPolicy/ (Chinese; policy for app 云亿连, no Markdown); all 2026-10-09	none		V04 single program: 'FOUR EDITING MODES' are modes, not editions. P2/P3 describe a different product; only P1 is coded from. V10: visionOS 1.0 named, not on the list. V11: PicGo, shell-script preprocessors are optional features, not stated as required. V13a: 'GitHub Alerts' and 'Highlight, superscript, subscript' are not on the word list and code nothing; 'HTML tags: iframe, video ...' coded raw HTML. V15: Git sync, image upload and AI streaming output are named but no sentence states network use for named features, nothing coded. V16b undecidable: flat price '4.99 USD' with no period, no rule says a flat price is a one-time purchase. V19: Family Sharing line names no sold unit. V28: '[TOC] generation' is an inserted contents list. V29: coded from the three named search features; 'search within the document' is not named. V30 nothing: image paste and insert are editing features with no display or click behaviour stated. V31: 'Live Preview' in an editor codes preview-updates; 'External file change detection with reload prompt' codes reload on disk change. V33: 'Import from Word (.docx) to Markdown' is an import, not coded. V34: listing link text 'Support' has no URL.
markdown-viewer-md-quickview	eligible	Markdown Viewer - MD QuickView	markdown token in name; function word in name (Viewer, QuickView)	single program	Developers and coders (\"It is built for developers, writers, students, and anyone who often checks Markdown files on macOS.\" P1; \"Developers and engineers\" P2); Writers and authors (\"writers\" P1; \"Writers and editors\" P2); Students and academics (\"students\" P1); Note-takers and personal knowledge managers (\"Markdown note users\" P2)	\"anyone who often checks Markdown files on macOS\" (P1); \"Mac users who want to inspect Markdown files without opening an editor\" (P2)	install from a store (button label \"'titles': {'standard': 'Get'}\" P1; \"Download on Mac App Store\"; \"Download it now from the Mac App Store.\" P2)	other kind (\"A Mac Quick Look extension for previewing Markdown files in a GitHub-style layout.\" P2); desktop application (\"MD QuickView is a Markdown viewer for Mac\" P1)	reader, editing not stated (\"MD QuickView is a Markdown viewer for Mac that lets you preview .md files with Quick Look.\" P1)	macOS (\"Requires macOS 14.0 or later.\" P1; \"macOS 12.0+\" P2)	minimum operating-system version named (\"Requires macOS 14.0 or later.\" P1; \"Supported platform macOS 12.0 or later\" P2)	store install (\"Download it now from the Mac App Store.\" P2); host program's extension manager (\"confirm MD QuickView is enabled under Extensions / Quick Look\" P2)	not stated	tables; task lists (\"readable rendering for tables, checklists, code blocks, and GitHub-style documents\" P2)	not stated	local, stated (\"Previews on Mac. It is not designed around sending documents to an AuraMark server.\" P2; \"This App does not collect or transmit any personal information or Markdown file content of the users.\" P3)	works offline, stated (\"The App is designed to operate offline within the Mac's local environment.\" P3); no telemetry or tracking, stated (\"The developer does not collect any data from this app.\" P1); telemetry, analytics or crash reports sent, stated (\"anonymous crash reports may be provided to the Developer only if the User has consented\" P3)	\"Free\"; \"0 USD\" (\"price\": 0 P1); \"Pricing Free\" (P2); \"Yes, MD QuickView is free.\" (P2)	free (\"Is MD QuickView free? Yes, MD QuickView is free. It is available as a free download from the Mac App Store.\" P2)	not stated	not stated	not stated	a copy to download or install (\"a free download from the Mac App Store\" P2)	application store listing (P1); maker's own website (P2)	\"Mac App Store\" (P2); \"https://apps.apple.com/app/md-quickview/id6762174470\" (P2); \"https://auramark-studio.com/en/md-quickview/\" (Website link, P1); count 3	through an application store or marketplace (Mac App Store, P2)	nothing paid before use, stated (\"A completely free Mac extension\" P2)	no sale taken, stated (\"A completely free Mac extension\" P2)	not stated	not stated	2026-09-17 (day; version 1.5.0 date field, P1)	not stated	not stated	not stated	not stated	reloads when the file changes on disk, stated (\"the Quick Look preview now updates when an MD file is changed\" P1)	light and dark modes (\"When using your Mac in Dark Mode, the preview automatically switches to an eye-friendly dark theme.\" P2); follows the system appearance, stated (\"Fully supports System Appearance modes.\" P2); font or size choice (\"adjust font size\" P2)	not stated	documentation or guide (\"MD QuickView now includes a first-run guide that helps you enable the extension, test a sample Markdown file, and troubleshoot previews if needed.\" P2)	not stated	not stated	\"Preview with a simple hit of Space. No need to open an editor every time.\" (P2)	P1 https://apps.apple.com/us/app/markdown-viewer-md-quickview/id6762174470?mt=12&uo=4; P2 https://auramark-studio.com/en/md-quickview/; P3 https://auramark-studio.com/en/md-quickview/privacy; P4 https://auramark-studio.com/en/md-quickview/contact (captured, not quoted); all 2026-10-09	none		V03: 'QuickView' has a capital boundary inside the word so 'View' counts. V04 single program from absence. V05: class 5 coded from 'Markdown note users' (P2); 'anyone who often checks Markdown files on macOS' and 'Mac users who want to inspect Markdown files without opening an editor' carry no class qualifier from the lists and go to V06. V08 other kind: 'A Mac Quick Look extension' is an extension to the operating system's quick-preview facility. V10/V11: P1 'Requires macOS 14.0 or later.' and P2 'macOS 12.0 or later' disagree on the floor; both quoted, macOS is the platform either way, V11 coded as minimum OS version named with the conflict noted. V11: 'No special setup is usually required.' is hedged, not coded as none needed. V12a: 'Enable the Quick Look extension' and 'qlmanage -r' (P2) coded as host program's extension manager; the operating-system Extensions settings are named in P2. V13a: 'GitHub-style documents' and 'GitHub-style layout' do not match the rule's 'GitHub-style markdown', so GitHub Flavored Markdown is not coded; 'code blocks' alone not coded. V15: crash reports coded as stated though conditional on user consent (P3). V24: 'A completely free Mac extension' read as the free-with-nothing-to-buy statement of the rule's hard case; plain 'Free' alone would code not stated. V28/V29/V30 not stated: 'links ... displayed in a readable layout' states no click behaviour. V33 not stated: Quick Look preview only. V34: Support link is a bare contact URL (not coded); the first-run guide is coded as documentation. V37 borderline: sentence tells what is not needed and gives 'every time' as the reason; the listing alternative is 'No need to open heavy editors just to read your documents.' (P1).
markdown-viewer-md-reader	eligible	Markdown Viewer - MD Reader	markdown token in name; function word in name (Viewer, Reader)	single program	Developers and coders; Writers and authors (\"Built for developers, technical writers, and anyone who regularly opens README files or documentation\" P1)	\"anyone who regularly opens README files or documentation and wants something better than a plain text editor\" (P1); \"Open any README, note or doc and get a clean, formatted page\" (P1)	install from a store (button label \"'titles': {'standard': 'Get'}\" P1; link text \"Mac App Store\" P2)	mobile application; desktop application (\"Requires iOS 17.0 or later.\" \"Requires macOS 14.0 or later.\" P1; \"A clean and simple free Markdown viewer for macOS.\" P2)	reader, stated read-only (\"This is a viewer, not an editor.\" P1)	iOS; iPadOS; macOS (\"Requires iOS 17.0 or later.\" \"Requires iPadOS 17.0 or later.\" \"Requires macOS 14.0 or later.\" P1)	minimum operating-system version named (\"Requires macOS 14.0 or later.\" P1)	not stated	not stated	GitHub Flavored Markdown; tables; task lists (\"Renders GitHub Flavored Markdown — headings, tables, code blocks, task lists, blockquotes, links, and web images\" P1)	not stated	not stated	no telemetry or tracking, stated (\"The developer does not collect any data from this app.\" P1); telemetry, analytics or crash reports sent, stated (\"We use Google Firebase to collect anonymous usage data, device identifiers, and performance metrics to help us improve our apps.\" P4)	\"0 USD\" (\"price\": 0, \"priceCurrency\": \"USD\" P1); \"free Markdown viewer\" (P2)	free (\"A clean and simple free Markdown viewer for macOS.\" P2)	not stated	not stated	not stated	a copy to download or install (\"Get\" button P1)	application store listing (P1); maker's own website (P2)	\"https://apps.apple.com/us/app/mircules-markdown-viewer/id6760256766?mt=12\" (P2); \"https://mircules.com/products/\" (Website link, P1); \"Mac App Store\" (link text P2); count 3	through an application store or marketplace (Mac App Store, P2)	nothing paid before use, stated (\"'isFree': True\", price 0 USD, P1)	not stated	not stated	not stated	2026-07-31 (day; version 1.0 date field, P1; version 1.1 undated)	not stated	outline, contents or headings sidebar (\"Table of contents — auto-generated from your headings ... (side panel on iPad, sheet on iPhone)\" P1); jump to heading or section (\"tap to jump to any section\"; \"Jump anywhere with the outline\" P1)	search within the document (\"Search now highlights matches in the formatted view\" P1)	shows remote images (\"links, and web images\" P1)	manual refresh, stated (\"Refresh — reload after editing in another app\" P1)	not stated	export to PDF (\"Export to PDF — share your document as a formatted, print-ready PDF\" P1)	email or contact form (\"Contact Us\" P3)	not stated	not stated	not stated	P1 https://apps.apple.com/us/app/markdown-viewer-md-reader/id6760256766?uo=4; P2 https://mircules.com/products/; P3 https://mircules.com/; P4 https://mircules.com/privacy/; all 2026-10-09	none		V04 single program from absence. V05: class 4 from 'developers' and class 1 from 'technical writers'; 'anyone who regularly opens README files or documentation' has no class qualifier and goes to V06. V08/V10: P1 compatibility names iPhone, iPad, Mac and Apple Vision, while P2 describes the same App Store id as 'A clean and simple free Markdown viewer for macOS' with a Mac App Store link only; all of P1's platforms coded (visionOS not on the list). V12a not stated: 'Open Markdown files from the Files app or other apps.' describes where files come from. V15: P1 declares no data collected while P4 says 'We use Google Firebase to collect anonymous usage data, device identifiers, and performance metrics to help us improve our apps.'; P4 opens by naming other Mircules apps and does not name this one; both coded. V27a: only the version 1.0 date is given; version 1.1 carries no date. V33: 'share your document as a formatted, print-ready PDF' coded export to PDF only. V37 not stated.
markdown-viewer-offline	eligible	Markdown Viewer Offline	markdown token in name; function word in name (Viewer)	single program	Developers and coders (\"Software Developers: Perfect for previewing README files\"); Writers and authors; Bloggers and platform publishers (\"Writers and Bloggers\"); Students and academics (\"Students and Researchers\"); Teams, businesses and organisations (\"knowledge sharing within teams\") (all P1)	\"Professionals: Great for internal documentation, reports, and knowledge sharing within teams.\" (P1)	install from a store (button label \"'titles': {'standard': 'Get'}\" P1)	desktop application (\"Markdown Viewer, a dedicated desktop application\" P1)	reader, editing not stated (\"Markdown Viewer is more than just a file reader\" P1)	macOS (\"Requires macOS 11.0 or later.\" P1)	minimum operating-system version named (\"Requires macOS 11.0 or later.\" P1)	not stated	not stated	undecidable	not stated	not stated	works offline, stated (\"Markdown Viewer operates fully offline.\" P1); telemetry, analytics or crash reports sent, stated (privacy label headings \"Data Used to Track You\": \"Identifiers\"; \"Data Not Linked to You\": \"Third-Party Advertising\", \"Analytics\", \"Usage Data\", \"Diagnostics\" P1)	\"0 USD\" (\"price\": 0, \"priceCurrency\": \"USD\" P1)	free (\"'isFree': True\" P1)	not stated	not stated	not stated	a copy to download or install (\"Get\" button P1)	application store listing (P1)	\"https://www.hopebestsoftware.com\" (Website link, P1); \"App Store\" (title tag 'Markdown Viewer Offline App - App Store' P1); count 2	through an application store or marketplace (App Store, P1)	nothing paid before use, stated (\"'hasInAppPurchases': False, 'isFree': True\" P1)	not stated	not stated	not stated	not stated	not stated	not stated	not stated	not stated	not stated	not stated	not stated	not stated	not stated	not stated	\"while Markdown files are easy to write, they are not always convenient to preview without specialized tools.\" (P1)	P1 https://apps.apple.com/us/app/markdown-viewer-offline/id6751038679?mt=12&uo=4; P2 https://www.hopebestsoftware.com (does not mention Markdown); P3 https://www.hopebestsoftware.com/privacy-policy; P4 https://www.hopebestsoftware.com/contact (captured, not quoted); all 2026-10-09	none		V03: the description calls the product 'Markdown Viewer'; title 'Markdown Viewer Offline' coded. V04 single program from absence. V05: class 6 coded from 'knowledge sharing within teams' in the 'Professionals' bullet; 'Professionals' itself is on no list and goes to V06; 'Writers and Bloggers' codes classes 1 and 2. V10: 'cross-platform compatibility' (P1) names no platform beyond the compatibility field. V13a undecidable: P1 names 'Headers, bold and italic text, bullet points, code snippets, and hyperlinks' as displayed, none of which is on the word list, so no listed form is coded, yet forms are named and 'markdown named, no form named' would misstate that. V14 not stated: P1 says 'operates fully offline' (V15) and P3 says 'When you use Hopebest services, your files are uploaded to our web server to be processed' but does not name this product, so not coded. V15: the listing's privacy label (developer's declaration on the App Store listing) lists 'Data Used to Track You: Identifiers' and, under 'Data Not Linked to You', 'Third-Party Advertising', 'Analytics', 'Usage Data', 'Diagnostics'; coded as telemetry sent; this disagrees with 'operates fully offline' only on network use, both coded. V32: 'displayed in a professional, styled manner' is description only. V34: Support link is a bare URL. V19: coded from the Get button.
markdown-viewer-premium	eligible	markdown-viewer-premium	markdown token in name; function word in name (viewer)	single program	not stated	not stated	install by a package-manager command (\"sudo snap install markdown-viewer-premium\" P1)	desktop application (\"Install markdown-viewer-premium on your Linux distribution\" P1)	reader, editing not stated (\"A powerful and fast Markdown viewer with premium features.\" P1)	Linux (\"Install markdown-viewer-premium on your Linux distribution\" P1)	not stated	package-manager command (\"sudo snap install markdown-viewer-premium\" P1)	not stated	not stated	not stated	not stated	not stated	not stated	not stated	not stated	not stated	not stated	a package the system's package manager maintains (\"sudo snap install markdown-viewer-premium\" P1)	application store listing (Snap Store, P1)	\"Snap Store\" (P1); count 1	through an application store or marketplace (Snap Store, P1); through a package repository or package manager (\"sudo snap install markdown-viewer-premium\" P1)	not stated	not stated	not stated	not stated	27 March 2026 (day; 'Last updated 27 March 2026 - latest/stable', version 1.0.2, P1)	not stated	not stated	not stated	not stated	not stated	not stated	not stated	not stated	not stated	not stated	not stated	P1 https://snapcraft.io/markdown-viewer-premium (2026-10-09)	none		V01 passes test 2(a): 'Markdown viewer' in a sentence about the product. V03: 'Premium Markdown Viewer' in the summary line also matches; hyphens in the title separate the words. V04 single program: 'premium features' names no edition. V06 not stated: the tagline has no audience or 'for' phrase. V08: Linux named as where it installs; 'Built with Tauri' is a technology, not a kind. V11 not stated: snap-support line belongs to the one install route. V16: 'License unset'; 'with premium features' states no price or paid tier; all not stated. V19 coded from the snap install command. Page lists no website, source or bug-report link; publisher 'nguyen dinh chieu (chieund)'; category 'Development'.
markdown-writer	eligible	Markdown Writer	markdown token in name; function word in name (Writer)	one program in editions	not stated	\"It is useful for notes, documentation, technical writing, and web content.\" (purpose phrase, P2)	open in a browser (\"Open the editor\" P3); download a file (\"Download for Mac\" P3)	service (\"Markdown Writer is a free online Markdown editor for writing and previewing documents in the browser.\" P2); desktop application (\"Use it in your browser or as a native Mac app.\" P3)	editor with rendered view (\"Markdown, written and rendered side by side.\" P3)	macOS (\"The Mac app requires macOS 26 or later.\" P3)	none needed, stated (\"No signup, no install.\" P3); minimum operating-system version named (\"The Mac app requires macOS 26 or later.\" P3)	open a URL (\"Use it in your browser\" P3; \"No signup, no install. Click below and you'll be writing in under a second.\" P3)	not stated	GitHub Flavored Markdown; tables; task lists; footnotes; callouts or admonitions; math; diagrams (\"Tables, task lists, autolinks, footnotes, alert callouts.\" P3; \"GitHub Flavored Markdown (GFM), KaTeX math, Mermaid diagrams\" P2)	not stated	local by default, optional upload stated (\"Nothing leaves your device unless you publish a document.\" P3; \"Documents are stored in your browser, never uploaded to a server\" P4)	network used for named features only, stated (\"Only if you choose to publish.\" P3); telemetry, analytics or crash reports sent, stated (\"We use Google Analytics to understand traffic to the marketing pages and tools\" P6); account required, stated (\"Optional features require an account\" P5, scoped to optional features)	\"Yes — completely free, with no signup, no limits, and no upsell.\" (P3); \"Pro is billed as a recurring subscription at the price shown at checkout.\" (P5)	free (P3 FAQ); free with paid tier or features (\"a paid subscription (“Pro”): syncing documents across devices, uploading and hosting images\" P5); subscription (\"Pro is billed as a recurring subscription\" P5)	proprietary or EULA, stated (\"Licensing Proprietary and Free product.\" P2)	account with the maker required, stated (\"Optional features require an account and, in some cases, a paid subscription (“Pro”)\" P5)	not stated	a copy to download or install (\"Download for Mac\" P3); an account on a service (\"Optional features require an account\" P5)	maker's own website (P3)	\"Official Website markdownwriter.com\" (P2); \"Download for Mac\" (P3); count 2	by opening it in a browser (P3); by downloading a release or binary from the maker (\"Download for Mac\" P3)	free use, payment for more (P3 free statement; P5 Pro subscription)	checkout or licence key from the maker or a payment processor (\"Payments are processed by Stripe.\" P5); subscription account with the maker (\"Optional features require an account and, in some cases, a paid subscription\" P5)	not stated	not stated	2026-09-23 (day; AlternativeTo 'this page was last updated Sep 23, 2026', a listing update, P2)	not stated	scroll position kept or synchronised (\"Editor and preview stay locked to the same block.\" P3)	not stated	not stated	preview updates as you type inside the product, stated (\"all update as you type\" P4)	not stated	export to PDF; export to HTML; export to another named format (\"export any of them to PDF, HTML, or a plain .md file in one click\" P4)	email or contact form (\"hello@markdownwriter.com\" P5)	not stated	AI features in the product (\"Generate markdown from a prompt\"; \"AI editing, in place\"; \"Continue writing\" P3)	not stated	P1 https://alternativeto.net/software/typora/?p=18 (entry read via fetch tool); P2 https://alternativeto.net/software/markdown-writer/about/ (via fetch tool); P3 https://markdownwriter.com; P4 https://markdownwriter.com/editor/; P5 https://markdownwriter.com/terms/; P6 https://markdownwriter.com/privacy/; all 2026-10-09	https://markdownwriter.com/mac/ HTTP 404 'Page not found.' (the 'Download for Mac' button points to /mac/MarkdownWriter-latest.dmg, not fetched)		V02: coded 'Markdown Writer' (AlternativeTo entry title); P2 page title reads 'Markdown Writer: Free online Markdown editor with live preview, GitHub Flavored Markdown, KaTeX' and P3 title 'Markdown Writer — Free Online Markdown Editor with Live Preview'; the title source is the only judgment here, the rule names the listing title. V04: Pro subscription named in P5 and a 'Premium' section heading in P3, coded one program in editions; the site also offers browser and Mac forms of the one program. V07: 'Try AI editing' is a feature link, no act coded; 'Optional features require an account' is a term, not an invitation. V10: AlternativeTo 'UNIX, Web Browser' (P2) names UNIX, not on the list, and 'Web Browser' is not stated as 'any desktop with a web browser'; only macOS coded. V12a: 'Download for Mac [/mac/MarkdownWriter-latest.dmg]' is a download of a .dmg with no stated install step; not mapped to a value. V14/V15: 'Nothing leaves your device unless you publish a document.' (P3) and optional Pro sync/image hosting (P5) give local by default with optional upload. V15 account required: P5 says 'Optional features require an account', scoped to optional features, while P3 says 'No signup needed.'; both quoted. V16b: P3 FAQ says 'completely free ... no upsell' and P5 describes a Pro subscription; all coded. 'New subscriptions may include a free trial.' is conditional, so free trial then paid is not coded. V17 coded from the scoped P5 sentence. V19: 'per person' not stated for Pro, so no per-person unit coded. V26 not stated: P5/P6 'Last updated August 23, 2026' are policy dates. V27a: the date is an AlternativeTo listing update, not a release; no release date given. V35: AlternativeTo 'Features' list with no counts, nothing coded. V33: 'print-ready output' not coded as print.
markdownmeister	eligible	MarkdownMeister	markdown token in name	single program	not stated	not stated	install by a package-manager command (\"sudo snap install markdownmeister\" P1)	desktop application (\"A free WYSIWYG markdown editor for Windows, macOS and Linux\" P1)	editor with rendered view (\"Write with a live preview or edit the raw source\" P1)	Windows; macOS; Linux (\"A free WYSIWYG markdown editor for Windows, macOS and Linux\" P1)	not stated	package-manager command (\"sudo snap install markdownmeister\" P1)	not stated	markdown named, no form named (\"A free WYSIWYG markdown editor\" P1)	not stated	not stated	not stated	\"free\" (\"A free WYSIWYG markdown editor\" P1)	free (\"MarkdownMeister is a free, open-source markdown editor.\" P1)	named open-source licence (\"License MIT\" P1)	not stated	not stated	a package the system's package manager maintains (\"sudo snap install markdownmeister\" P1)	application store listing (Snap Store, P1)	\"Snap Store\" (P1); count 1	through an application store or marketplace (Snap Store, P1); through a package repository or package manager (\"sudo snap install markdownmeister\" P1)	nothing paid before use, stated (\"A free WYSIWYG markdown editor\" P1)	not stated	not stated	not stated	3 October 2026 (day; 'Last updated 3 October 2026 - latest/stable', version 1.8.0, P1)	not stated	not stated	not stated	not stated	preview updates as you type inside the product, stated (\"Write with a live preview\" P1)	not stated	not stated	not stated	not stated	not stated	not stated	P1 https://snapcraft.io/markdownmeister (2026-10-09)	none		V03: 'MarkdownMeister' has a capital boundary after 'Markdown', so the markdown token counts; 'Meister' is not a function word. V04 single program from absence. V06 not stated: the summary line is a tagline. V11 not stated: snap-support line belongs to the one install route. V13a: 'WYSIWYG markdown editor' names markdown and no form. V14 not stated: 'Your files stay plain markdown on disk.' states file format and location, not that nothing leaves the device. V19 coded from the snap install command. V28 not stated: 'browse a folder in the sidebar' is a file browser, not an outline. Page lists no website, source or bug-report link; publisher 'Chris Small (yetanotherchris)'; category 'Utilities'.
markdownpart	eligible	markdownpart	none of the above	single program	not stated	not stated	not stated	other kind (\"a small KDE KParts plugin to render Markdown documents in any application which uses the KPart system\" P1)	reader, editing not stated (\"a small KDE KParts plugin to render Markdown documents\" P1)	Linux (\"Origin: Ubuntu\"; \"500 http://archive.ubuntu.com/ubuntu plucky/universe amd64 Packages\" P1)	runtime or interpreter named (\"Depends: kio6, libc6 (>= 2.14), libkf6configgui6 (>= 6.3.0), ... libqt6core6t64 (>= 6.8.2), ... libstdc++6 (>= 5)\" P1)	not stated	not stated	markdown named, no form named (\"to render Markdown documents\" P1)	not stated	not stated	not stated	not stated	not stated	not stated	not stated	not stated	a package the system's package manager maintains (\"Filename: pool/universe/m/markdownpart/markdownpart_24.12.3-0ubuntu1_amd64.deb\" P1)	package registry page (P1)	\"Homepage: https://invent.kde.org/utilities/markdownpart\" (P1); \"Filename: pool/universe/m/markdownpart/markdownpart_24.12.3-0ubuntu1_amd64.deb\" (P1); \"500 http://archive.ubuntu.com/ubuntu plucky/universe amd64 Packages\" (P1); count 3	through a package repository or package manager (Ubuntu archive line, P1)	not stated	not stated	not stated	not stated	not stated	not stated	not stated	not stated	not stated	not stated	not stated	not stated	issue tracker (\"Bugs: https://bugs.launchpad.net/ubuntu/+filebug\" P1)	not stated	not stated	not stated	P1 apt-cache show markdownpart and apt-cache policy markdownpart (Ubuntu plucky archive index, run on the clerk host; Spanish locale output) (2026-10-09); P2 https://packages.ubuntu.com/plucky/markdownpart (page text 'Error two or more packages specified (markdownpart plucky)')	https://invent.kde.org/utilities/markdownpart (the Homepage field) HTTP 403, no page text captured		V02: coded from 'Package: markdownpart'; Description-en heading is 'KDE Markdown KPart'. V03: 'markdownpart' has no separator or capital boundary, so neither 'markdown' nor any function word is a separate word: none of the above (rule's 'mdlark' hard case). V05/V06 not stated: 'in any application which uses the KPart system' names where the plugin runs, a feature, not an audience. V08: coded other kind from 'a small KDE KParts plugin ... in any application which uses the KPart system'; the host is not an editor or notes application, so editor extension does not fit, and component (a module others build into software) is a possible alternative reading the value list does not separate. V10: Linux coded from 'Origin: Ubuntu' and the Ubuntu archive line; 'Architecture: amd64' is not a platform on the list. V11: Depends field names Qt 6 and KDE Frameworks 6 libraries, coded as runtime or toolkit named; read as stated need because Depends is a requirement field. V12 not stated: the record gives a package filename and host line 'Instalados: (ninguno)' (Spanish for 'Installed: (none)'), no install instruction. V19 coded from the .deb Filename and Section lines. V26/V27 not stated: Version '24.12.3-0ubuntu1' is not a date; the record has no date field. V34 coded from the Bugs field; Maintainer lines are contact fields, not invitations.
markdowser	eligible	markdowser	none of the above	single program	not stated	not stated	install by a package-manager command (\"sudo snap install markdowser\" P1; \"choco install Markdowser\" P3); download a file (\"Download the latest release\" P3)	desktop application (\"GitHub (Windows)\"; \"Snapcraft (Linux)\" P3)	reader, editing not stated (\"Markdowser is a web browser that renders Markdown instead of HTML.\" P3)	Windows; Linux (\"GitHub (Windows)\"; \"Chocolatey (Windows): `choco install Markdowser`\"; \"Snapcraft (Linux)\" P3)	not stated	package-manager command (\"sudo snap install markdowser\" P1; \"Chocolatey (Windows): `choco install Markdowser`\" P3)	not stated	markdown named, no form named (\"Markdowser is a web browser that renders Markdown instead of HTML.\" P3)	not stated	not stated	not stated	not stated	not stated	named open-source licence (\"License MIT\" P1; \"MIT license\" P2)	not stated	not stated	a package the system's package manager maintains (snap and Chocolatey commands, P1, P3); a copy to download or install (\"Download the latest release\" P3)	application store listing (Snap Store, P1); code repository page (P2); release page (P4)	\"Snap Store\" (P1); \"GitHub (Windows)\" (P3); \"Chocolatey (Windows)\" (P3); \"Snapcraft (Linux)\" (P3); count 4	through an application store or marketplace (Snap Store, P1); through a package repository or package manager (snap, choco, P1, P3); by downloading a release or binary from the maker (\"Download the latest release\" P3)	not stated	not stated	not stated	not stated	23 June 2024 (day; 'Last updated 23 June 2024 - latest/stable 23 June 2024 - latest/edge', version 0.2.0.0, P1)	undecidable	not stated	not stated	not stated	not stated	not stated	not stated	not stated	not stated	not stated	not stated	P1 https://snapcraft.io/markdowser; P2 https://github.com/Stone-Red-Code/Markdowser; P3 https://raw.githubusercontent.com/Stone-Red-Code/Markdowser/master/README.md; P4 https://github.com/Stone-Red-Code/Markdowser/releases/latest (final URL .../releases/tag/v0.2.0.0); all 2026-10-09	none	Snap Store page (P1): \"(Ownership verified) The publisher has verified that they own this domain. It does not guarantee the Snap is an official upload from the upstream project.\"	V01 passes test 2(a): 'a web browser that renders Markdown instead of HTML'. V03: 'markdowser' contains neither 'markdown' nor a separated function word: none of the above. V04 single program from absence. V08: the text calls it 'a web browser', which is not on the kind list; desktop application coded from 'GitHub (Windows)' and 'Snapcraft (Linux)'. V13a: markdown named, no form named; 'ReverseMarkdown library to convert HTML websites to Markdown' describes its conversion. V15 not stated: 'Enter a URL in the address bar.' and the HTML-to-Markdown conversion imply network use but state none. V12b not stated. V26 not stated: dates only; GitHub 'released this 04 Jun' has no year. V27b undecidable: P1 notice 'This snap hasn't been updated in a while. It might be unmaintained and have stability or security issues.' is a store notice that hedges ('might be'), and the rule codes a stated unmaintained status only; it neither states nor excludes it. V35: '3 stars', '2 forks' not coded. V37 not stated: 'This gets rid of all the clutter and is supposed to make the content more readable' says what the product does, not why it was made.
marked	eligible	Marked 2 - Markdown Preview	markdown token in name; function word in name (Preview)	one program in editions	Writers and authors (\"MultiMarkdown processing is provided for writers\" P1; \"Smart tools for smart writers\"; \"Tools for authors\" P6)	\"GitHub users will appreciate Marked's built in GitHub Flavored Markdown processor\" (P1)	pay or buy (\"Purchase Marked 2 (non-sandboxed) via Paddle.\"; \"Purchase Marked on the Mac App Store.\" P6; button label \"'titles': {'standard': '$13.99'}\" P1); download a file (\"download a free trial and test it out for seven days\"; \"Download Free\" P6); install by a package-manager command (\"brew install --cask marked-app\" P5); install from a store (\"Purchase Marked on the Mac App Store.\" P6)	desktop application (\"Requires macOS 10.13 or later.\" P1)	reader, stated read-only (\"Marked 2 is a previewer (*not an editor*)\" P1)	macOS (\"Requires macOS 10.13 or later.\" P1)	minimum operating-system version named (\"Requires macOS 10.13 or later.\" P1; \"Marked 2 requires macOS 10.12 or later\" P6; \"Requirements: macOS >= 12\" P5)	store install (\"Purchase Marked on the Mac App Store.\" P6); package-manager command (\"brew install --cask marked-app\" P5); copy or unpack a binary (\"Download Free\" P6, kind of file not stated, so only the download act is recorded in V07)	updates itself, stated (\"Current version: 3.2.18,1236 … (auto-updates)\" P5)	GitHub Flavored Markdown (\"Marked's built in GitHub Flavored Markdown processor\" P1); other named flavour (\"MultiMarkdown\"; \"the option to render using Discount\" P6)	not stated	local, stated (\"The application processes your Markdown files locally on your device. We do not collect, store, or transmit your document content to our servers or any third parties.\" P10)	no telemetry or tracking, stated (\"The developer does not collect any data from this app.\" P1); works offline, stated (\"does not require an internet connection for core functionality\" P10); telemetry, analytics or crash reports sent, stated (\"We may collect anonymous usage statistics and crash reports to help us improve the Software.\" P10)	\"13.99 USD\" (structured data P1); \"$14.99\" (\"remains available … for a one-time purchase of $14.99.\" P9); \"$1.99\" (in-app purchase \"Spelling and Grammar check\" P1); \"seven days\" trial (P6)	one-time purchase (\"one-time purchase of $14.99\" P9); free trial, then paid (\"download a free trial and test it out for seven days\" P6)	proprietary or EULA, stated (\"License: Proprietary and commercial\" P4)	not stated	not stated	a copy to download or install (\"download a free trial\" P6)	application store listing (P1); maker's own website (P6, P9); package registry page (P5)	\"Paddle\" (P6); \"Mac App Store\" (P6); \"https://itunes.apple.com/us/app/marked-2/id890031187?ls=1&mt=12\" (P6); \"brew install --cask marked-app\" (P5); \"Download Free\" (P6); count 5	through an application store or marketplace (Mac App Store, P6); through a package repository or package manager (brew, P5); by downloading a release or binary from the maker (\"Download Free\" P6)	free trial, then payment (\"download a free trial and test it out for seven days\" P6; 'isFree': False P1)	checkout or licence key from the maker or a payment processor (\"via Paddle\" P6); purchase through a store or marketplace (\"Purchase Marked on the Mac App Store.\" P6); in-app purchase (\"Spelling and Grammar check\" P1)	not stated	seasonal or dated offer stated (\"Marked 3 is here! Get it now at a discounted launch price.\" P6)	2025-03-11 (day; version 2.6.46 date field, P1; Marked 3.2.18 undated)	not stated	outline, contents or headings sidebar (\"automatically generates a table of contents using headlines in your document for easy navigation\" P6); jump to heading or section (\"Use typeahead search to rapidly jump to any section.\" P6)	search within the document (\"Use typeahead search to rapidly jump to any section.\" P6)	not stated	reloads when the file changes on disk, stated (\"It updates live every time you save your document in your favorite text editor\" P1)	themes provided (\"9 preview styles built in (including GitHub)\" P1); custom stylesheet (\"you can add unlimited custom styles of your own\" P1); light and dark modes; follows the system appearance, stated (\"Dark Mode setting with option to follow system setting\" P1)	export to PDF; export to HTML; export to another named format (\"documents (including HTML, PDF and Word)\" P6)	documentation or guide (\"See the Marked 2 Video Tutorials\" P6)	user, download or install count claimed (\"Installs 45 218 1,191\" for 30, 90 and 365 days, Homebrew cask page P5)	not stated	not stated	P1 https://apps.apple.com/us/app/marked-2-markdown-preview/id890031187?mt=12&uo=4; P2 https://alternativeto.net/software/typora/?p=4 (entry via fetch tool); P3 https://alternativeto.net/software/glow/ (entry via fetch tool); P4 https://alternativeto.net/software/marked/about/ (via fetch tool, quoted strings only); P5 https://formulae.brew.sh/cask/marked-app; P6 https://marked2app.com/; P7 https://support.markedapp.com/ (captured, not quoted); P8 https://marked2app.com/privacy.html; P9 https://markedapp.com/pricing/; P10 https://markedapp.com/privacy/; all 2026-10-09	none		Generations: P1 and P6 are Marked 2; P5, P9, P10 concern Marked 3 (cask 3.2.18); coded together as one row per the profile, conflicts below. V02: listing title coded. V04: Marked 2, Marked 3 and a Marked 3 Pro on the Mac App Store are versions or editions of one program; no other maker program named, coded one program in editions. V05: class 1 from 'writers' and 'authors'; 'GitHub users' is on no class list and goes to V06; 'blogging' is an activity, not a noun naming people. V08: P4 platform tags 'Google Chrome', 'Safari', 'Mozilla Firefox', 'Setapp' appear in a list-entry line and state no product kind, not coded. V10/V11: macOS floor given as 10.13 (P1), 10.12 (P6) and 12 (P5, Marked 3); all quoted, V11 coded once. V11: 'Marked works with Scrivener, Ulysses ...' is compatibility, not a stated requirement. V15: P1 declares no data collected; P10 says 'We may collect anonymous usage statistics and crash reports'; P10 is titled for Marked 3; both coded. V16a/b: Marked 2 listed at 13.99 USD (P1) and $14.99 one-time (P9); Marked 3 prices are in the profile's capture note only as a paraphrase and are not coded; the $1.99 'Spelling and Grammar check' in-app purchase is an add-on feature, not coded as paid upgrade. V17 not stated: the in-app purchase is not stated as required. V26: 'Marked 3 is here! Get it now at a discounted launch price.' (P6) states a launch price with no end date; coded seasonal or dated offer stated at the rule's edge since no date is given. V27a: Marked 3.2.18 has no date. V30 nothing coded: 'open links ... with a long click' names no target and 'embedded images' does not say local or remote. V35: Homebrew analytics counts are the cask page's own field. V37 not stated: 'the result of hundreds of hours of working to bring you the ultimate writing tool' states effort, not a problem or gap.
marked-ql-markdown-preview	eligible	Marked QL - Markdown Preview	markdown token in name; function word in name (Preview)	family of programs	not stated	not stated	pay or buy (button label \"'titles': {'standard': '$9.99'}\" P1; \"App Store — $9.99\" P2); download a file (\"Free Trial\" link to \"https://cdn.markedapp.com/download/MarkedQL.48.zip\"; \"Paddle Direct download\" P2); install from a store (\"App Store — $9.99\" P2)	other kind (\"Marked QL works on its own as a Quick Look extension for Markdown files.\" P2); desktop application (\"Requires macOS 13.0 or later.\" P1)	reader, editing not stated (\"Preview any Markdown file on your Mac with a press of the space bar.\" P1)	macOS (\"Requires macOS 13.0 or later.\" P1, P2)	minimum operating-system version named (\"Requires macOS 13.0 or later\" P2)	store install (\"Mac App Store $9.99 one-time purchase\" P2)	not stated	CommonMark; GitHub Flavored Markdown; other named flavour (\"Marked QL uses Apex, a unified Markdown processor that combines CommonMark, GitHub Flavored Markdown, MultiMarkdown, Kramdown, and more.\"; \"Preview .qmd files with Apex’s Quarto mode for Pandoc-style Markdown.\" P2); front matter (\"Add a Front matter setting to hide metadata or show it as a table or code block\" P1)	not stated	not stated	no telemetry or tracking, stated (\"The developer does not collect any data from this app.\" P1)	\"9.99 USD\" (structured data P1); \"$9.99 one-time\" (\"Paddle Direct download — $9.99 one-time, free trial available\" P2)	one-time purchase (\"$9.99 one-time purchase\" P2); free trial, then paid (\"free trial available\" P2)	not stated	not stated	not stated	a copy to download or install (\"Free Trial\" download P2)	application store listing (P1); maker's own website (P2)	\"Paddle\" (P2); \"Mac App Store $9.99 one-time purchase\" (P2); \"Setapp\" (P2); \"https://cdn.markedapp.com/download/MarkedQL.48.zip\" (P2); count 4	through an application store or marketplace (\"Mac App Store\", \"Setapp\" P2); by downloading a release or binary from the maker (\"Free Trial\" zip, \"Paddle Direct download\" P2)	free trial, then payment (\"free trial available\" P2; 'isFree': False P1)	purchase through a store or marketplace (\"Mac App Store $9.99 one-time purchase\" P2); checkout or licence key from the maker or a payment processor (\"Paddle Direct download — $9.99 one-time\" P2)	per-licence use limit stated (\"Up to six family members can use this app with Family Sharing enabled.\" P1)	not stated	2026-10-07 (day; version 1.0.24 date field, P1)	not stated	jump to heading or section (\"Jump between headings in longer documents without leaving the Quick Look preview.\" P2)	not stated	shows remote images (\"Embed remote http(s) images in Quick Look so CDN and wiki photos show in Spacebar previews\" P1); shows local images (\"Keep Show Local Images access across later previews of the same folder\" P1)	not stated	themes provided (\"Choose preview styles\" P2); custom stylesheet (\"optional custom CSS\" P2); follows the system appearance, stated (\"Preview styles that follow system appearance\" P2)	not stated	documentation or guide (\"Troubleshooting guide\" P2)	not stated	not stated	not stated	P1 https://apps.apple.com/us/app/marked-ql-markdown-preview/id6787414592?mt=12&uo=4; P2 https://markedapp.com/ql/ (final URL of https://markedapp.com/help/quick_look/); P3 http://support.markedapp.com (captured, not quoted); P4 https://markedapp.com/privacy/ (headed for Marked 3, names no Marked QL); P5 https://markedapp.com/pricing/ (captured, not quoted); all 2026-10-09	none		V04: P1 and P2 name 'Marked.app' as a companion and 'Quick Look Doctor' as a free utility, so coded family of programs; the companion is named in 'is a companion to Marked.app, but will work without it'. V05 not stated: no audience noun. V06 not stated: 'Preview any Markdown file on your Mac' is a feature sentence. V08 other kind: 'a Quick Look extension for Markdown files' is an extension to the operating system's quick-preview facility; desktop application coded from the macOS compatibility field. V12a: 'registers as the Quick Look generator ... after installation' is automatic, not coded as an extension-manager step; P2 download of 'MarkedQL.48.zip' names a file, not a method. V13a: Quarto/Pandoc coded under other named flavour. V14 not stated: 'no app to launch, no window to manage' says nothing about files. V15: the linked privacy page (P4) is headed for Marked 3 and names no Marked QL, so its 'anonymous usage statistics and crash reports' sentence is not coded; remote image embedding is named but not stated as the only network use. V19: Family Sharing and '$9.99 one-time purchase' name no per-person or per-device unit. V22: Setapp is named as a place and treated as a marketplace. V24: Setapp has no sale mechanism stated. V07: 'Setapp' is a bare link label; no act coded for it. V33 not stated: P2 FAQ 'Can I use Marked QL from Terminal?' is not an export claim.
markedit	eligible	MarkEdit	function word in name (Edit)	single program	not stated	\"It's just like _TextEdit_ on Mac but dedicated to `Markdown`.\" (purpose phrase, P4)	download a file (\"Get `MarkEdit.dmg` from the\" P4); install by a package-manager command (\"brew install --cask markedit\" P4)	desktop application (\"MarkEdit is a free and open-source Markdown editor, for macOS.\" P4)	editor, rendered view not stated (\"MarkEdit is a free and open-source Markdown editor, for macOS.\" P4)	macOS (\"Markdown editor, for macOS.\" P4)	minimum operating-system version named (\"Platform-macOS_26.0+\" P4; \"Requirements: macOS >= 15\" P6)	run an installer or open a package file (\"Get `MarkEdit.dmg` from the ... open it\" P4); copy or unpack a binary (\"drag `MarkEdit.app` to `Applications`.\" P4); package-manager command (\"brew install --cask markedit\" P4)	updates itself, stated (\"MarkEdit checks for updates automatically\" P4)	GitHub Flavored Markdown (\"MarkEdit strictly follows the [GFM specification]\" P4)	not stated	not stated	no telemetry or tracking, stated (\"Privacy-focused: doesn't collect any user data\" P4)	\"free\" (\"MarkEdit is a free and open-source Markdown editor, for macOS.\" P4)	free (P4)	named open-source licence (\"MIT license\" P3; \"Open Source (MIT) and Free product.\" P2)	not stated	not stated	a copy to download or install (\"Get `MarkEdit.dmg`\" P4)	code repository page (P3); release page (P5); package registry page (Homebrew cask page, P6)	\"latest release\" (P4); \"Homebrew\" (P4); \"brew install --cask markedit\" (P4); \"https://github.com/MarkEdit-app/MarkEdit/releases/download/v1.36.0/MarkEdit-1.36.0.dmg\" (P6); \"tiny.cc/markedit\" (P3); count 5	by downloading a release or binary from the maker (\"Get `MarkEdit.dmg` from the\" P4); through a package repository or package manager (\"brew install --cask markedit\" P4)	nothing paid before use, stated (\"MarkEdit is a free and open-source Markdown editor\" P4)	not stated	not stated	not stated	23 Sep, no year (day and month; 'released this 23 Sep 02:47', v1.36.0, P5)	not stated	folding of sections (\"Complex editing like multi-caret and code folding is built on\" P4)	not stated	not stated	not stated	custom stylesheet (\"Customization is built around CSS, JavaScript, and\" P4)	not stated	issue tracker (\"For bugs, [open an issue]\" P4); documentation or guide (\"Please refer to the [wiki page] ... Manual\" P4)	user, download or install count claimed (\"Installs 1,150 4,810 17,031\" for 30, 90 and 365 days, Homebrew cask page P6)	works with AI agents or tools (\"interested in managing MarkEdit with an AI agent\" P4); AI features in the product (\"Official extensions let you ... write with AI\" P4, attributed to official extensions)	\"MarkEdit is a tool we use every day and keep improving for ourselves.\" (P4, under heading 'Why MarkEdit is free')	P1 https://alternativeto.net/software/typora/?p=4 (entry via fetch tool); P2 https://alternativeto.net/software/markedit/about/ (via fetch tool, quoted strings only); P3 https://github.com/MarkEdit-app/MarkEdit; P4 https://raw.githubusercontent.com/MarkEdit-app/MarkEdit/main/README.md; P5 https://github.com/MarkEdit-app/MarkEdit/releases/latest (final URL .../releases/tag/v1.36.0); P6 https://formulae.brew.sh/cask/markedit; all 2026-10-09	http://tiny.cc/markedit (website link on the repository page) linked, not fetched		V03: 'MarkEdit' has a capital boundary, so 'Edit' counts as a function word; 'Mark' is not a markdown token. V04 single program from absence. V06: 'dedicated to Markdown' is a purpose phrase. V09 coded editor, rendered view not stated: P4 says 'Official extensions let you preview Markdown', which attributes the preview to extensions, not the product. V10/V11: macOS floor stated as 26.0+ (P4 badge), >= 15 (P6 cask) and older-macOS builds 12 to 15 (P4); all quoted, V11 coded once. V12a: 'Get MarkEdit.dmg from the ... open it, and drag MarkEdit.app to Applications' coded as open a package file and copy a binary. V15: 'doesn't collect any user data' says user data, not files, so V14 not stated. V26 not stated: 'checks for updates automatically' is an update method. V27a: the release page shows 'released this 23 Sep 02:47' with no year; Homebrew shows version 1.36.0 with no date; no year-bearing date. V32: 'customize themes' (extension) not coded as themes provided; 'Customization is built around CSS, JavaScript, and' coded custom stylesheet, the sentence is cut in the profile. V36: 'write with AI' is attributed to official extensions. V24 not stated: 'Why MarkEdit is free' states a motive, not that nothing is sold. V37 coded from the first sentence under the heading 'Why MarkEdit is free'. V35: stars and forks not coded.
marker	eligible	Marker	none of the above	single program	not stated	not stated	install from a store (Flathub button \"Install\" P3); install by a package-manager command (\"sudo snap install marker\" P7); clone or build from source (\"$ git clone https://github.com/fabiocolacio/Marker.git\"; \"$ sudo ninja install\" P5); download a file (\"users are recommended download [release tarball]\" P5); sponsor or donate (\"please donate below!\" P5)	desktop application (\"Marker is a markdown editor for linux made with GTK+-3.0\"; \"Native GTK+3 application\" P5)	editor with rendered view (\"View and edit markdown documents\" P5; \"dual-pane live preview\" P2)	Linux (\"Marker is a markdown editor for linux\" P5)	build toolchain named (\"meson >= 0.37.0 (install only)\"; \"gtk3-devel >= 3.20\" P5)	store install (Flathub \"Install\" P3); package-manager command (\"sudo snap install marker\" P7; Fedora, Arch Linux official package, Ubuntu PPA links P5); build or run from source (\"$ sudo ninja install\" P5)	not stated	other named flavour (\"HTML and LaTeX conversion of markdown documents with [scidown]\" P5); front matter (\"Support for YAML headers\" P5)	not stated	not stated	not stated	\"Free\" (P3)	free (P3); donation or sponsorship invited, use free (\"If you like Marker and would like to support the development of this project, please donate below!\" P5)	named open-source licence (\"GPL-3.0 license\" P4; \"License GPL-3.0-only\" P7)	not stated	not stated	a copy to download or install (Flathub \"Install\" P3)	application store listing (Flathub P3, Snap Store P7); code repository page (P4); release page (P6)	\"Flathub\"; \"Arch Linux AUR\"; \"Arch Linux official package\"; \"Fedora\"; \"Ubuntu PPA Stable\"; \"Ubuntu PPA Daily builds\"; \"Snap Store\"; \"release tarball\" (all P5); \"https://github.com/flathub/com.github.fabiocolacio.marker\" (Manifest link, P3); count 9	through an application store or marketplace (Flathub, Snap Store); through a package repository or package manager (AUR, Arch, Fedora, PPA, snap); by downloading a release or binary from the maker (\"release tarball\"); by cloning or downloading source and running or building it (\"$ git clone https://github.com/fabiocolacio/Marker.git\") (P5, P7)	undecidable	sponsorship or donation platform (\"## Donations/Tips\"; \"please donate below!\" P5)	not stated	not stated	27 January 2024 (day; Snap Store 'latest/edge' line, P7); latest release 2023.05.02 (P6)	undecidable	outline, contents or headings sidebar (\"Table of Contents\" P5, kind not stated)	not stated	not stated	not stated	themes provided (\"Add GitHub dark theme\" P3); custom stylesheet (\"Custom CSS themes\" P5)	export to PDF; export to HTML; export to another named format (\"HTML and LaTeX conversion\"; \"Flexible export options with [pandoc]\"; \"PDF\", \"RTF\", \"ODT\", \"DOCX\" P5)	issue tracker (Flathub \"Report an Issue\" link P3; Snap \"Report a bug\" P7)	user, download or install count claimed (\"533 Downloads/Month\" P3)	not stated	not stated	P1 https://alternativeto.net/software/typora/?p=9 (entry via fetch tool); P2 https://alternativeto.net/software/marker-by-f-bio-colacio/about/ (via fetch tool, quoted strings only); P3 https://flathub.org/apps/com.github.fabiocolacio.marker (final URL https://flathub.org/en/apps/com.github.fabiocolacio.marker); P4 https://github.com/fabiocolacio/Marker; P5 https://raw.githubusercontent.com/fabiocolacio/Marker/master/README.md; P6 https://github.com/fabiocolacio/Marker/releases/latest (final URL .../releases/tag/2023.05.02); P7 https://snapcraft.io/marker; all 2026-10-09	https://fabiocolacio.github.io/Marker/ HTTP 301 to https://fabiocolacio.xyz/Marker/ then curl exit 60 (certificate verification failed), no text; https://github.com/soumyaDghosh/marker-snap linked, not fetched; https://alternativeto.net/software/marker/about/ HTTP 404 (first guess, not a product page)	Flathub (P3): \"Unverified\"; \"This community-provided package is not verified by, affiliated with, or supported by Fábio Colácio.\" Snap Store (P7): \"Star developer\"; \"(Ownership verified) The publisher has verified that they own this domain. It does not guarantee the Snap is an official upload from the upstream project.\"	V02: Flathub title 'Marker'; Snap and README agree. V03 none: 'Marker' has no markdown token or function word. V04 single program from absence. V09: 'View and edit markdown documents' (P3, P5) plus P2 'dual-pane live preview'. V11: README lists 'meson >= 0.37.0 (install only)', 'gtk3-devel >= 3.20', 'webkitgtk4-devel', 'pandoc' under building from source; coded build toolchain named; pandoc appears optional ('Hide unsupported formats when pandoc is unavailable'). V12a: Fedora, Arch and Ubuntu PPA links coded as package-manager route. V13a: 'scidown' is named as the markdown parser; coded other named flavour. V23 undecidable: P3 'Free' codes nothing paid before use and P5 'please donate below' codes donation invited, not required; the rule gives one value and does not rank them. V24: PayPal appears in the profile as an image link, so only 'Donations/Tips' and 'please donate below' are coded. V27a: Snap line 'Last updated 18 June 2023 - latest/stable 27 January 2024 - latest/edge'; release 2023.05.02 ('released this 02 May'). V27b undecidable: P7 notice 'It might be unmaintained and have stability or security issues' hedges. V28: 'Table of Contents' is a bare feature-list item, inserted or sidebar not stated. V30: 'External document inclusion' and 'Internal references' state no click behaviour, not coded. V35: stars and forks not coded; Flathub '533 Downloads/Month' coded.
markflow-read-markdown-files	eligible	MarkFlow:Read Markdown files	markdown token in name; function word in name (Read)	one program in editions	not stated	\"built for reading MD and README files with a comfortable, book-like layout\" (P1); \"whether you are browsing documentation, reading a README, or reviewing notes\" (P1)	install from a store (button label \"'titles': {'standard': 'Get'}\" P1)	mobile application; desktop application (\"Requires iOS 13.0 or later.\" \"Requires macOS 10.15 or later.\" P1)	reader, editing not stated (\"MarkReader is a clean, fast Markdown reader\" P1)	iOS; iPadOS; macOS (\"Requires iOS 13.0 or later.\" \"Requires iPadOS 13.0 or later.\" \"Requires macOS 10.15 or later.\" P1)	minimum operating-system version named (\"Requires iOS 13.0 or later.\" P1)	not stated	not stated	GitHub Flavored Markdown; tables; task lists (\"Full GitHub Flavored Markdown (GFM) — headings, bold, italic, strikethrough, blockquotes, tables, task lists, and more\" P1); footnotes (\"Footnotes rendering\" P1); raw HTML (\"HTML tags support — text styles, links, images, lists, tables, and more\" P1)	not stated	local, stated (\"All files are stored locally on your device in the app's secure storage. They are not uploaded to any cloud service or server.\" P3; \"All your documents and settings remain on your device\" P2)	works offline, stated (\"Markdown Reader works completely offline.\" P3); no telemetry or tracking, stated (\"We don't collect any data. Everything stays on your device.\" P3); telemetry, analytics or crash reports sent, stated (\"We use Firebase Analytics to collect anonymous usage data\"; \"Crash reports\" P2; privacy label \"Data Not Linked to You\": \"Purchases\", \"Usage Data\" P1)	\"0 USD\" (P1); \"$12.99\" (in-app purchase \"Lifetime Access\"); \"$19.99\" (\"Yearly Premium\"); \"$2.99\" (\"Monthly Premium\") (all P1)	free with paid tier or features (\"'hasInAppPurchases': True, 'isFree': True\" P1); subscription (\"Introducing MarkFlow Pro subscription\"; \"Added yearly subscription option\" P1)	not stated	not stated	not stated	a copy to download or install (\"Get\" button P1)	application store listing (P1)	\"App Store\" (title tag 'MarkFlow:Read Markdown files App - App Store' P1); count 1	through an application store or marketplace (App Store, P1)	free use, payment for more (\"'hasInAppPurchases': True, 'isFree': True\" P1)	in-app purchase (field \"In-App Purchases\" value \"Yes\" P1)	not stated	not stated	2026-04-27 (day; version 1.4.0 date field, P1)	not stated	outline, contents or headings sidebar (\"Table of contents (TOC) / outline generated from headings\" P1); scroll position kept or synchronised (\"Automatically saves your reading position and restores it when you reopen the document\" P1); bookmarks (\"Favorites/Bookmarks\" P1)	search within the document (\"Search within the current document and jump between matches\" P1)	opens web links in the browser (\"Tap links in documents to open them directly in your browser.\" P1)	not stated	themes provided (\"6 beautiful new reading themes added, now 18 themes available\" P1); light and dark modes (\"Dark mode\" P1); font or size choice (\"adjustable text size\" P1)	not stated	documentation or guide (\"Markdown Reader Support Get help and learn how to make the most of your Markdown reading experience\" P3)	rating or review score shown on the listing (\"4 Ratings\"; \"ratingAverage\": 4.5 P1)	not stated	not stated	P1 https://apps.apple.com/us/app/markflow-read-markdown-files/id6755079420?uo=4; P2 https://yuwang001.github.io/xm/mf_privacy_policy.html; P3 https://static-mp-b64b9492-5a27-4038-9057-c54b82bb2aa1.next.bspapp.com/support2.html; P4 https://www.apple.com/legal/internet-services/itunes/dev/stdeula/ (captured, not quoted); all 2026-10-09	none		V02: listing title coded; description calls it 'MarkReader', privacy page 'markReader', support page 'Markdown Reader'. V04: 'Introducing MarkFlow Pro subscription' (P1) names a Pro tier, coded one program in editions. V05 not stated: 'optimized for focused reading, whether you are browsing documentation, reading a README, or reviewing notes' names purposes, not people. V09 coded reader, editing not stated: P3 says 'Currently, Markdown Reader is focused on providing the best reading experience. Editing features may be added in future updates.', which implies no editing now but does not say read-only. V10: visionOS 1.0 named, not on the list. V13a: P3 adds '.txt files containing Markdown formatting', not a form. V14: 'Files opened from URLs are fetched directly to your device' is a fetch, coded alongside the local statements. V15: P1 privacy label (developer declaration) lists Purchases and Usage Data, P2 says Firebase Analytics usage data and crash reports, P3 says 'We don't collect any data.'; all three coded, they disagree. V16b: 'Lifetime Access' ($12.99) is not stated as one-time, so one-time purchase is not coded; Yearly and Monthly Premium code subscription. V19: 'Lifetime Access', 'Yearly Premium', 'Monthly Premium' name no per-person or per-device unit; coded from the Get button. V21 count 1: the support link and 'iCloud Drive or another cloud service' (for syncing files) are not places to get the product. V28 bookmarks: 'Favorites/Bookmarks - Bookmark your frequently used documents' bookmarks documents, not positions in one document; coded because the text names bookmarks. V30: 'Tap images to view fullscreen' does not say local or remote. V37 not stated.
markflowy	eligible	MarkFlowy	none of the above	single program	not stated	not stated	download a file (\"Download Now\" P4; \"[Download](https://github.com/drl990114/MarkFlowy/releases/latest)\" P7); open in a browser (\"Try online\" P4); install by a package-manager command (\"flatpak install flatpark io.github.drl990114.MarkFlowy\" P7)	desktop application (\"MarkFlowy is a local-first Markdown editor for macOS, Windows, and Linux.\" P7); service (\"Web App Beta\"; \"Try online\" P4)	editor with rendered view (\"Switch between visual editing, Markdown source, and reading mode.\" P7)	macOS; Windows; Linux (\"MarkFlowy is a local-first Markdown editor for macOS, Windows, and Linux.\" P7)	not stated	run an installer or open a package file (\"Install a package for your platform from [GitHub Releases]\" P7); package-manager command (\"flatpak install flatpark io.github.drl990114.MarkFlowy\" P7); copy or unpack a binary (\"`MarkFlowy_v<version>_x64_portable.zip` — unpack and run, no installation.\" P7)	not stated	tables; task lists; math; diagrams (\"Work with tables, task lists, code, math, Mermaid diagrams, and reusable snippets.\" P7)	not stated	local by default, optional upload stated (\"Local editing works without an account or an AI provider.\"; \"Cloud AI and remote endpoints receive the context sent to them.\" P7)	works offline, stated (AlternativeTo features \"Works Offline\" P3)	\"Free\" (AlternativeTo list entry \"Free\" \"Open Source (AGPL-3.0)\" P3)	free (P3)	named open-source licence (\"AGPL-3.0 license\" P6; \"AGPL-3.0\" P3)	own API key or service account required, stated (\"Chat, summarize, translate, or enable Copilot with your configured provider: OpenAI-compatible services, DeepSeek, Google, or Ollama.\" P7)	not stated	a copy to download or install (\"Download Now\" P4)	maker's own website (P4, P5); code repository page (P6); release page (P8)	\"GitHub Releases\" (P7); \"FlatPark\" (P7); \"https://flatpark.org/apps/io.github.drl990114.MarkFlowy\" (P7); \"[Website](https://www.markflowy.cc)\" (P7); \"Download\" (P4); \"Official website: https://markflowy.vercel.app\" (P3); count 6	by downloading a release or binary from the maker (\"GitHub Releases\" P7); through a package repository or package manager (FlatPark, flatpak install P7); by opening it in a browser (\"Try online\" P4)	nothing paid before use, stated (\"Free\" P3)	not stated	not stated	not stated	Oct 19, 2023 (day; AlternativeTo 'last updated on Oct 19, 2023', a listing update, P3); GitHub v1.0.0 'released this 05 Oct' has no year (P8)	not stated	outline, contents or headings sidebar (\"follow the document outline\" P4); bookmarks (\"navigate with bookmarks and an outline\" P7)	search across files or a folder (\"Quick Open and workspace search help you return to an idea.\" P7)	not stated	reloads when the file changes on disk, stated (\"handle changes made by other applications\" P7)	themes provided; light and dark modes (\"Choose light or dark themes\" P7); font or size choice (\"customize shortcuts and typography\" P7)	export to HTML; export to another named format (\"Export HTML or images ... install Pandoc for DOCX, ODT, and EPUB.\" P7); print (\"print to PDF\" P7)	documentation or guide (\"The [user guide](./docs/en/intro.md) covers editing, search, history, export, and common shortcuts.\" P7)	not stated	AI features in the product (\"Chat, summarize, translate, or enable Copilot with your configured provider\" P7); works with AI agents or tools (\"Your AI assistant can use the official Skill to open, save, and export documents in MarkFlowy.\" P4)	\"Actually, the initial inspiration for MarkFlowy stemmed from a casual conversation with a friend a few years ago.\" (P7, under heading 'Why')	P1 https://alternativeto.net/software/typora/?p=4 (entry via fetch tool); P2 https://alternativeto.net/software/marked/ (entry via fetch tool); P3 https://www.alternativeto.net/software/markflowy/about/ (via fetch tool, quoted strings only); P4 https://markflowy.vercel.app; P5 https://www.markflowy.cc; P6 https://github.com/drl990114/markflowy; P7 https://raw.githubusercontent.com/drl990114/markflowy/main/README.md; P8 https://github.com/drl990114/MarkFlowy/releases/latest (final URL .../releases/tag/v1.0.0); all 2026-10-09	none		V02: README heading coded; P3 page title 'MarkFlowy: Modern markdown editor application, Build fast and efficient workflows'. V03 none of the above: 'MarkFlowy' has capital boundaries but 'Mark' and 'Flowy' are not tokens on the lists. V04 single program from absence. V06 not stated: 'Write with ease. Stay in flow.' is a tagline. V08: 'Web App Beta' and 'Try online' (P4) code service. V11 not stated: 'Local inference requires a local Ollama endpoint and a local model' and 'install Pandoc for DOCX, ODT, and EPUB' are feature-level requirements, not needed to run the product. V12a: 'sh install-linux.sh' names a script and is not mapped to a value. V14: coded local by default, optional upload from 'Local editing works without an account or an AI provider.' plus 'Cloud AI and remote endpoints receive the context sent to them.'; the first quote is an edge reading of 'works on local files without a server'. V15: network use for AI is stated but not as 'only', so network used for named features is not coded. V16a: 'Free' appears only in the AlternativeTo list entry (P3). V17 coded from 'with your configured provider'; the text does not say 'key'. V27a: GitHub release shows 'released this 05 Oct' with no year; the AlternativeTo date is a listing update. V32: 'create themes with the visual editor' not coded as custom stylesheet. V33: 'print to PDF' coded print only (rule's print-to-PDF case). V35 not stated: stars, forks and '12 likes' are not counts of users or ratings. V37 coded from the first sentence under heading 'Why'.
markie	eligible	Markie	none of the above	single program	not stated	not stated	download a file (\"latest release\"; link \"http://www.codeboje.de/downloads/Markie.zip\" P4); sponsor or donate (\"please considering making a small donation to support further development\" P4)	desktop application (AlternativeTo platform tags \"Mac\" \"Windows\" \"Linux\" P3)	editor with rendered view (\"Edit markdown in a left panel\" P4; \"html preview of your own css\" P3)	macOS; Windows; Linux (AlternativeTo list entry: \"Free Open Source Discontinued \"Mac\" \"Windows\" \"Linux\"\" P3)	runtime or interpreter named (\"Markie requires the markdown modules Markdown\"; \"and of course Python\" P4)	build or run from source (\"Unzip and run Markie.py\" P4)	not stated	markdown named, no form named (\"Edit markdown in a left panel\" P4)	not stated	not stated	not stated	\"Free\" (AlternativeTo list entry P3)	free (P3); donation or sponsorship invited, use free (\"If you enjoy using Markie, please considering making a small donation to support further development.\" P4)	named open-source licence (\"BSD, do whatever you want with it.\" P4)	not stated	not stated	a copy to download or install (\"http://www.codeboje.de/downloads/Markie.zip\" P4)	maker's own website (P4)	\"latest sources\"; \"latest release\"; \"http://www.codeboje.de/downloads/Markie.zip\"; \"https://matrixfse.googlecode.com/svn/trunk/Markie/\" (all P4); count 4	by downloading a release or binary from the maker (\"Markie.zip\" P4); by cloning or downloading source and running or building it (\"latest sources\"; \"Unzip and run Markie.py\" P4)	undecidable	sponsorship or donation platform (\"If you enjoy using Markie, please considering making a small donation ... See the Donation\" P4)	not stated	not stated	31.01.2008 (day; \"Last Update: 31.01.2008. By Kerim\" P4)	archived, deprecated or unmaintained, stated (AlternativeTo list entry \"Discontinued\" P3)	not stated	not stated	not stated	not stated	custom stylesheet (\"html preview of your own css\" P3)	export to HTML (\"Either store the html only or the complete page (including css etc..)\" P4)	email or contact form (\"Impressum / Contact\" P4)	not stated	not stated	\"Ever since Azarai switched to Django and Markdown i spent too much time trying to make a blog entry look nice.\" (P4)	P1 https://alternativeto.net/software/typora/?p=10 (entry via fetch tool); P2 https://alternativeto.net/software/marked/?p=6 and https://alternativeto.net/software/glow/?p=4 (entries via fetch tool); P3 https://alternativeto.net/software/markie/about (via fetch tool, summary and one quoted line); P4 https://codeboje.de/wysiwyg-markdown-editor/; P5 http://codeboje.de/wysiwyg-markdown-editor/; all 2026-10-09	none		V02: coded the AlternativeTo list entry title 'Markie'; the maker page title is 'Markie - A Simple Markdown Editor - codeboje'. V03 none of the above (title 'Markie'). V04 single program from absence. V06 not stated: 'A Simple Markdown Editor' is a tagline. V07: link labels 'latest release' and 'latest sources' are captured; 'latest sources' (a Subversion trunk link) is not an install instruction, so clone or build is not coded. V08: desktop application coded from the AlternativeTo platform tags 'Mac' 'Windows' 'Linux' (P3); text calls it 'a wysiwyg editor ... written entirely in python'. V10: P4 'Preview the generated html in the iexplorer (windows only)' is a feature note. V11: 'Markie requires the markdown modules Markdown' and 'and of course Python' coded runtime named. V16a/b: no price text on P4; 'Free' only in the AlternativeTo list entry (P3), coded. V23 undecidable: P3 'Free' codes nothing paid before use and P4 'please considering making a small donation' codes donation invited, not required; the rule gives one value and does not rank them (same case as marker). V27b coded from the AlternativeTo 'Discontinued' tag and the maker's alpha statement; V27a is the maker page's 'Last Update'. V31 not stated: preview options listed, nothing about file changes. V37 coded from the first sentence of the maker page's origin paragraph.
